npm verbose cli h:\coding\node-v20\node-v20.18.0-win-x64\node.exe h:\coding\node-v20\node-v20.18.0-win-x64\node_modules\npm\bin\npm-cli.js
npm info using npm@10.8.2
npm info using node@v20.18.0
npm verbose title npm install
npm verbose argv "install" "--loglevel" "verbose"
npm verbose logfile logs-max:10 dir:C:\Users\deco\AppData\Local\npm-cache\_logs\2026-08-25T18_23_38_875Z-
npm verbose logfile C:\Users\deco\AppData\Local\npm-cache\_logs\2026-08-25T18_23_38_875Z-debug-0.log
npm http fetch GET 200 https://registry.npmjs.org/@strapi%2fdatabase 79ms (cache hit)
npm http fetch GET 200 https://registry.npmjs.org/@strapi%2fplugin-cloud 80ms (cache hit)
npm http fetch GET 200 https://registry.npmjs.org/@strapi%2fadmin 146ms (cache hit)
npm http fetch GET 200 https://registry.npmjs.org/@strapi%2fdata-transfer 56ms (cache hit)
npm http fetch GET 200 https://registry.npmjs.org/react 28ms (cache hit)
npm http fetch GET 200 https://registry.npmjs.org/react-dom 41ms (cache hit)
npm http fetch GET 200 https://registry.npmjs.org/react-router-dom 54ms (cache hit)
npm http fetch GET 200 https://registry.npmjs.org/styled-components 22ms (cache hit)
npm http fetch GET 200 https://registry.npmjs.org/react-native 91ms (cache hit)
npm http fetch GET 200 https://registry.npmjs.org/@types%2freact 129ms (cache hit)
npm http fetch GET 200 https://registry.npmjs.org/@types%2freact 52ms (cache hit)
npm http fetch GET 200 https://registry.npmjs.org/react 170ms (cache hit)
npm http fetch GET 200 https://registry.npmjs.org/@strapi%2fstrapi 203ms (cache hit)
npm http fetch GET 200 https://registry.npmjs.org/@strapi%2fplugin-users-permissions 127ms (cache hit)
npm http fetch GET 200 https://registry.npmjs.org/better-sqlite3 55ms (cache hit)
npm http fetch GET 200 https://registry.npmjs.org/@types%2fnode 66ms (cache hit)
npm http fetch GET 200 https://registry.npmjs.org/@types%2freact-dom 14ms (cache hit)
npm http fetch GET 200 https://registry.npmjs.org/typescript 120ms (cache hit)
npm http fetch GET 200 https://registry.npmjs.org/ajv 39ms (cache hit)
npm http fetch GET 200 https://registry.npmjs.org/lodash 67ms (cache hit)
npm http fetch GET 200 https://registry.npmjs.org/knex 87ms (cache hit)
npm http fetch GET 200 https://registry.npmjs.org/debug 127ms (cache hit)
npm http fetch GET 200 https://registry.npmjs.org/semver 147ms (cache hit)
npm http fetch GET 200 https://registry.npmjs.org/fs-extra 157ms (cache hit)
npm http fetch GET 200 https://registry.npmjs.org/date-fns 192ms (cache hit)
npm http fetch GET 200 https://registry.npmjs.org/@paralleldrive%2fcuid2 269ms (cache hit)
npm http fetch GET 200 https://registry.npmjs.org/@strapi%2fdesign-system 198ms (cache hit)
npm http fetch GET 200 https://registry.npmjs.org/ora 285ms (cache hit)
npm http fetch GET 200 https://registry.npmjs.org/@strapi%2futils 471ms (cache hit)
npm http fetch GET 200 https://registry.npmjs.org/@strapi%2ficons 647ms (cache hit)
npm http fetch GET 200 https://registry.npmjs.org/yup 517ms (cache hit)
npm http fetch GET 200 https://registry.npmjs.org/react-intl 808ms (cache hit)
npm http fetch GET 200 https://registry.npmjs.org/boxen 594ms (cache hit)
npm http fetch GET 200 https://registry.npmjs.org/chalk 577ms (cache hit)
npm http fetch GET 200 https://registry.npmjs.org/execa 279ms (cache hit)
npm http fetch GET 200 https://registry.npmjs.org/vite 911ms (cache hit)
npm http fetch GET 200 https://registry.npmjs.org/pkg-up 1073ms (cache hit)
npm http fetch GET 200 https://registry.npmjs.org/dotenv 1240ms (cache hit)
npm http fetch GET 200 https://registry.npmjs.org/ci-info 1095ms (cache hit)
npm http fetch GET 200 https://registry.npmjs.org/nodemon 1178ms (cache hit)
npm http fetch GET 200 https://registry.npmjs.org/inquirer 320ms (cache hit)
npm http fetch GET 200 https://registry.npmjs.org/outdent 1226ms (cache hit)
npm http fetch GET 200 https://registry.npmjs.org/chokidar 354ms (cache hit)
npm http fetch GET 200 https://registry.npmjs.org/webpack 1297ms (cache hit)
npm http fetch GET 200 https://registry.npmjs.org/prettier 544ms (cache hit)
npm http fetch GET 200 https://registry.npmjs.org/commander 595ms (cache hit)
npm http fetch GET 200 https://registry.npmjs.org/cli-table3 497ms (cache hit)
npm http fetch GET 200 https://registry.npmjs.org/read-pkg-up 458ms (cache hit)
npm http fetch GET 200 https://registry.npmjs.org/typescript 587ms (cache hit)
npm http fetch GET 200 https://registry.npmjs.org/css-loader 1020ms (cache hit)
npm http fetch GET 200 https://registry.npmjs.org/@strapi%2fcore 762ms (cache hit)
npm http fetch GET 200 https://registry.npmjs.org/@strapi%2fi18n 1061ms (cache hit)
npm http fetch GET 200 https://registry.npmjs.org/browserslist 1148ms (cache hit)
npm http fetch GET 200 https://registry.npmjs.org/cli-progress 1203ms (cache hit)
npm http fetch GET 200 https://registry.npmjs.org/resolve-from 675ms (cache hit)
npm http fetch GET 200 https://registry.npmjs.org/concurrently 1213ms (cache hit)
npm http fetch GET 200 https://registry.npmjs.org/style-loader 676ms (cache hit)
npm http fetch GET 200 https://registry.npmjs.org/@strapi%2femail 490ms (cache hit)
npm http fetch GET 200 https://registry.npmjs.org/@strapi%2ftypes 467ms (cache hit)
npm http fetch GET 200 https://registry.npmjs.org/git-url-parse 603ms (cache hit)
npm http fetch GET 200 https://registry.npmjs.org/react-refresh 640ms (cache hit)
npm http fetch GET 200 https://registry.npmjs.org/@strapi%2fupload 888ms (cache hit)
npm http fetch GET 200 https://registry.npmjs.org/@strapi%2flogger 1074ms (cache hit)
npm http fetch GET 200 https://registry.npmjs.org/@types%2fnodemon 1275ms (cache hit)
npm http fetch GET 200 https://registry.npmjs.org/esbuild-loader 1085ms (cache hit)
npm http fetch GET 200 https://registry.npmjs.org/esbuild-register 818ms (cache hit)
npm http fetch GET 200 https://registry.npmjs.org/@strapi%2fopenapi 855ms (cache hit)
npm http fetch GET 200 https://registry.npmjs.org/@strapi%2fcloud-cli 649ms (cache hit)
npm http fetch GET 200 https://registry.npmjs.org/@strapi%2fgenerators 636ms (cache hit)
npm http fetch GET 200 https://registry.npmjs.org/get-latest-version 538ms (cache hit)
npm http fetch GET 200 https://registry.npmjs.org/html-webpack-plugin 509ms (cache hit)
npm http fetch GET 200 https://registry.npmjs.org/@strapi%2fpermissions 574ms (cache hit)
npm http fetch GET 200 https://registry.npmjs.org/webpack-dev-middleware 689ms (cache hit)
npm http fetch GET 200 https://registry.npmjs.org/webpack-hot-middleware 637ms (cache hit)
npm http fetch GET 200 https://registry.npmjs.org/browserslist-to-esbuild 260ms (cache hit)
npm http fetch GET 200 https://registry.npmjs.org/webpack-bundle-analyzer 247ms (cache hit)
npm http fetch GET 200 https://registry.npmjs.org/mini-css-extract-plugin 277ms (cache hit)
npm http fetch GET 200 https://registry.npmjs.org/@strapi%2fcontent-manager 584ms (cache hit)
npm http fetch GET 200 https://registry.npmjs.org/@strapi%2fcontent-releases 300ms (cache hit)
npm http fetch GET 200 https://registry.npmjs.org/@strapi%2ftypescript-utils 519ms (cache hit)
npm http fetch GET 200 https://registry.npmjs.org/@pmmmwh%2freact-refresh-webpack-plugin 485ms (cache hit)
npm http fetch GET 200 https://registry.npmjs.org/@vitejs%2fplugin-react-swc 689ms (cache hit)
npm http fetch GET 200 https://registry.npmjs.org/@strapi%2freview-workflows 752ms (cache hit)
npm http fetch GET 200 https://registry.npmjs.org/qs 413ms (cache hit)
npm http fetch GET 200 https://registry.npmjs.org/@strapi%2fcontent-type-builder 875ms (cache hit)
npm http fetch GET 200 https://registry.npmjs.org/fork-ts-checker-webpack-plugin 1027ms (cache hit)
npm http fetch GET 200 https://registry.npmjs.org/koa 453ms (cache hit)
npm http fetch GET 200 https://registry.npmjs.org/zod 489ms (cache hit)
npm http fetch GET 200 https://registry.npmjs.org/sift 588ms (cache hit)
npm http fetch GET 200 https://registry.npmjs.org/axios 469ms (cache hit)
npm http fetch GET 200 https://registry.npmjs.org/immer 506ms (cache hit)
npm http fetch GET 200 https://registry.npmjs.org/p-map 375ms (cache hit)
npm http fetch GET 200 https://registry.npmjs.org/formik 338ms (cache hit)
npm http fetch GET 200 https://registry.npmjs.org/rimraf 231ms (cache hit)
npm http fetch GET 200 https://registry.npmjs.org/motion 373ms (cache hit)
npm http fetch GET 200 https://registry.npmjs.org/bcryptjs 229ms (cache hit)
npm http fetch GET 200 https://registry.npmjs.org/sonner 290ms (cache hit)
npm http fetch GET 200 https://registry.npmjs.org/cross-env 176ms (cache hit)
npm http fetch GET 200 https://registry.npmjs.org/react-is 240ms (cache hit)
npm http fetch GET 200 https://registry.npmjs.org/invariant 431ms (cache hit)
npm http fetch GET 200 https://registry.npmjs.org/pluralize 440ms (cache hit)
npm http fetch GET 200 https://registry.npmjs.org/react-dnd 396ms (cache hit)
npm http fetch GET 200 https://registry.npmjs.org/codemirror 420ms (cache hit)
npm http fetch GET 200 https://registry.npmjs.org/scheduler 566ms (cache hit)
npm http fetch GET 200 https://registry.npmjs.org/koa-static 696ms (cache hit)
npm http fetch GET 200 https://registry.npmjs.org/koa-compose 403ms (cache hit)
npm http fetch GET 200 https://registry.npmjs.org/react-query 442ms (cache hit)
npm http fetch GET 200 https://registry.npmjs.org/react-redux 483ms (cache hit)
npm http fetch GET 200 https://registry.npmjs.org/highlight.js 466ms (cache hit)
npm http fetch GET 200 https://registry.npmjs.org/jsonwebtoken 358ms (cache hit)
npm http fetch GET 200 https://registry.npmjs.org/react-select 210ms (cache hit)
npm http fetch GET 200 https://registry.npmjs.org/koa-passport 240ms (cache hit)
npm http fetch GET 200 https://registry.npmjs.org/react-window 236ms (cache hit)
npm http fetch GET 200 https://registry.npmjs.org/@casl%2fability 120ms (cache hit)
npm http fetch GET 200 https://registry.npmjs.org/json-logic-js 110ms (cache hit)
npm http fetch GET 200 https://registry.npmjs.org/koa2-ratelimit 84ms (cache hit)
npm http fetch GET 200 https://registry.npmjs.org/passport-local 80ms (cache hit)
npm http fetch GET 200 https://registry.npmjs.org/fast-deep-equal 62ms (cache hit)
npm http fetch GET 200 https://registry.npmjs.org/@reduxjs%2ftoolkit 48ms (cache hit)
npm http fetch GET 200 https://registry.npmjs.org/is-localhost-ip 68ms (cache hit)
npm http fetch GET 200 https://registry.npmjs.org/fractional-indexing 55ms (cache hit)
npm http fetch GET 200 https://registry.npmjs.org/use-context-selector 65ms (cache hit)
npm http fetch GET 200 https://registry.npmjs.org/@testing-library%2fdom 86ms (cache hit)
npm http fetch GET 200 https://registry.npmjs.org/@testing-library%2freact 102ms (cache hit)
npm http fetch GET 200 https://registry.npmjs.org/@internationalized%2fdate 134ms (cache hit)
npm http fetch GET 200 https://registry.npmjs.org/@radix-ui%2freact-context 176ms (cache hit)
npm http fetch GET 200 https://registry.npmjs.org/@radix-ui%2freact-toolbar 187ms (cache hit)
npm http fetch GET 200 https://registry.npmjs.org/react-dnd-html5-backend 208ms (cache hit)
npm http fetch GET 200 https://registry.npmjs.org/@testing-library%2fuser-event 208ms (cache hit)
npm http fetch GET 200 https://registry.npmjs.org/ws 214ms (cache hit)
npm http fetch GET 200 https://registry.npmjs.org/tar-stream 129ms (cache hit)
npm http fetch GET 200 https://registry.npmjs.org/mime-types 156ms (cache hit)
npm http fetch GET 200 https://registry.npmjs.org/tar 225ms (cache hit)
npm http fetch GET 200 https://registry.npmjs.org/resolve-cwd 139ms (cache hit)
npm http fetch GET 200 https://registry.npmjs.org/stream-json 123ms (cache hit)
npm http fetch GET 200 https://registry.npmjs.org/stream-chain 88ms (cache hit)
npm http fetch GET 200 https://registry.npmjs.org/stylis 77ms (cache hit)
npm http fetch GET 200 https://registry.npmjs.org/css-to-react-native 73ms (cache hit)
npm http fetch GET 200 https://registry.npmjs.org/csstype 86ms (cache hit)
npm http fetch GET 200 https://registry.npmjs.org/@emotion%2fis-prop-valid 75ms (cache hit)
npm http fetch GET 200 https://registry.npmjs.org/react-router 111ms (cache hit)
npm http fetch GET 200 https://registry.npmjs.org/@remix-run%2frouter 182ms (cache hit)
npm http fetch GET 200 https://registry.npmjs.org/loose-envify 171ms (cache hit)
npm http fetch GET 200 https://registry.npmjs.org/url-join 156ms (cache hit)
npm http fetch GET 200 https://registry.npmjs.org/loose-envify 173ms (cache hit)
npm http fetch GET 200 https://registry.npmjs.org/scheduler 212ms (cache hit)
npm http fetch GET 200 https://registry.npmjs.org/prop-types 293ms (cache hit)
npm http fetch GET 200 https://registry.npmjs.org/undici-types 190ms (cache hit)
npm http fetch GET 200 https://registry.npmjs.org/@types%2fprop-types 180ms (cache hit)
npm http fetch GET 200 https://registry.npmjs.org/prebuild-install 162ms (cache hit)
npm http fetch GET 200 https://registry.npmjs.org/bindings 170ms (cache hit)
npm http fetch GET 200 https://registry.npmjs.org/react 54ms (cache hit)
npm http fetch GET 200 https://registry.npmjs.org/react-dom 92ms (cache hit)
npm http fetch GET 200 https://registry.npmjs.org/@types%2fhoist-non-react-statics 50ms (cache hit)
npm http fetch GET 200 https://registry.npmjs.org/@types%2freact 26ms (cache hit)
npm http fetch GET 200 https://registry.npmjs.org/@types%2fnode 54ms (cache hit)
npm http fetch GET 200 https://registry.npmjs.org/@types%2freact 29ms (cache hit)
npm http fetch GET 200 https://registry.npmjs.org/react-native 111ms (cache hit)
npm http fetch GET 200 https://registry.npmjs.org/redux 56ms (cache hit)
npm http fetch GET 200 https://registry.npmjs.org/mongoose 51ms (cache hit)
npm http fetch GET 200 https://registry.npmjs.org/redis 102ms (cache hit)
npm http fetch GET 200 https://registry.npmjs.org/sequelize 63ms (cache hit)
npm http fetch GET 200 https://registry.npmjs.org/react-native 151ms (cache hit)
npm http fetch GET 200 https://registry.npmjs.org/@types%2freact 29ms (cache hit)
npm http fetch GET 200 https://registry.npmjs.org/@swc%2fhelpers 40ms (cache hit)
npm http fetch GET 200 https://registry.npmjs.org/@ucast%2fmongo2js 64ms (cache hit)
npm http fetch GET 200 https://registry.npmjs.org/@radix-ui%2fprimitive 64ms (cache hit)
npm http fetch GET 200 https://registry.npmjs.org/@radix-ui%2freact-direction 78ms (cache hit)
npm http fetch GET 200 https://registry.npmjs.org/@radix-ui%2freact-primitive 94ms (cache hit)
npm http fetch GET 200 https://registry.npmjs.org/@babel%2fruntime 138ms (cache hit)
npm http fetch GET 200 https://registry.npmjs.org/@radix-ui%2freact-separator 225ms (cache hit)
npm http fetch GET 200 https://registry.npmjs.org/reselect 200ms (cache hit)
npm http fetch GET 200 https://registry.npmjs.org/redux-thunk 200ms (cache hit)
npm http fetch GET 200 https://registry.npmjs.org/@radix-ui%2freact-toggle-group 235ms (cache hit)
npm http fetch GET 200 https://registry.npmjs.org/@radix-ui%2freact-roving-focus 254ms (cache hit)
npm http fetch GET 200 https://registry.npmjs.org/@codemirror%2fstate 106ms (cache hit)
npm http fetch GET 200 https://registry.npmjs.org/@codemirror%2fview 225ms (cache hit)
npm http fetch GET 200 https://registry.npmjs.org/react-remove-scroll 109ms (cache hit)
npm http fetch GET 200 https://registry.npmjs.org/@codemirror%2flang-json 119ms (cache hit)
npm http fetch GET 200 https://registry.npmjs.org/@strapi%2fui-primitives 114ms (cache hit)
npm http fetch GET 200 https://registry.npmjs.org/@radix-ui%2freact-tabs 152ms (cache hit)
npm http fetch GET 200 https://registry.npmjs.org/@floating-ui%2freact-dom 128ms (cache hit)
npm http fetch GET 200 https://registry.npmjs.org/@uiw%2freact-codemirror 143ms (cache hit)
npm http fetch GET 200 https://registry.npmjs.org/@radix-ui%2freact-avatar 144ms (cache hit)
npm http fetch GET 200 https://registry.npmjs.org/@radix-ui%2freact-dialog 152ms (cache hit)
npm http fetch GET 200 https://registry.npmjs.org/@internationalized%2fdate 147ms (cache hit)
npm http fetch GET 200 https://registry.npmjs.org/@radix-ui%2freact-switch 207ms (cache hit)
npm http fetch GET 200 https://registry.npmjs.org/@radix-ui%2freact-tooltip 205ms (cache hit)
npm http fetch GET 200 https://registry.npmjs.org/@radix-ui%2freact-popover 255ms (cache hit)
npm http fetch GET 200 https://registry.npmjs.org/@tanstack%2freact-virtual 264ms (cache hit)
npm http fetch GET 200 https://registry.npmjs.org/@radix-ui%2freact-checkbox 257ms (cache hit)
npm http fetch GET 200 https://registry.npmjs.org/@radix-ui%2freact-progress 260ms (cache hit)
npm http fetch GET 200 https://registry.npmjs.org/@internationalized%2fnumber 278ms (cache hit)
npm http fetch GET 200 https://registry.npmjs.org/@radix-ui%2freact-accordion 302ms (cache hit)
npm http fetch GET 200 https://registry.npmjs.org/@radix-ui%2freact-focus-scope 292ms (cache hit)
npm http fetch GET 200 https://registry.npmjs.org/@radix-ui%2freact-alert-dialog 269ms (cache hit)
npm http fetch GET 200 https://registry.npmjs.org/@radix-ui%2freact-focus-guards 277ms (cache hit)
npm http fetch GET 200 https://registry.npmjs.org/@radix-ui%2freact-scroll-area 343ms (cache hit)
npm http fetch GET 200 https://registry.npmjs.org/@radix-ui%2freact-radio-group 370ms (cache hit)
npm http fetch GET 200 https://registry.npmjs.org/@radix-ui%2freact-dropdown-menu 236ms (cache hit)
npm http fetch GET 200 https://registry.npmjs.org/@radix-ui%2freact-dismissable-layer 182ms (cache hit)
npm http fetch GET 200 https://registry.npmjs.org/@radix-ui%2freact-use-callback-ref 273ms (cache hit)
npm http fetch GET 200 https://registry.npmjs.org/koa-body 181ms (cache hit)
npm http fetch GET 200 https://registry.npmjs.org/typedoc 209ms (cache hit)
npm http fetch GET 200 https://registry.npmjs.org/@koa%2fcors 215ms (cache hit)
npm http fetch GET 200 https://registry.npmjs.org/@koa%2frouter 204ms (cache hit)
npm http fetch GET 200 https://registry.npmjs.org/node-schedule 149ms (cache hit)
npm http fetch GET 200 https://registry.npmjs.org/typedoc-plugin-markdown 119ms (cache hit)
npm http fetch GET 200 https://registry.npmjs.org/@modelcontextprotocol%2fsdk 122ms (cache hit)
npm http fetch GET 200 https://registry.npmjs.org/typedoc-github-wiki-theme 112ms (cache hit)
npm http fetch GET 200 https://registry.npmjs.org/http-errors 72ms (cache hit)
npm http fetch GET 200 https://registry.npmjs.org/preferred-pm 72ms (cache hit)
npm http fetch GET 200 https://registry.npmjs.org/node-machine-id 59ms (cache hit)
npm http fetch GET 200 https://registry.npmjs.org/@sindresorhus%2fslugify 64ms (cache hit)
npm http fetch GET 200 https://registry.npmjs.org/aria-query 46ms (cache hit)
npm http fetch GET 200 https://registry.npmjs.org/lz-string 59ms (cache hit)
npm http fetch GET 200 https://registry.npmjs.org/picocolors 50ms (cache hit)
npm http fetch GET 200 https://registry.npmjs.org/pretty-format 50ms (cache hit)
npm http fetch GET 200 https://registry.npmjs.org/@babel%2fcode-frame 61ms (cache hit)
npm http fetch GET 200 https://registry.npmjs.org/@babel%2fruntime 78ms (cache hit)
npm http fetch GET 200 https://registry.npmjs.org/@types%2faria-query 121ms (cache hit)
npm http fetch GET 200 https://registry.npmjs.org/dom-accessibility-api 124ms (cache hit)
npm http fetch GET 200 https://registry.npmjs.org/form-data 126ms (cache hit)
npm http fetch GET 200 https://registry.npmjs.org/proxy-from-env 113ms (cache hit)
npm http fetch GET 200 https://registry.npmjs.org/follow-redirects 110ms (cache hit)
npm http fetch GET 200 https://registry.npmjs.org/@babel%2fruntime 158ms (cache hit)
npm http fetch GET 200 https://registry.npmjs.org/https-proxy-agent 144ms (cache hit)
npm http fetch GET 200 https://registry.npmjs.org/camelcase 164ms (cache hit)
npm http fetch GET 200 https://registry.npmjs.org/type-fest 158ms (cache hit)
npm http fetch GET 200 https://registry.npmjs.org/cli-boxes 188ms (cache hit)
npm http fetch GET 200 https://registry.npmjs.org/widest-line 85ms (cache hit)
npm http fetch GET 200 https://registry.npmjs.org/ansi-align 182ms (cache hit)
npm http fetch GET 200 https://registry.npmjs.org/wrap-ansi 191ms (cache hit)
npm http fetch GET 200 https://registry.npmjs.org/string-width 93ms (cache hit)
npm http fetch GET 200 https://registry.npmjs.org/ansi-styles 91ms (cache hit)
npm http fetch GET 200 https://registry.npmjs.org/cross-spawn 68ms (cache hit)
npm http fetch GET 200 https://registry.npmjs.org/onetime 68ms (cache hit)
npm http fetch GET 200 https://registry.npmjs.org/supports-color 86ms (cache hit)
npm http fetch GET 200 https://registry.npmjs.org/is-stream 74ms (cache hit)
npm http fetch GET 200 https://registry.npmjs.org/get-stream 73ms (cache hit)
npm http fetch GET 200 https://registry.npmjs.org/@babel%2fruntime 95ms (cache hit)
npm http fetch GET 200 https://registry.npmjs.org/cross-spawn 118ms (cache hit)
npm http fetch GET 200 https://registry.npmjs.org/signal-exit 117ms (cache hit)
npm http fetch GET 200 https://registry.npmjs.org/npm-run-path 113ms (cache hit)
npm http fetch GET 200 https://registry.npmjs.org/human-signals 123ms (cache hit)
npm http fetch GET 200 https://registry.npmjs.org/strip-final-newline 124ms (cache hit)
npm http fetch GET 200 https://registry.npmjs.org/merge-stream 139ms (cache hit)
npm http fetch GET 200 https://registry.npmjs.org/deepmerge 73ms (cache hit)
npm http fetch GET 200 https://registry.npmjs.org/hoist-non-react-statics 81ms (cache hit)
npm http fetch GET 200 https://registry.npmjs.org/lodash-es 79ms (cache hit)
npm http fetch GET 200 https://registry.npmjs.org/react-fast-compare 81ms (cache hit)
npm http fetch GET 200 https://registry.npmjs.org/tiny-warning 72ms (cache hit)
npm http fetch GET 200 https://registry.npmjs.org/tslib 73ms (cache hit)
npm http fetch GET 200 https://registry.npmjs.org/jsonfile 74ms (cache hit)
npm http fetch GET 200 https://registry.npmjs.org/graceful-fs 70ms (cache hit)
npm http fetch GET 200 https://registry.npmjs.org/universalify 66ms (cache hit)
npm http fetch GET 200 https://registry.npmjs.org/cli-width 61ms (cache hit)
npm http fetch GET 200 https://registry.npmjs.org/run-async 61ms (cache hit)
npm http fetch GET 200 https://registry.npmjs.org/rxjs 77ms (cache hit)
npm http fetch GET 200 https://registry.npmjs.org/strip-ansi 98ms (cache hit)
npm http fetch GET 200 https://registry.npmjs.org/mute-stream 100ms (cache hit)
npm http fetch GET 200 https://registry.npmjs.org/ansi-escapes 100ms (cache hit)
npm http fetch GET 200 https://registry.npmjs.org/yoctocolors-cjs 94ms (cache hit)
npm http fetch GET 200 https://registry.npmjs.org/@inquirer%2ffigures 91ms (cache hit)
npm http fetch GET 200 https://registry.npmjs.org/@inquirer%2fexternal-editor 94ms (cache hit)
npm http fetch GET 200 https://registry.npmjs.org/ms 60ms (cache hit)
npm http fetch GET 200 https://registry.npmjs.org/jws 58ms (cache hit)
npm http fetch GET 200 https://registry.npmjs.org/lodash.once 58ms (cache hit)
npm http fetch GET 200 https://registry.npmjs.org/lodash.includes 60ms (cache hit)
npm http fetch GET 200 https://registry.npmjs.org/lodash.isnumber 81ms (cache hit)
npm http fetch GET 200 https://registry.npmjs.org/lodash.isstring 80ms (cache hit)
npm http fetch GET 200 https://registry.npmjs.org/lodash.isinteger 75ms (cache hit)
npm http fetch GET 200 https://registry.npmjs.org/lodash.isboolean 82ms (cache hit)
npm http fetch GET 200 https://registry.npmjs.org/lodash.isplainobject 76ms (cache hit)
npm http fetch GET 200 https://registry.npmjs.org/depd 74ms (cache hit)
npm http fetch GET 200 https://registry.npmjs.org/only 76ms (cache hit)
npm http fetch GET 200 https://registry.npmjs.org/vary 54ms (cache hit)
npm http fetch GET 200 https://registry.npmjs.org/accepts 50ms (cache hit)
npm http fetch GET 200 https://registry.npmjs.org/destroy 51ms (cache hit)
npm http fetch GET 200 https://registry.npmjs.org/fresh 64ms (cache hit)
npm http fetch GET 200 https://registry.npmjs.org/cookies 64ms (cache hit)
npm http fetch GET 200 https://registry.npmjs.org/type-is 64ms (cache hit)
npm http fetch GET 200 https://registry.npmjs.org/parseurl 68ms (cache hit)
npm http fetch GET 200 https://registry.npmjs.org/statuses 75ms (cache hit)
npm http fetch GET 200 https://registry.npmjs.org/delegates 73ms (cache hit)
npm http fetch GET 200 https://registry.npmjs.org/encodeurl 72ms (cache hit)
npm http fetch GET 200 https://registry.npmjs.org/escape-html 70ms (cache hit)
npm http fetch GET 200 https://registry.npmjs.org/http-assert 67ms (cache hit)
npm http fetch GET 200 https://registry.npmjs.org/on-finished 55ms (cache hit)
npm http fetch GET 200 https://registry.npmjs.org/koa-convert 68ms (cache hit)
npm http fetch GET 200 https://registry.npmjs.org/cache-content-type 68ms (cache hit)
npm http fetch GET 200 https://registry.npmjs.org/content-disposition 69ms (cache hit)
npm http fetch GET 200 https://registry.npmjs.org/content-type 82ms (cache hit)
npm http fetch GET 200 https://registry.npmjs.org/is-generator-function 75ms (cache hit)
npm http fetch GET 200 https://registry.npmjs.org/koa-send 72ms (cache hit)
npm http fetch GET 200 https://registry.npmjs.org/passport 84ms (cache hit)
npm http fetch GET 200 https://registry.npmjs.org/framer-motion 144ms (cache hit)
npm http fetch GET 200 https://registry.npmjs.org/cli-cursor 316ms (cache hit)
npm http fetch GET 200 https://registry.npmjs.org/log-symbols 311ms (cache hit)
npm http fetch GET 200 https://registry.npmjs.org/cli-spinners 310ms (cache hit)
npm http fetch GET 200 https://registry.npmjs.org/bl 339ms (cache hit)
npm http fetch GET 200 https://registry.npmjs.org/is-interactive 315ms (cache hit)
npm http fetch GET 200 https://registry.npmjs.org/wcwidth 344ms (cache hit)
npm http fetch GET 200 https://registry.npmjs.org/is-unicode-supported 53ms (cache hit)
npm http fetch GET 200 https://registry.npmjs.org/aggregate-error 53ms (cache hit)
npm http fetch GET 200 https://registry.npmjs.org/passport-strategy 52ms (cache hit)
npm http fetch GET 200 https://registry.npmjs.org/side-channel 49ms (cache hit)
npm http fetch GET 200 https://registry.npmjs.org/es-define-property 44ms (cache hit)
npm http fetch GET 200 https://registry.npmjs.org/@react-dnd%2finvariant 47ms (cache hit)
npm http fetch GET 200 https://registry.npmjs.org/@react-dnd%2fshallowequal 47ms (cache hit)
npm http fetch GET 200 https://registry.npmjs.org/@formatjs%2fintl 68ms (cache hit)
npm http fetch GET 200 https://registry.npmjs.org/dnd-core 100ms (cache hit)
npm http fetch GET 200 https://registry.npmjs.org/dnd-core 100ms (cache hit)
npm http fetch GET 200 https://registry.npmjs.org/@formatjs%2fecma402-abstract 97ms (cache hit)
npm http fetch GET 200 https://registry.npmjs.org/@formatjs%2fintl-listformat 112ms (cache hit)
npm http fetch GET 200 https://registry.npmjs.org/intl-messageformat 127ms (cache hit)
npm http fetch GET 200 https://registry.npmjs.org/@formatjs%2fintl-displaynames 144ms (cache hit)
npm http fetch GET 200 https://registry.npmjs.org/@formatjs%2ficu-messageformat-parser 121ms (cache hit)
npm http fetch GET 200 https://registry.npmjs.org/broadcast-channel 111ms (cache hit)
npm http fetch GET 200 https://registry.npmjs.org/@babel%2fruntime 153ms (cache hit)
npm http fetch GET 200 https://registry.npmjs.org/@babel%2fruntime 200ms (cache hit)
npm http fetch GET 200 https://registry.npmjs.org/use-sync-external-store 241ms (cache hit)
npm http fetch GET 200 https://registry.npmjs.org/match-sorter 342ms (cache hit)
npm http fetch GET 200 https://registry.npmjs.org/@types%2fuse-sync-external-store 305ms (cache hit)
npm http fetch GET 200 https://registry.npmjs.org/memoize-one 280ms (cache hit)
npm http fetch GET 200 https://registry.npmjs.org/@babel%2fruntime 272ms (cache hit)
npm http fetch GET 200 https://registry.npmjs.org/@emotion%2fcache 226ms (cache hit)
npm http fetch GET 200 https://registry.npmjs.org/use-isomorphic-layout-effect 75ms (cache hit)
npm http fetch GET 200 https://registry.npmjs.org/@floating-ui%2fdom 101ms (cache hit)
npm http fetch GET 200 https://registry.npmjs.org/@emotion%2freact 173ms (cache hit)
npm http fetch GET 200 https://registry.npmjs.org/react-transition-group 94ms (cache hit)
npm http fetch GET 200 https://registry.npmjs.org/@types%2freact-transition-group 88ms (cache hit)
npm http fetch GET 200 https://registry.npmjs.org/glob 52ms (cache hit)
npm http fetch GET 200 https://registry.npmjs.org/package-json-from-dist 57ms (cache hit)
npm http fetch GET 200 https://registry.npmjs.org/@babel%2fruntime 74ms (cache hit)
npm http fetch GET 200 https://registry.npmjs.org/nanoclone 93ms (cache hit)
npm http fetch GET 200 https://registry.npmjs.org/toposort 98ms (cache hit)
npm http fetch GET 200 https://registry.npmjs.org/@types%2flodash 93ms (cache hit)
npm http fetch GET 200 https://registry.npmjs.org/property-expr 78ms (cache hit)
npm http fetch GET 200 https://registry.npmjs.org/@babel%2fruntime 74ms (cache hit)
npm http fetch GET 200 https://registry.npmjs.org/@ucast%2fjs 27ms (cache hit)
npm http fetch GET 200 https://registry.npmjs.org/@ucast%2fcore 29ms (cache hit)
npm http fetch GET 200 https://registry.npmjs.org/@ucast%2fmongo 29ms (cache hit)
npm http fetch GET 200 https://registry.npmjs.org/react 33ms (cache hit)
npm http fetch GET 200 https://registry.npmjs.org/react-dom 79ms (cache hit)
npm http fetch GET 200 https://registry.npmjs.org/@radix-ui%2freact-id 95ms (cache hit)
npm http fetch GET 200 https://registry.npmjs.org/@radix-ui%2freact-use-controllable-state 91ms (cache hit)
npm http fetch GET 200 https://registry.npmjs.org/@radix-ui%2freact-slot 116ms (cache hit)
npm http fetch GET 200 https://registry.npmjs.org/@radix-ui%2freact-compose-refs 124ms (cache hit)
npm http fetch GET 200 https://registry.npmjs.org/@radix-ui%2freact-collection 136ms (cache hit)
npm http fetch GET 200 https://registry.npmjs.org/@radix-ui%2freact-toggle 150ms (cache hit)
npm http fetch GET 200 https://registry.npmjs.org/@radix-ui%2freact-use-controllable-state 174ms (cache hit)
npm http fetch GET 200 https://registry.npmjs.org/@radix-ui%2freact-use-effect-event 21ms (cache hit)
npm http fetch GET 200 https://registry.npmjs.org/@radix-ui%2freact-use-layout-effect 27ms (cache hit)
npm http fetch GET 200 https://registry.npmjs.org/@radix-ui%2freact-use-layout-effect 30ms (cache hit)
npm http fetch GET 200 https://registry.npmjs.org/bufferutil 19ms (cache hit)
npm http fetch GET 200 https://registry.npmjs.org/utf-8-validate 8ms (cache hit)
npm http fetch GET 200 https://registry.npmjs.org/chownr 60ms (cache hit)
npm http fetch GET 200 https://registry.npmjs.org/@colors%2fcolors 69ms (cache hit)
npm http fetch GET 200 https://registry.npmjs.org/mime-db 83ms (cache hit)
npm http fetch GET 200 https://registry.npmjs.org/winston 97ms (cache hit)
npm http fetch GET 200 https://registry.npmjs.org/minipass 97ms (cache hit)
npm http fetch GET 200 https://registry.npmjs.org/yallist 113ms (cache hit)
npm http fetch GET 200 https://registry.npmjs.org/minizlib 108ms (cache hit)
npm http fetch GET 200 https://registry.npmjs.org/inherits 71ms (cache hit)
npm http fetch GET 200 https://registry.npmjs.org/fs-constants 63ms (cache hit)
npm http fetch GET 200 https://registry.npmjs.org/end-of-stream 51ms (cache hit)
npm http fetch GET 200 https://registry.npmjs.org/@isaacs%2ffs-minipass 91ms (cache hit)
npm http fetch GET 200 https://registry.npmjs.org/readable-stream 44ms (cache hit)
npm http fetch GET 200 https://registry.npmjs.org/@noble%2fhashes 44ms (cache hit)
npm http fetch GET 200 https://registry.npmjs.org/fast-uri 56ms (cache hit)
npm http fetch GET 200 https://registry.npmjs.org/json-schema-traverse 63ms (cache hit)
npm http fetch GET 200 https://registry.npmjs.org/require-from-string 67ms (cache hit)
npm http fetch GET 200 https://registry.npmjs.org/esm 70ms (cache hit)
npm http fetch GET 200 https://registry.npmjs.org/tarn 81ms (cache hit)
npm http fetch GET 200 https://registry.npmjs.org/getopts 89ms (cache hit)
npm http fetch GET 200 https://registry.npmjs.org/rechoir 121ms (cache hit)
npm http fetch GET 200 https://registry.npmjs.org/tildify 115ms (cache hit)
npm http fetch GET 200 https://registry.npmjs.org/escalade 112ms (cache hit)
npm http fetch GET 200 https://registry.npmjs.org/interpret 97ms (cache hit)
npm http fetch GET 200 https://registry.npmjs.org/colorette 113ms (cache hit)
npm http fetch GET 200 https://registry.npmjs.org/pg-connection-string 87ms (cache hit)
npm http fetch GET 200 https://registry.npmjs.org/get-package-type 95ms (cache hit)
npm http fetch GET 200 https://registry.npmjs.org/@types%2freact 17ms (cache hit)
npm http fetch GET 200 https://registry.npmjs.org/style-mod 40ms (cache hit)
npm http fetch GET 200 https://registry.npmjs.org/@codemirror%2flanguage 72ms (cache hit)
npm http fetch GET 200 https://registry.npmjs.org/w3c-keyname 77ms (cache hit)
npm http fetch GET 200 https://registry.npmjs.org/@lezer%2fjson 95ms (cache hit)
npm http fetch GET 200 https://registry.npmjs.org/@marijn%2ffind-cluster-break 101ms (cache hit)
npm http fetch GET 200 https://registry.npmjs.org/crelt 105ms (cache hit)
npm http fetch GET 200 https://registry.npmjs.org/@radix-ui%2freact-collapsible 104ms (cache hit)
npm http fetch GET 200 https://registry.npmjs.org/@radix-ui%2freact-presence 98ms (cache hit)
npm http fetch GET 200 https://registry.npmjs.org/@radix-ui%2freact-use-size 101ms (cache hit)
npm http fetch GET 200 https://registry.npmjs.org/aria-hidden 102ms (cache hit)
npm http fetch GET 200 https://registry.npmjs.org/@radix-ui%2freact-use-previous 117ms (cache hit)
npm http fetch GET 200 https://registry.npmjs.org/@radix-ui%2freact-portal 114ms (cache hit)
npm http fetch GET 200 https://registry.npmjs.org/@radix-ui%2freact-presence 135ms (cache hit)
npm http fetch GET 200 https://registry.npmjs.org/@radix-ui%2freact-use-escape-keydown 128ms (cache hit)
npm http fetch GET 200 https://registry.npmjs.org/aria-hidden 156ms (cache hit)
npm http fetch GET 200 https://registry.npmjs.org/@radix-ui%2freact-menu 186ms (cache hit)
npm http fetch GET 200 https://registry.npmjs.org/@radix-ui%2freact-popper 264ms (cache hit)
npm http fetch GET 200 https://registry.npmjs.org/@radix-ui%2fnumber 278ms (cache hit)
npm http fetch GET 200 https://registry.npmjs.org/@radix-ui%2freact-portal 362ms (cache hit)
npm http fetch GET 200 https://registry.npmjs.org/@radix-ui%2freact-roving-focus 362ms (cache hit)
npm http fetch GET 200 https://registry.npmjs.org/@radix-ui%2freact-roving-focus 347ms (cache hit)
npm http fetch GET 200 https://registry.npmjs.org/@radix-ui%2freact-popper 380ms (cache hit)
npm http fetch GET 200 https://registry.npmjs.org/@radix-ui%2fnumber 233ms (cache hit)
npm http fetch GET 200 https://registry.npmjs.org/@radix-ui%2freact-visually-hidden 322ms (cache hit)
npm http fetch GET 200 https://registry.npmjs.org/@tanstack%2fvirtual-core 200ms (cache hit)
npm http fetch GET 200 https://registry.npmjs.org/@radix-ui%2freact-visually-hidden 251ms (cache hit)
npm http fetch GET 200 https://registry.npmjs.org/codemirror 233ms (cache hit)
npm http fetch GET 200 https://registry.npmjs.org/@codemirror%2fcommands 302ms (cache hit)
npm http fetch GET 200 https://registry.npmjs.org/@uiw%2fcodemirror-extensions-basic-setup 277ms (cache hit)
npm http fetch GET 200 https://registry.npmjs.org/@codemirror%2ftheme-one-dark 314ms (cache hit)
npm http fetch GET 200 https://registry.npmjs.org/use-sidecar 272ms (cache hit)
npm http fetch GET 200 https://registry.npmjs.org/react-style-singleton 239ms (cache hit)
npm http fetch GET 200 https://registry.npmjs.org/use-callback-ref 266ms (cache hit)
npm http fetch GET 200 https://registry.npmjs.org/react-remove-scroll-bar 113ms (cache hit)
npm http fetch GET 200 https://registry.npmjs.org/@lezer%2fhighlight 26ms (cache hit)
npm http fetch GET 200 https://registry.npmjs.org/@lezer%2flr 27ms (cache hit)
npm http fetch GET 200 https://registry.npmjs.org/@lezer%2fhighlight 28ms (cache hit)
npm http fetch GET 200 https://registry.npmjs.org/@lezer%2flr 29ms (cache hit)
npm http fetch GET 200 https://registry.npmjs.org/@lezer%2fcommon 71ms (cache hit)
npm http fetch GET 200 https://registry.npmjs.org/@lezer%2fcommon 68ms (cache hit)
npm http fetch GET 200 https://registry.npmjs.org/@floating-ui%2fcore 34ms (cache hit)
npm http fetch GET 200 https://registry.npmjs.org/@floating-ui%2futils 39ms (cache hit)
npm http fetch GET 200 https://registry.npmjs.org/react 57ms (cache hit)
npm http fetch GET 200 https://registry.npmjs.org/react-dom 107ms (cache hit)
npm http fetch GET 200 https://registry.npmjs.org/@radix-ui%2frect 16ms (cache hit)
npm http fetch GET 200 https://registry.npmjs.org/@radix-ui%2freact-use-rect 19ms (cache hit)
npm http fetch GET 200 https://registry.npmjs.org/@radix-ui%2freact-arrow 25ms (cache hit)
npm http fetch GET 200 https://registry.npmjs.org/logform 31ms (cache hit)
npm http fetch GET 200 https://registry.npmjs.org/async 35ms (cache hit)
npm http fetch GET 200 https://registry.npmjs.org/one-time 39ms (cache hit)
npm http fetch GET 200 https://registry.npmjs.org/@dabh%2fdiagnostics 36ms (cache hit)
npm http fetch GET 200 https://registry.npmjs.org/triple-beam 39ms (cache hit)
npm http fetch GET 200 https://registry.npmjs.org/stack-trace 41ms (cache hit)
npm http fetch GET 200 https://registry.npmjs.org/winston-transport 38ms (cache hit)
npm http fetch GET 200 https://registry.npmjs.org/safe-stable-stringify 17ms (cache hit)
npm http fetch GET 200 https://registry.npmjs.org/object-assign 9ms (cache hit)
npm http fetch GET 200 https://registry.npmjs.org/react-is 20ms (cache hit)
npm http fetch GET 200 https://registry.npmjs.org/@types%2fnode 28ms (cache hit)
npm http fetch GET 200 https://registry.npmjs.org/less 8ms (cache hit)
npm http fetch GET 200 https://registry.npmjs.org/lightningcss 5ms (cache hit)
npm http fetch GET 200 https://registry.npmjs.org/sass 7ms (cache hit)
npm http fetch GET 200 https://registry.npmjs.org/sass-embedded 7ms (cache hit)
npm http fetch GET 200 https://registry.npmjs.org/stylus 6ms (cache hit)
npm http fetch GET 200 https://registry.npmjs.org/sugarss 5ms (cache hit)
npm http fetch GET 200 https://registry.npmjs.org/postcss 8ms (cache hit)
npm http fetch GET 200 https://registry.npmjs.org/terser 11ms (cache hit)
npm http fetch GET 200 https://registry.npmjs.org/@rspack%2fcore 15ms (cache hit)
npm http fetch GET 200 https://registry.npmjs.org/@strapi%2fadmin 58ms (cache hit)
npm http fetch GET 200 https://registry.npmjs.org/@strapi%2fdata-transfer 49ms (cache hit)
npm http fetch GET 200 https://registry.npmjs.org/koa 10ms (cache hit)
npm http fetch GET 200 https://registry.npmjs.org/esbuild 9ms (cache hit)
npm http fetch GET 200 https://registry.npmjs.org/@types%2fwebpack 5ms (cache hit)
npm http fetch GET 200 https://registry.npmjs.org/sockjs-client 5ms (cache hit)
npm http fetch GET 200 https://registry.npmjs.org/webpack-dev-server 9ms (cache hit)
npm http fetch GET 200 https://registry.npmjs.org/webpack-plugin-serve 7ms (cache hit)
npm http fetch GET 200 https://registry.npmjs.org/ansi-html 110ms (cache hit)
npm http fetch GET 200 https://registry.npmjs.org/loader-utils 108ms (cache hit)
npm http fetch GET 200 https://registry.npmjs.org/core-js-pure 121ms (cache hit)
npm http fetch GET 200 https://registry.npmjs.org/html-entities 128ms (cache hit)
npm http fetch GET 200 https://registry.npmjs.org/schema-utils 135ms (cache hit)
npm http fetch GET 200 https://registry.npmjs.org/error-stack-parser 144ms (cache hit)
npm http fetch GET 200 https://registry.npmjs.org/source-map 159ms (cache hit)
npm http fetch GET 200 https://registry.npmjs.org/tapable 52ms (cache hit)
npm http fetch GET 200 https://registry.npmjs.org/acorn 90ms (cache hit)
npm http fetch GET 200 https://registry.npmjs.org/events 97ms (cache hit)
npm http fetch GET 200 https://registry.npmjs.org/neo-async 84ms (cache hit)
npm http fetch GET 200 https://registry.npmjs.org/watchpack 86ms (cache hit)
npm http fetch GET 200 https://registry.npmjs.org/eslint-scope 91ms (cache hit)
npm http fetch GET 200 https://registry.npmjs.org/@types%2festree 88ms (cache hit)
npm http fetch GET 200 https://registry.npmjs.org/es-module-lexer 152ms (cache hit)
npm http fetch GET 200 https://registry.npmjs.org/@types%2fjson-schema 133ms (cache hit)
npm http fetch GET 200 https://registry.npmjs.org/webpack-sources 156ms (cache hit)
npm http fetch GET 200 https://registry.npmjs.org/enhanced-resolve 159ms (cache hit)
npm http fetch GET 200 https://registry.npmjs.org/@webassemblyjs%2fast 161ms (cache hit)
npm http fetch GET 200 https://registry.npmjs.org/chrome-trace-event 157ms (cache hit)
npm http fetch GET 200 https://registry.npmjs.org/@webassemblyjs%2fwasm-edit 135ms (cache hit)
npm http fetch GET 200 https://registry.npmjs.org/minimizer-webpack-plugin 115ms (cache hit)
npm http fetch GET 200 https://registry.npmjs.org/@webassemblyjs%2fwasm-parser 112ms (cache hit)
npm http fetch GET 200 https://registry.npmjs.org/open 112ms (cache hit)
npm http fetch GET 200 https://registry.npmjs.org/jwks-rsa 102ms (cache hit)
npm http fetch GET 200 https://registry.npmjs.org/minimatch 103ms (cache hit)
npm http fetch GET 200 https://registry.npmjs.org/eventsource 114ms (cache hit)
npm http fetch GET 200 https://registry.npmjs.org/xdg-app-paths 117ms (cache hit)
npm http fetch GET 200 https://registry.npmjs.org/fast-safe-stringify 98ms (cache hit)
npm http fetch GET 200 https://registry.npmjs.org/prismjs 86ms (cache hit)
npm http fetch GET 200 https://registry.npmjs.org/dompurify 89ms (cache hit)
npm http fetch GET 200 https://registry.npmjs.org/slate 138ms (cache hit)
npm http fetch GET 200 https://registry.npmjs.org/markdown-it 137ms (cache hit)
npm http fetch GET 200 https://registry.npmjs.org/slate-react 158ms (cache hit)
npm http fetch GET 200 https://registry.npmjs.org/react-helmet 194ms (cache hit)
npm http fetch GET 200 https://registry.npmjs.org/@dnd-kit%2fcore 196ms (cache hit)
npm http fetch GET 200 https://registry.npmjs.org/slate-history 207ms (cache hit)
npm http fetch GET 200 https://registry.npmjs.org/markdown-it-sup 139ms (cache hit)
npm http fetch GET 200 https://registry.npmjs.org/markdown-it-ins 200ms (cache hit)
npm http fetch GET 200 https://registry.npmjs.org/markdown-it-sub 164ms (cache hit)
npm http fetch GET 200 https://registry.npmjs.org/markdown-it-abbr 84ms (cache hit)
npm http fetch GET 200 https://registry.npmjs.org/markdown-it-mark 81ms (cache hit)
npm http fetch GET 200 https://registry.npmjs.org/@dnd-kit%2fsortable 71ms (cache hit)
npm http fetch GET 200 https://registry.npmjs.org/markdown-it-deflist 62ms (cache hit)
npm http fetch GET 200 https://registry.npmjs.org/@dnd-kit%2futilities 72ms (cache hit)
npm http fetch GET 200 https://registry.npmjs.org/markdown-it-emoji 83ms (cache hit)
npm http fetch GET 200 https://registry.npmjs.org/markdown-it-footnote 68ms (cache hit)
npm http fetch GET 200 https://registry.npmjs.org/markdown-it-container 67ms (cache hit)
npm http fetch GET 200 https://registry.npmjs.org/date-fns-tz 67ms (cache hit)
npm http fetch GET 200 https://registry.npmjs.org/jszip 54ms (cache hit)
npm http fetch GET 200 https://registry.npmjs.org/ai 103ms (cache hit)
npm http fetch GET 200 https://registry.npmjs.org/micromatch 179ms (cache hit)
npm http fetch GET 200 https://registry.npmjs.org/react-markdown 180ms (cache hit)
npm http fetch GET 200 https://registry.npmjs.org/react-dropzone 197ms (cache hit)
npm http fetch GET 200 https://registry.npmjs.org/@ai-sdk%2freact 233ms (cache hit)
npm http fetch GET 200 https://registry.npmjs.org/@dnd-kit%2fmodifiers 252ms (cache hit)
npm http fetch GET 200 https://registry.npmjs.org/koa-ip 119ms (cache hit)
npm http fetch GET 200 https://registry.npmjs.org/helmet 244ms (cache hit)
npm http fetch GET 200 https://registry.npmjs.org/undici 124ms (cache hit)
npm http fetch GET 200 https://registry.npmjs.org/koa-helmet 102ms (cache hit)
npm http fetch GET 200 https://registry.npmjs.org/is-docker 132ms (cache hit)
npm http fetch GET 200 https://registry.npmjs.org/configstore 66ms (cache hit)
npm http fetch GET 200 https://registry.npmjs.org/koa-favicon 63ms (cache hit)
npm http fetch GET 200 https://registry.npmjs.org/koa-compress 41ms (cache hit)
npm http fetch GET 200 https://registry.npmjs.org/koa-session 80ms (cache hit)
npm http fetch GET 200 https://registry.npmjs.org/@vercel%2fstega 48ms (cache hit)
npm http fetch GET 200 https://registry.npmjs.org/global-agent 83ms (cache hit)
npm http fetch GET 200 https://registry.npmjs.org/package-json 58ms (cache hit)
npm http fetch GET 200 https://registry.npmjs.org/resolve.exports 56ms (cache hit)
npm http fetch GET 200 https://registry.npmjs.org/@strapi%2fprovider-email-sendmail 86ms (cache hit)
npm http fetch GET 200 https://registry.npmjs.org/handlebars 224ms (cache hit)
npm http fetch GET 200 https://registry.npmjs.org/jscodeshift 230ms (cache hit)
npm http fetch GET 200 https://registry.npmjs.org/plop 246ms (cache hit)
npm http fetch GET 200 https://registry.npmjs.org/openapi-types 235ms (cache hit)
npm http fetch GET 200 https://registry.npmjs.org/byte-size 232ms (cache hit)
npm http fetch GET 200 https://registry.npmjs.org/sharp 239ms (cache hit)
npm http fetch GET 200 https://registry.npmjs.org/cropperjs 88ms (cache hit)
npm http fetch GET 200 https://registry.npmjs.org/koa-range 65ms (cache hit)
npm http fetch GET 200 https://registry.npmjs.org/file-type 75ms (cache hit)
npm http fetch GET 200 https://registry.npmjs.org/@mux%2fmux-player-react 92ms (cache hit)
npm http fetch GET 200 https://registry.npmjs.org/@swc%2fcore 261ms (cache hit)
npm http fetch GET 200 https://registry.npmjs.org/@strapi%2fprovider-upload-local 387ms (cache hit)
npm http fetch GET 200 https://registry.npmjs.org/@rolldown%2fpluginutils 461ms (cache hit)
npm http fetch GET 200 https://registry.npmjs.org/rollup 467ms (cache hit)
npm http fetch GET 200 https://registry.npmjs.org/fsevents 536ms (cache hit)
npm http fetch GET 200 https://registry.npmjs.org/esbuild 555ms (cache hit)
npm http fetch GET 200 https://registry.npmjs.org/caniuse-lite 402ms (cache hit)
npm http fetch GET 200 https://registry.npmjs.org/node-releases 306ms (cache hit)
npm http fetch GET 200 https://registry.npmjs.org/electron-to-chromium 211ms (cache hit)
npm http fetch GET 200 https://registry.npmjs.org/update-browserslist-db 257ms (cache hit)
npm http fetch GET 200 https://registry.npmjs.org/baseline-browser-mapping 172ms (cache hit)
npm http fetch GET 200 https://registry.npmjs.org/braces 162ms (cache hit)
npm http fetch GET 200 https://registry.npmjs.org/meow 187ms (cache hit)
npm http fetch GET 200 https://registry.npmjs.org/is-glob 130ms (cache hit)
npm http fetch GET 200 https://registry.npmjs.org/anymatch 126ms (cache hit)
npm http fetch GET 200 https://registry.npmjs.org/glob-parent 60ms (cache hit)
npm http fetch GET 200 https://registry.npmjs.org/readdirp 66ms (cache hit)
npm http fetch GET 200 https://registry.npmjs.org/is-binary-path 57ms (cache hit)
npm http fetch GET 200 https://registry.npmjs.org/normalize-path 56ms (cache hit)
npm http fetch GET 200 https://registry.npmjs.org/tree-kill 60ms (cache hit)
npm http fetch GET 200 https://registry.npmjs.org/yargs 72ms (cache hit)
npm http fetch GET 200 https://registry.npmjs.org/spawn-command 93ms (cache hit)
npm http fetch GET 200 https://registry.npmjs.org/shell-quote 101ms (cache hit)
npm http fetch GET 200 https://registry.npmjs.org/icss-utils 98ms (cache hit)
npm http fetch GET 200 https://registry.npmjs.org/postcss-value-parser 102ms (cache hit)
npm http fetch GET 200 https://registry.npmjs.org/postcss-modules-values 96ms (cache hit)
npm http fetch GET 200 https://registry.npmjs.org/postcss-modules-scope 112ms (cache hit)
npm http fetch GET 200 https://registry.npmjs.org/postcss-modules-extract-imports 75ms (cache hit)
npm http fetch GET 200 https://registry.npmjs.org/postcss-modules-local-by-default 73ms (cache hit)
npm http fetch GET 200 https://registry.npmjs.org/esbuild 79ms (cache hit)
npm http fetch GET 200 https://registry.npmjs.org/get-tsconfig 89ms (cache hit)
npm http fetch GET 200 https://registry.npmjs.org/@esbuild%2faix-ppc64 68ms (cache hit)
npm http fetch GET 200 https://registry.npmjs.org/@esbuild%2flinux-x64 61ms (cache hit)
npm http fetch GET 200 https://registry.npmjs.org/@esbuild%2fsunos-x64 63ms (cache hit)
npm http fetch GET 200 https://registry.npmjs.org/@esbuild%2flinux-arm 75ms (cache hit)
npm http fetch GET 200 https://registry.npmjs.org/@esbuild%2fwin32-x64 65ms (cache hit)
npm http fetch GET 200 https://registry.npmjs.org/@esbuild%2fdarwin-x64 52ms (cache hit)
npm http fetch GET 200 https://registry.npmjs.org/@esbuild%2flinux-ia32 50ms (cache hit)
npm http fetch GET 200 https://registry.npmjs.org/@esbuild%2fnetbsd-x64 48ms (cache hit)
npm http fetch GET 200 https://registry.npmjs.org/@esbuild%2fwin32-ia32 46ms (cache hit)
npm http fetch GET 200 https://registry.npmjs.org/@esbuild%2fandroid-arm 45ms (cache hit)
npm http fetch GET 200 https://registry.npmjs.org/@esbuild%2fandroid-x64 48ms (cache hit)
npm http fetch GET 200 https://registry.npmjs.org/@esbuild%2ffreebsd-x64 47ms (cache hit)
npm http fetch GET 200 https://registry.npmjs.org/@esbuild%2flinux-arm64 43ms (cache hit)
npm http fetch GET 200 https://registry.npmjs.org/@esbuild%2flinux-ppc64 44ms (cache hit)
npm http fetch GET 200 https://registry.npmjs.org/@esbuild%2flinux-s390x 45ms (cache hit)
npm http fetch GET 200 https://registry.npmjs.org/@esbuild%2fopenbsd-x64 49ms (cache hit)
npm http fetch GET 200 https://registry.npmjs.org/@esbuild%2fdarwin-arm64 42ms (cache hit)
npm http fetch GET 200 https://registry.npmjs.org/@esbuild%2fwin32-arm64 51ms (cache hit)
npm http fetch GET 200 https://registry.npmjs.org/@esbuild%2fnetbsd-arm64 46ms (cache hit)
npm http fetch GET 200 https://registry.npmjs.org/@esbuild%2fandroid-arm64 45ms (cache hit)
npm http fetch GET 200 https://registry.npmjs.org/@esbuild%2ffreebsd-arm64 46ms (cache hit)
npm http fetch GET 200 https://registry.npmjs.org/@esbuild%2flinux-loong64 53ms (cache hit)
npm http fetch GET 200 https://registry.npmjs.org/@esbuild%2flinux-riscv64 54ms (cache hit)
npm http fetch GET 200 https://registry.npmjs.org/@esbuild%2flinux-mips64el 52ms (cache hit)
npm http fetch GET 200 https://registry.npmjs.org/@esbuild%2fopenbsd-arm64 62ms (cache hit)
npm http fetch GET 200 https://registry.npmjs.org/@esbuild%2fopenharmony-arm64 58ms (cache hit)
npm http fetch GET 200 https://registry.npmjs.org/memfs 57ms (cache hit)
npm http fetch GET 200 https://registry.npmjs.org/cosmiconfig 74ms (cache hit)
npm http fetch GET 200 https://registry.npmjs.org/node-abort-controller 71ms (cache hit)
npm http fetch GET 200 https://registry.npmjs.org/registry-url 65ms (cache hit)
npm http fetch GET 200 https://registry.npmjs.org/get-it 79ms (cache hit)
npm http fetch GET 200 https://registry.npmjs.org/registry-auth-token 98ms (cache hit)
npm http fetch GET 200 https://registry.npmjs.org/pretty-error 81ms (cache hit)
npm http fetch GET 200 https://registry.npmjs.org/git-up 108ms (cache hit)
npm http fetch GET 200 https://registry.npmjs.org/html-minifier-terser 80ms (cache hit)
npm http fetch GET 200 https://registry.npmjs.org/@types%2fhtml-minifier-terser 76ms (cache hit)
npm http fetch GET 200 https://registry.npmjs.org/touch 75ms (cache hit)
npm http fetch GET 200 https://registry.npmjs.org/undefsafe 46ms (cache hit)
npm http fetch GET 200 https://registry.npmjs.org/pstree.remy 46ms (cache hit)
npm http fetch GET 200 https://registry.npmjs.org/ignore-by-default 46ms (cache hit)
npm http fetch GET 200 https://registry.npmjs.org/simple-update-notifier 44ms (cache hit)
npm http fetch GET 200 https://registry.npmjs.org/find-up 45ms (cache hit)
npm http fetch GET 200 https://registry.npmjs.org/find-up 40ms (cache hit)
npm http fetch GET 200 https://registry.npmjs.org/read-pkg 42ms (cache hit)
npm http fetch GET 200 https://registry.npmjs.org/sirv 43ms (cache hit)
npm http fetch GET 200 https://registry.npmjs.org/opener 43ms (cache hit)
npm http fetch GET 200 https://registry.npmjs.org/acorn-walk 38ms (cache hit)
npm http fetch GET 200 https://registry.npmjs.org/escape-string-regexp 32ms (cache hit)
npm http fetch GET 200 https://registry.npmjs.org/html-escaper 36ms (cache hit)
npm http fetch GET 200 https://registry.npmjs.org/range-parser 15ms (cache hit)
npm http fetch GET 200 https://registry.npmjs.org/ansi-html-community 13ms (cache hit)
npm http fetch GET 200 https://registry.npmjs.org/@discoveryjs%2fjson-ext 26ms (cache hit)
npm http fetch GET 200 https://registry.npmjs.org/stackframe 28ms (cache hit)
npm http fetch GET 200 https://registry.npmjs.org/json5 29ms (cache hit)
npm http fetch GET 200 https://registry.npmjs.org/big.js 30ms (cache hit)
npm http fetch GET 200 https://registry.npmjs.org/emojis-list 32ms (cache hit)
npm http fetch GET 200 https://registry.npmjs.org/ajv-formats 33ms (cache hit)
npm http fetch GET 200 https://registry.npmjs.org/ajv-keywords 35ms (cache hit)
npm http fetch GET 200 https://registry.npmjs.org/lru-memoizer 63ms (cache hit)
npm http fetch GET 200 https://registry.npmjs.org/limiter 73ms (cache hit)
npm http fetch GET 200 https://registry.npmjs.org/@types%2fexpress 73ms (cache hit)
npm http fetch GET 200 https://registry.npmjs.org/@types%2fjsonwebtoken 71ms (cache hit)
npm http fetch GET 200 https://registry.npmjs.org/is-wsl 72ms (cache hit)
npm http fetch GET 200 https://registry.npmjs.org/brace-expansion 75ms (cache hit)
npm http fetch GET 200 https://registry.npmjs.org/jose 96ms (cache hit)
npm http fetch GET 200 https://registry.npmjs.org/define-lazy-prop 56ms (cache hit)
npm http fetch GET 200 https://registry.npmjs.org/xdg-portable 52ms (cache hit)
npm http fetch GET 200 https://registry.npmjs.org/@types%2ftrusted-types 28ms (cache hit)
npm http fetch GET 200 https://registry.npmjs.org/@dnd-kit%2faccessibility 35ms (cache hit)
npm http fetch GET 200 https://registry.npmjs.org/@sindresorhus%2ftransliterate 34ms (cache hit)
npm http fetch GET 200 https://registry.npmjs.org/mdurl 37ms (cache hit)
npm http fetch GET 200 https://registry.npmjs.org/argparse 36ms (cache hit)
npm http fetch GET 200 https://registry.npmjs.org/entities 37ms (cache hit)
npm http fetch GET 200 https://registry.npmjs.org/uc.micro 40ms (cache hit)
npm http fetch GET 200 https://registry.npmjs.org/linkify-it 33ms (cache hit)
npm http fetch GET 200 https://registry.npmjs.org/punycode.js 35ms (cache hit)
npm http fetch GET 200 https://registry.npmjs.org/react-side-effect 33ms (cache hit)
npm http fetch GET 200 https://registry.npmjs.org/is-plain-object 36ms (cache hit)
npm http fetch GET 200 https://registry.npmjs.org/is-plain-object 36ms (cache hit)
npm http fetch GET 200 https://registry.npmjs.org/is-hotkey 32ms (cache hit)
npm http fetch GET 200 https://registry.npmjs.org/direction 35ms (cache hit)
npm http fetch GET 200 https://registry.npmjs.org/tiny-invariant 29ms (cache hit)
npm http fetch GET 200 https://registry.npmjs.org/is-plain-object 34ms (cache hit)
npm http fetch GET 200 https://registry.npmjs.org/@types%2fis-hotkey 34ms (cache hit)
npm http fetch GET 200 https://registry.npmjs.org/scroll-into-view-if-needed 28ms (cache hit)
npm http fetch GET 200 https://registry.npmjs.org/@juggle%2fresize-observer 45ms (cache hit)
npm http fetch GET 200 https://registry.npmjs.org/react 32ms (cache hit)
npm http fetch GET 200 https://registry.npmjs.org/lodash.deburr 11ms (cache hit)
npm http fetch GET 200 https://registry.npmjs.org/@types%2freact 12ms (cache hit)
npm http fetch GET 200 https://registry.npmjs.org/swr 37ms (cache hit)
npm http fetch GET 200 https://registry.npmjs.org/throttleit 60ms (cache hit)
npm http fetch GET 200 https://registry.npmjs.org/@opentelemetry%2fapi 61ms (cache hit)
npm http fetch GET 200 https://registry.npmjs.org/@ai-sdk%2fprovider-utils 71ms (cache hit)
npm http fetch GET 200 https://registry.npmjs.org/@ai-sdk%2fgateway 98ms (cache hit)
npm http fetch GET 200 https://registry.npmjs.org/@ai-sdk%2fprovider 129ms (cache hit)
npm http fetch GET 200 https://registry.npmjs.org/@ai-sdk%2fprovider-utils 151ms (cache hit)
npm http fetch GET 200 https://registry.npmjs.org/lie 193ms (cache hit)
npm http fetch GET 200 https://registry.npmjs.org/picomatch 174ms (cache hit)
npm http fetch GET 200 https://registry.npmjs.org/pako 205ms (cache hit)
npm http fetch GET 200 https://registry.npmjs.org/setimmediate 213ms (cache hit)
npm http fetch GET 200 https://registry.npmjs.org/file-selector 141ms (cache hit)
npm http fetch GET 200 https://registry.npmjs.org/attr-accept 174ms (cache hit)
npm http fetch GET 200 https://registry.npmjs.org/vfile 108ms (cache hit)
npm http fetch GET 200 https://registry.npmjs.org/devlop 78ms (cache hit)
npm http fetch GET 200 https://registry.npmjs.org/@types%2fhast 69ms (cache hit)
npm http fetch GET 200 https://registry.npmjs.org/@types%2fmdast 61ms (cache hit)
npm http fetch GET 200 https://registry.npmjs.org/unified 83ms (cache hit)
npm http fetch GET 200 https://registry.npmjs.org/remark-parse 60ms (cache hit)
npm http fetch GET 200 https://registry.npmjs.org/unist-util-visit 48ms (cache hit)
npm http fetch GET 200 https://registry.npmjs.org/remark-rehype 60ms (cache hit)
npm http fetch GET 200 https://registry.npmjs.org/html-url-attributes 26ms (cache hit)
npm http fetch GET 200 https://registry.npmjs.org/mdast-util-to-hast 31ms (cache hit)
npm http fetch GET 200 https://registry.npmjs.org/hast-util-to-jsx-runtime 28ms (cache hit)
npm http fetch GET 200 https://registry.npmjs.org/react 22ms (cache hit)
npm http fetch GET 200 https://registry.npmjs.org/zod 44ms (cache hit)
npm http fetch GET 200 https://registry.npmjs.org/@standard-schema%2fspec 53ms (cache hit)
npm http fetch GET 200 https://registry.npmjs.org/eventsource-parser 58ms (cache hit)
npm http fetch GET 200 https://registry.npmjs.org/dequal 60ms (cache hit)
npm http fetch GET 200 https://registry.npmjs.org/use-sync-external-store 88ms (cache hit)
npm http fetch GET 200 https://registry.npmjs.org/json-schema 6ms (cache hit)
npm http fetch GET 200 https://registry.npmjs.org/@cfworker%2fjson-schema 8ms (cache hit)
npm http fetch GET 200 https://registry.npmjs.org/path-to-regexp 23ms (cache hit)
npm http fetch GET 200 https://registry.npmjs.org/cors 31ms (cache hit)
npm http fetch GET 200 https://registry.npmjs.org/methods 38ms (cache hit)
npm http fetch GET 200 https://registry.npmjs.org/hono 112ms (cache hit)
npm http fetch GET 200 https://registry.npmjs.org/jose 218ms (cache hit)
npm http fetch GET 200 https://registry.npmjs.org/raw-body 240ms (cache hit)
npm http fetch GET 200 https://registry.npmjs.org/express 253ms (cache hit)
npm http fetch GET 200 https://registry.npmjs.org/pkce-challenge 267ms (cache hit)
npm http fetch GET 200 https://registry.npmjs.org/zod-to-json-schema 57ms (cache hit)
npm http fetch GET 200 https://registry.npmjs.org/@hono%2fnode-server 272ms (cache hit)
npm http fetch GET 200 https://registry.npmjs.org/json-schema-typed 272ms (cache hit)
npm http fetch GET 200 https://registry.npmjs.org/express-rate-limit 99ms (cache hit)
npm http fetch GET 200 https://registry.npmjs.org/dot-prop 70ms (cache hit)
npm http fetch GET 200 https://registry.npmjs.org/make-dir 50ms (cache hit)
npm http fetch GET 200 https://registry.npmjs.org/xdg-basedir 47ms (cache hit)
npm http fetch GET 200 https://registry.npmjs.org/path-scurry 38ms (cache hit)
npm http fetch GET 200 https://registry.npmjs.org/unique-string 49ms (cache hit)
npm http fetch GET 200 https://registry.npmjs.org/write-file-atomic 46ms (cache hit)
npm http fetch GET 200 https://registry.npmjs.org/globalthis 39ms (cache hit)
npm http fetch GET 200 https://registry.npmjs.org/matcher 38ms (cache hit)
npm http fetch GET 200 https://registry.npmjs.org/serialize-error 38ms (cache hit)
npm http fetch GET 200 https://registry.npmjs.org/setprototypeof 34ms (cache hit)
npm http fetch GET 200 https://registry.npmjs.org/toidentifier 43ms (cache hit)
npm http fetch GET 200 https://registry.npmjs.org/co-body 41ms (cache hit)
npm http fetch GET 200 https://registry.npmjs.org/formidable 39ms (cache hit)
npm http fetch GET 200 https://registry.npmjs.org/@types%2fkoa 48ms (cache hit)
npm http fetch GET 200 https://registry.npmjs.org/@types%2fco-body 48ms (cache hit)
npm http fetch GET 200 https://registry.npmjs.org/@types%2fformidable 47ms (cache hit)
npm http fetch GET 200 https://registry.npmjs.org/bytes 39ms (cache hit)
npm http fetch GET 200 https://registry.npmjs.org/koa-is-json 38ms (cache hit)
npm http fetch GET 200 https://registry.npmjs.org/compressible 38ms (cache hit)
npm http fetch GET 200 https://registry.npmjs.org/request-ip 30ms (cache hit)
npm http fetch GET 200 https://registry.npmjs.org/mz 40ms (cache hit)
npm http fetch GET 200 https://registry.npmjs.org/crc 44ms (cache hit)
npm http fetch GET 200 https://registry.npmjs.org/is-type-of 46ms (cache hit)
npm http fetch GET 200 https://registry.npmjs.org/long-timeout 41ms (cache hit)
npm http fetch GET 200 https://registry.npmjs.org/cron-parser 47ms (cache hit)
npm http fetch GET 200 https://registry.npmjs.org/sorted-array-functions 52ms (cache hit)
npm http fetch GET 200 https://registry.npmjs.org/ky 49ms (cache hit)
npm http fetch GET 200 https://registry.npmjs.org/zod 18ms (cache hit)
npm http fetch GET 200 https://registry.npmjs.org/shebang-command 26ms (cache hit)
npm http fetch GET 200 https://registry.npmjs.org/etag 28ms (cache hit)
npm http fetch GET 200 https://registry.npmjs.org/path-key 36ms (cache hit)
npm http fetch GET 200 https://registry.npmjs.org/which 39ms (cache hit)
npm http fetch GET 200 https://registry.npmjs.org/once 38ms (cache hit)
npm http fetch GET 200 https://registry.npmjs.org/send 40ms (cache hit)
npm http fetch GET 200 https://registry.npmjs.org/cookie 42ms (cache hit)
npm http fetch GET 200 https://registry.npmjs.org/proxy-addr 29ms (cache hit)
npm http fetch GET 200 https://registry.npmjs.org/router 41ms (cache hit)
npm http fetch GET 200 https://registry.npmjs.org/cookie-signature 29ms (cache hit)
npm http fetch GET 200 https://registry.npmjs.org/serve-static 36ms (cache hit)
npm http fetch GET 200 https://registry.npmjs.org/finalhandler 41ms (cache hit)
npm http fetch GET 200 https://registry.npmjs.org/body-parser 47ms (cache hit)
npm http fetch GET 200 https://registry.npmjs.org/merge-descriptors 40ms (cache hit)
npm http fetch GET 200 https://registry.npmjs.org/unpipe 26ms (cache hit)
npm http fetch GET 200 https://registry.npmjs.org/ip-address 35ms (cache hit)
npm http fetch GET 200 https://registry.npmjs.org/iconv-lite 32ms (cache hit)
npm http fetch GET 200 https://registry.npmjs.org/nodemailer 6ms (cache hit)
npm http fetch GET 200 https://registry.npmjs.org/@babel%2fpreset-env 7ms (cache hit)
npm http fetch GET 200 https://registry.npmjs.org/@babel%2fcore 18ms (cache hit)
npm http fetch GET 200 https://registry.npmjs.org/wordwrap 58ms (cache hit)
npm http fetch GET 200 https://registry.npmjs.org/flow-parser 63ms (cache hit)
npm http fetch GET 200 https://registry.npmjs.org/minimist 107ms (cache hit)
npm http fetch GET 200 https://registry.npmjs.org/recast 107ms (cache hit)
npm http fetch GET 200 https://registry.npmjs.org/uglify-js 127ms (cache hit)
npm http fetch GET 200 https://registry.npmjs.org/tmp 136ms (cache hit)
npm http fetch GET 200 https://registry.npmjs.org/@babel%2fparser 131ms (cache hit)
npm http fetch GET 200 https://registry.npmjs.org/@babel%2fregister 121ms (cache hit)
npm http fetch GET 200 https://registry.npmjs.org/@babel%2fpreset-flow 85ms (cache hit)
npm http fetch GET 200 https://registry.npmjs.org/@babel%2fpreset-typescript 91ms (cache hit)
npm http fetch GET 200 https://registry.npmjs.org/@babel%2fplugin-transform-class-properties 72ms (cache hit)
npm http fetch GET 200 https://registry.npmjs.org/@babel%2fplugin-transform-private-methods 86ms (cache hit)
npm http fetch GET 200 https://registry.npmjs.org/@babel%2fplugin-transform-optional-chaining 60ms (cache hit)
npm http fetch GET 200 https://registry.npmjs.org/@babel%2fplugin-transform-modules-commonjs 78ms (cache hit)
npm http fetch GET 200 https://registry.npmjs.org/liftoff 43ms (cache hit)
npm http fetch GET 200 https://registry.npmjs.org/@babel%2fplugin-transform-nullish-coalescing-operator 66ms (cache hit)
npm http fetch GET 200 https://registry.npmjs.org/@types%2fliftoff 59ms (cache hit)
npm http fetch GET 200 https://registry.npmjs.org/nanospinner 46ms (cache hit)
npm http fetch GET 200 https://registry.npmjs.org/node-plop 45ms (cache hit)
npm http fetch GET 200 https://registry.npmjs.org/v8flags 44ms (cache hit)
npm http fetch GET 200 https://registry.npmjs.org/typescript 59ms (cache hit)
npm http fetch GET 200 https://registry.npmjs.org/yaml 30ms (cache hit)
npm http fetch GET 200 https://registry.npmjs.org/lunr 46ms (cache hit)
npm http fetch GET 200 https://registry.npmjs.org/@gerrit0%2fmini-shiki 44ms (cache hit)
npm http fetch GET 200 https://registry.npmjs.org/@types%2freact 18ms (cache hit)
npm http fetch GET 200 https://registry.npmjs.org/token-types 34ms (cache hit)
npm http fetch GET 200 https://registry.npmjs.org/@mux%2fplayback-core 57ms (cache hit)
npm http fetch GET 200 https://registry.npmjs.org/@mux%2fmux-player 187ms (cache hit)
npm http fetch GET 200 https://registry.npmjs.org/strtok3 307ms (cache hit)
npm http fetch GET 200 https://registry.npmjs.org/uint8array-extras 317ms (cache hit)
npm http fetch GET 200 https://registry.npmjs.org/@tokenizer%2finflate 319ms (cache hit)
npm http fetch GET 200 https://registry.npmjs.org/stream-slice 321ms (cache hit)
npm http fetch GET 200 https://registry.npmjs.org/@img%2fsharp-darwin-arm64 48ms (cache hit)
npm http fetch GET 200 https://registry.npmjs.org/@img%2fcolour 315ms (cache hit)
npm http fetch GET 200 https://registry.npmjs.org/detect-libc 196ms (cache hit)
npm http fetch GET 200 https://registry.npmjs.org/@img%2fsharp-darwin-x64 44ms (cache hit)
npm http fetch GET 200 https://registry.npmjs.org/@img%2fsharp-freebsd-wasm32 43ms (cache hit)
npm http fetch GET 200 https://registry.npmjs.org/@img%2fsharp-libvips-darwin-arm64 41ms (cache hit)
npm http fetch GET 200 https://registry.npmjs.org/@img%2fsharp-libvips-darwin-x64 41ms (cache hit)
npm http fetch GET 200 https://registry.npmjs.org/@img%2fsharp-libvips-linux-ppc64 24ms (cache hit)
npm http fetch GET 200 https://registry.npmjs.org/@img%2fsharp-libvips-linux-riscv64 24ms (cache hit)
npm http fetch GET 200 https://registry.npmjs.org/@img%2fsharp-libvips-linux-arm64 32ms (cache hit)
npm http fetch GET 200 https://registry.npmjs.org/@img%2fsharp-libvips-linux-s390x 28ms (cache hit)
npm http fetch GET 200 https://registry.npmjs.org/@img%2fsharp-libvips-linux-x64 29ms (cache hit)
npm http fetch GET 200 https://registry.npmjs.org/@img%2fsharp-libvips-linux-arm 44ms (cache hit)
npm http fetch GET 200 https://registry.npmjs.org/@img%2fsharp-libvips-linuxmusl-arm64 34ms (cache hit)
npm http fetch GET 200 https://registry.npmjs.org/@img%2fsharp-libvips-linuxmusl-x64 47ms (cache hit)
npm http fetch GET 200 https://registry.npmjs.org/@img%2fsharp-linux-arm 47ms (cache hit)
npm http fetch GET 200 https://registry.npmjs.org/@img%2fsharp-linux-s390x 37ms (cache hit)
npm http fetch GET 200 https://registry.npmjs.org/@img%2fsharp-linux-x64 37ms (cache hit)
npm http fetch GET 200 https://registry.npmjs.org/@img%2fsharp-linux-arm64 53ms (cache hit)
npm http fetch GET 200 https://registry.npmjs.org/@img%2fsharp-linux-riscv64 49ms (cache hit)
npm http fetch GET 200 https://registry.npmjs.org/@img%2fsharp-linux-ppc64 56ms (cache hit)
npm http fetch GET 200 https://registry.npmjs.org/@img%2fsharp-linuxmusl-arm64 38ms (cache hit)
npm http fetch GET 200 https://registry.npmjs.org/@img%2fsharp-linuxmusl-x64 37ms (cache hit)
npm http fetch GET 200 https://registry.npmjs.org/@img%2fsharp-win32-arm64 33ms (cache hit)
npm http fetch GET 200 https://registry.npmjs.org/@img%2fsharp-webcontainers-wasm32 37ms (cache hit)
npm http fetch GET 200 https://registry.npmjs.org/@img%2fsharp-win32-ia32 33ms (cache hit)
npm http fetch GET 200 https://registry.npmjs.org/@img%2fsharp-win32-x64 33ms (cache hit)
npm http fetch GET 200 https://registry.npmjs.org/player.style 18ms (cache hit)
npm http fetch GET 200 https://registry.npmjs.org/media-chrome 32ms (cache hit)
npm http fetch GET 200 https://registry.npmjs.org/@mux%2fmux-video 81ms (cache hit)
npm http fetch GET 200 https://registry.npmjs.org/mux-embed 137ms (cache hit)
npm http fetch GET 200 https://registry.npmjs.org/hls.js 203ms (cache hit)
npm http fetch GET 200 https://registry.npmjs.org/media-tracks 18ms (cache hit)
npm http fetch GET 200 https://registry.npmjs.org/castable-video 19ms (cache hit)
npm http fetch GET 200 https://registry.npmjs.org/custom-media-element 21ms (cache hit)
npm http fetch GET 200 https://registry.npmjs.org/which-pm 10ms (cache hit)
npm http fetch GET 200 https://registry.npmjs.org/find-yarn-workspace-root2 12ms (cache hit)
npm http fetch GET 200 https://registry.npmjs.org/find-up-simple 15ms (cache hit)
npm http fetch GET 200 https://registry.npmjs.org/js-tokens 17ms (cache hit)
npm http fetch GET 200 https://registry.npmjs.org/ansi-regex 15ms (cache hit)
npm http fetch GET 200 https://registry.npmjs.org/@babel%2fhelper-validator-identifier 20ms (cache hit)
npm http fetch GET 200 https://registry.npmjs.org/react-is 43ms (cache hit)
npm http fetch GET 200 https://registry.npmjs.org/@codemirror%2flint 20ms (cache hit)
npm http fetch GET 200 https://registry.npmjs.org/@codemirror%2fsearch 21ms (cache hit)
npm http fetch GET 200 https://registry.npmjs.org/@codemirror%2fautocomplete 22ms (cache hit)
npm http fetch GET 200 https://registry.npmjs.org/@codemirror%2flint 24ms (cache hit)
npm http fetch GET 200 https://registry.npmjs.org/@codemirror%2fsearch 25ms (cache hit)
npm http fetch GET 200 https://registry.npmjs.org/@codemirror%2fautocomplete 27ms (cache hit)
npm http fetch GET 200 https://registry.npmjs.org/@swc%2fcounter 27ms (cache hit)
npm http fetch GET 200 https://registry.npmjs.org/@swc%2ftypes 30ms (cache hit)
npm http fetch GET 200 https://registry.npmjs.org/@swc%2fcore-darwin-x64 38ms (cache hit)
npm http fetch GET 200 https://registry.npmjs.org/@swc%2fcore-linux-x64-gnu 64ms (cache hit)
npm http fetch GET 200 https://registry.npmjs.org/@swc%2fcore-win32-x64-msvc 90ms (cache hit)
npm http fetch GET 200 https://registry.npmjs.org/@swc%2fcore-linux-x64-musl 121ms (cache hit)
npm http fetch GET 200 https://registry.npmjs.org/@swc%2fcore-darwin-arm64 149ms (cache hit)
npm http fetch GET 200 https://registry.npmjs.org/@swc%2fcore-linux-arm64-gnu 172ms (cache hit)
npm http fetch GET 200 https://registry.npmjs.org/@swc%2fcore-linux-ppc64-gnu 196ms (cache hit)
npm http fetch GET 200 https://registry.npmjs.org/@swc%2fcore-linux-s390x-gnu 169ms (cache hit)
npm http fetch GET 200 https://registry.npmjs.org/@swc%2fcore-win32-ia32-msvc 146ms (cache hit)
npm http fetch GET 200 https://registry.npmjs.org/@swc%2fcore-win32-arm64-msvc 116ms (cache hit)
npm http fetch GET 200 https://registry.npmjs.org/@swc%2fcore-linux-arm64-musl 166ms (cache hit)
npm http fetch GET 200 https://registry.npmjs.org/@swc%2fcore-linux-arm-gnueabihf 126ms (cache hit)
npm http fetch GET 200 https://registry.npmjs.org/@vercel%2foidc 6ms (cache hit)
npm http fetch GET 200 https://registry.npmjs.org/asynckit 17ms (cache hit)
npm http fetch GET 200 https://registry.npmjs.org/hasown 23ms (cache hit)
npm http fetch GET 200 https://registry.npmjs.org/combined-stream 22ms (cache hit)
npm http fetch GET 200 https://registry.npmjs.org/agent-base 22ms (cache hit)
npm http fetch GET 200 https://registry.npmjs.org/es-set-tostringtag 25ms (cache hit)
npm http fetch GET 200 https://registry.npmjs.org/pump 19ms (cache hit)
npm http fetch GET 200 https://registry.npmjs.org/simple-get 19ms (cache hit)
npm http fetch GET 200 https://registry.npmjs.org/node-abi 23ms (cache hit)
npm http fetch GET 200 https://registry.npmjs.org/rc 34ms (cache hit)
npm http fetch GET 200 https://registry.npmjs.org/file-uri-to-path 41ms (cache hit)
npm http fetch GET 200 https://registry.npmjs.org/tunnel-agent 35ms (cache hit)
npm http fetch GET 200 https://registry.npmjs.org/tar-fs 40ms (cache hit)
npm http fetch GET 200 https://registry.npmjs.org/expand-template 29ms (cache hit)
npm http fetch GET 200 https://registry.npmjs.org/mkdirp-classic 33ms (cache hit)
npm http fetch GET 200 https://registry.npmjs.org/github-from-package 20ms (cache hit)
npm http fetch GET 200 https://registry.npmjs.org/napi-build-utils 24ms (cache hit)
npm http fetch GET 200 https://registry.npmjs.org/emoji-regex 9ms (cache hit)
npm http fetch GET 200 https://registry.npmjs.org/is-fullwidth-code-point 11ms (cache hit)
npm http fetch GET 200 https://registry.npmjs.org/color-convert 11ms (cache hit)
npm http fetch GET 200 https://registry.npmjs.org/has-flag 12ms (cache hit)
npm http fetch GET 200 https://registry.npmjs.org/color-name 5ms (cache hit)
npm http fetch GET 200 https://registry.npmjs.org/fill-range 23ms (cache hit)
npm http fetch GET 200 https://registry.npmjs.org/binary-extensions 24ms (cache hit)
npm http fetch GET 200 https://registry.npmjs.org/is-extglob 26ms (cache hit)
npm http fetch GET 200 https://registry.npmjs.org/to-regex-range 11ms (cache hit)
npm http fetch GET 200 https://registry.npmjs.org/cliui 37ms (cache hit)
npm http fetch GET 200 https://registry.npmjs.org/y18n 46ms (cache hit)
npm http fetch GET 200 https://registry.npmjs.org/yargs-parser 46ms (cache hit)
npm http fetch GET 200 https://registry.npmjs.org/get-caller-file 53ms (cache hit)
npm http fetch GET 200 https://registry.npmjs.org/require-directory 53ms (cache hit)
npm http fetch GET 200 https://registry.npmjs.org/is-obj 32ms (cache hit)
npm http fetch GET 200 https://registry.npmjs.org/crypto-random-string 30ms (cache hit)
npm http fetch GET 200 https://registry.npmjs.org/is-typedarray 29ms (cache hit)
npm http fetch GET 200 https://registry.npmjs.org/imurmurhash 32ms (cache hit)
npm http fetch GET 200 https://registry.npmjs.org/typedarray-to-buffer 32ms (cache hit)
npm http fetch GET 200 https://registry.npmjs.org/shebang-regex 15ms (cache hit)
npm http fetch GET 200 https://registry.npmjs.org/isexe 14ms (cache hit)
npm http fetch GET 200 https://registry.npmjs.org/source-map-js 33ms (cache hit)
npm http fetch GET 200 https://registry.npmjs.org/nanoid 39ms (cache hit)
npm http fetch GET 200 https://registry.npmjs.org/postcss-selector-parser 47ms (cache hit)
npm http fetch GET 200 https://registry.npmjs.org/postcss-selector-parser 48ms (cache hit)
npm http fetch GET 200 https://registry.npmjs.org/resolve-pkg-maps 9ms (cache hit)
npm http fetch GET 200 https://registry.npmjs.org/mimic-fn 9ms (cache hit)
npm http fetch GET 200 https://registry.npmjs.org/wrappy 35ms (cache hit)
npm http fetch GET 200 https://registry.npmjs.org/negotiator 49ms (cache hit)
npm http fetch GET 200 https://registry.npmjs.org/ee-first 43ms (cache hit)
npm http fetch GET 200 https://registry.npmjs.org/forwarded 41ms (cache hit)
npm http fetch GET 200 https://registry.npmjs.org/ipaddr.js 40ms (cache hit)
npm http fetch GET 200 https://registry.npmjs.org/is-promise 41ms (cache hit)
npm http fetch GET 200 https://registry.npmjs.org/media-typer 36ms (cache hit)
npm http fetch GET 200 https://registry.npmjs.org/safer-buffer 7ms (cache hit)
npm http fetch GET 200 https://registry.npmjs.org/@tokenizer%2ftoken 14ms (cache hit)
npm http fetch GET 200 https://registry.npmjs.org/@borewit%2ftext-codec 15ms (cache hit)
npm http fetch GET 200 https://registry.npmjs.org/@tokenizer%2ftoken 16ms (cache hit)
npm http fetch GET 200 https://registry.npmjs.org/ieee754 20ms (cache hit)
npm http fetch GET 200 https://registry.npmjs.org/is-number 11ms (cache hit)
npm http fetch GET 200 https://registry.npmjs.org/path-type 32ms (cache hit)
npm http fetch GET 200 https://registry.npmjs.org/parse-json 33ms (cache hit)
npm http fetch GET 200 https://registry.npmjs.org/import-fresh 33ms (cache hit)
npm http fetch GET 200 https://registry.npmjs.org/fs-monkey 30ms (cache hit)
npm http fetch GET 200 https://registry.npmjs.org/@types%2fparse-json 35ms (cache hit)
npm http fetch GET 200 https://registry.npmjs.org/ajv 34ms (cache hit)
npm http fetch GET 200 https://registry.npmjs.org/parent-module 23ms (cache hit)
npm http fetch GET 200 https://registry.npmjs.org/lines-and-columns 24ms (cache hit)
npm http fetch GET 200 https://registry.npmjs.org/json-parse-even-better-errors 27ms (cache hit)
npm http fetch GET 200 https://registry.npmjs.org/error-ex 32ms (cache hit)
npm http fetch GET 200 https://registry.npmjs.org/get-intrinsic 21ms (cache hit)
npm http fetch GET 200 https://registry.npmjs.org/delayed-stream 26ms (cache hit)
npm http fetch GET 200 https://registry.npmjs.org/has-tostringtag 24ms (cache hit)
npm http fetch GET 200 https://registry.npmjs.org/es-errors 27ms (cache hit)
npm http fetch GET 200 https://registry.npmjs.org/function-bind 23ms (cache hit)
npm http fetch GET 200 https://registry.npmjs.org/has-symbols 23ms (cache hit)
npm http fetch GET 200 https://registry.npmjs.org/gopd 27ms (cache hit)
npm http fetch GET 200 https://registry.npmjs.org/math-intrinsics 26ms (cache hit)
npm http fetch GET 200 https://registry.npmjs.org/get-proto 29ms (cache hit)
npm http fetch GET 200 https://registry.npmjs.org/call-bind-apply-helpers 26ms (cache hit)
npm http fetch GET 200 https://registry.npmjs.org/es-object-atoms 29ms (cache hit)
npm http fetch GET 200 https://registry.npmjs.org/has-symbols 27ms (cache hit)
npm http fetch GET 200 https://registry.npmjs.org/react-is 36ms (cache hit)
npm http fetch GET 200 https://registry.npmjs.org/dunder-proto 8ms (cache hit)
npm http fetch GET 200 https://registry.npmjs.org/decompress-response 14ms (cache hit)
npm http fetch GET 200 https://registry.npmjs.org/through2 18ms (cache hit)
npm http fetch GET 200 https://registry.npmjs.org/is-retry-allowed 20ms (cache hit)
npm http fetch GET 200 https://registry.npmjs.org/@pnpm%2fnpm-conf 18ms (cache hit)
npm http fetch GET 200 https://registry.npmjs.org/mimic-response 10ms (cache hit)
npm http fetch GET 200 https://registry.npmjs.org/safe-buffer 10ms (cache hit)
npm http fetch GET 200 https://registry.npmjs.org/parse-url 12ms (cache hit)
npm http fetch GET 200 https://registry.npmjs.org/is-ssh 16ms (cache hit)
npm http fetch GET 200 https://registry.npmjs.org/protocols 7ms (cache hit)
npm http fetch GET 200 https://registry.npmjs.org/parse-path 9ms (cache hit)
npm http fetch GET 200 https://registry.npmjs.org/lru-cache 6ms (cache hit)
npm http fetch GET 200 https://registry.npmjs.org/define-properties 6ms (cache hit)
npm http fetch GET 200 https://registry.npmjs.org/define-data-property 12ms (cache hit)
npm http fetch GET 200 https://registry.npmjs.org/has-property-descriptors 12ms (cache hit)
npm http fetch GET 200 https://registry.npmjs.org/object-keys 12ms (cache hit)
npm http fetch GET 200 https://registry.npmjs.org/camel-case 46ms (cache hit)
npm http fetch GET 200 https://registry.npmjs.org/param-case 39ms (cache hit)
npm http fetch GET 200 https://registry.npmjs.org/clean-css 48ms (cache hit)
npm http fetch GET 200 https://registry.npmjs.org/he 50ms (cache hit)
npm http fetch GET 200 https://registry.npmjs.org/renderkid 49ms (cache hit)
npm http fetch GET 200 https://registry.npmjs.org/relateurl 52ms (cache hit)
npm http fetch GET 200 https://registry.npmjs.org/dot-case 25ms (cache hit)
npm http fetch GET 200 https://registry.npmjs.org/pascal-case 28ms (cache hit)
npm http fetch GET 200 https://registry.npmjs.org/source-map-support 27ms (cache hit)
npm http fetch GET 200 https://registry.npmjs.org/@jridgewell%2fsource-map 28ms (cache hit)
npm http fetch GET 200 https://registry.npmjs.org/no-case 6ms (cache hit)
npm http fetch GET 200 https://registry.npmjs.org/callsites 8ms (cache hit)
npm http fetch GET 200 https://registry.npmjs.org/@types%2fnode 45ms (cache hit)
npm http fetch GET 200 https://registry.npmjs.org/chardet 21ms (cache hit)
npm http fetch GET 200 https://registry.npmjs.org/@babel%2ftemplate 45ms (cache hit)
npm http fetch GET 200 https://registry.npmjs.org/@babel%2ftraverse 58ms (cache hit)
npm http fetch GET 200 https://registry.npmjs.org/gensync 77ms (cache hit)
npm http fetch GET 200 https://registry.npmjs.org/@babel%2fgenerator 71ms (cache hit)
npm http fetch GET 200 https://registry.npmjs.org/@babel%2ftypes 110ms (cache hit)
npm http fetch GET 200 https://registry.npmjs.org/@babel%2fhelpers 122ms (cache hit)
npm http fetch GET 200 https://registry.npmjs.org/convert-source-map 121ms (cache hit)
npm http fetch GET 200 https://registry.npmjs.org/@babel%2fhelper-module-transforms 67ms (cache hit)
npm http fetch GET 200 https://registry.npmjs.org/@jridgewell%2fremapping 90ms (cache hit)
npm http fetch GET 200 https://registry.npmjs.org/@babel%2ftypes 63ms (cache hit)
npm http fetch GET 200 https://registry.npmjs.org/@babel%2fhelper-compilation-targets 96ms (cache hit)
npm http fetch GET 200 https://registry.npmjs.org/@babel%2fhelper-create-class-features-plugin 61ms (cache hit)
npm http fetch GET 200 https://registry.npmjs.org/@babel%2fhelper-plugin-utils 81ms (cache hit)
npm http fetch GET 200 https://registry.npmjs.org/@babel%2fhelper-plugin-utils 76ms (cache hit)
npm http fetch GET 200 https://registry.npmjs.org/@babel%2fhelper-skip-transparent-expression-wrappers 56ms (cache hit)
npm http fetch GET 200 https://registry.npmjs.org/@babel%2fhelper-plugin-utils 74ms (cache hit)
npm http fetch GET 200 https://registry.npmjs.org/@babel%2fhelper-plugin-utils 82ms (cache hit)
npm http fetch GET 200 https://registry.npmjs.org/@babel%2fhelper-plugin-utils 64ms (cache hit)
npm http fetch GET 200 https://registry.npmjs.org/@babel%2fplugin-transform-flow-strip-types 45ms (cache hit)
npm http fetch GET 200 https://registry.npmjs.org/@babel%2fhelper-plugin-utils 72ms (cache hit)
npm http fetch GET 200 https://registry.npmjs.org/@babel%2fplugin-syntax-jsx 66ms (cache hit)
npm http fetch GET 200 https://registry.npmjs.org/@babel%2fhelper-validator-option 91ms (cache hit)
npm http fetch GET 200 https://registry.npmjs.org/@babel%2fhelper-validator-option 74ms (cache hit)
npm http fetch GET 200 https://registry.npmjs.org/pirates 80ms (cache hit)
npm http fetch GET 200 https://registry.npmjs.org/@babel%2fplugin-transform-typescript 109ms (cache hit)
npm http fetch GET 200 https://registry.npmjs.org/clone-deep 81ms (cache hit)
npm http fetch GET 200 https://registry.npmjs.org/find-cache-dir 77ms (cache hit)
npm http fetch GET 200 https://registry.npmjs.org/flow-estree 60ms (cache hit)
npm http fetch GET 200 https://registry.npmjs.org/esprima 58ms (cache hit)
npm http fetch GET 200 https://registry.npmjs.org/ast-types 66ms (cache hit)
npm http fetch GET 200 https://registry.npmjs.org/@jridgewell%2ftrace-mapping 77ms (cache hit)
npm http fetch GET 200 https://registry.npmjs.org/jsesc 89ms (cache hit)
npm http fetch GET 200 https://registry.npmjs.org/@babel%2fcompat-data 89ms (cache hit)
npm http fetch GET 200 https://registry.npmjs.org/@babel%2fhelper-globals 84ms (cache hit)
npm http fetch GET 200 https://registry.npmjs.org/@babel%2fhelper-string-parser 83ms (cache hit)
npm http fetch GET 200 https://registry.npmjs.org/@babel%2fhelper-module-imports 97ms (cache hit)
npm http fetch GET 200 https://registry.npmjs.org/@jridgewell%2fgen-mapping 133ms (cache hit)
npm http fetch GET 200 https://registry.npmjs.org/@jridgewell%2fgen-mapping 54ms (cache hit)
npm http fetch GET 200 https://registry.npmjs.org/@jridgewell%2fsourcemap-codec 19ms (cache hit)
npm http fetch GET 200 https://registry.npmjs.org/@jridgewell%2fsourcemap-codec 18ms (cache hit)
npm http fetch GET 200 https://registry.npmjs.org/@jridgewell%2fresolve-uri 38ms (cache hit)
npm http fetch GET 200 https://registry.npmjs.org/@babel%2fhelper-annotate-as-pure 21ms (cache hit)
npm http fetch GET 200 https://registry.npmjs.org/@babel%2fhelper-optimise-call-expression 27ms (cache hit)
npm http fetch GET 200 https://registry.npmjs.org/@babel%2fhelper-member-expression-to-functions 32ms (cache hit)
npm http fetch GET 200 https://registry.npmjs.org/@babel%2fhelper-replace-supers 50ms (cache hit)
npm http fetch GET 200 https://registry.npmjs.org/@babel%2fplugin-syntax-flow 10ms (cache hit)
npm http fetch GET 200 https://registry.npmjs.org/@babel%2fplugin-syntax-typescript 13ms (cache hit)
npm http fetch GET 200 https://registry.npmjs.org/pkg-dir 37ms (cache hit)
npm http fetch GET 200 https://registry.npmjs.org/shallow-clone 41ms (cache hit)
npm http fetch GET 200 https://registry.npmjs.org/pify 41ms (cache hit)
npm http fetch GET 200 https://registry.npmjs.org/commondir 44ms (cache hit)
npm http fetch GET 200 https://registry.npmjs.org/buffer-from 41ms (cache hit)
npm http fetch GET 200 https://registry.npmjs.org/kind-of 54ms (cache hit)
npm http fetch GET 200 https://registry.npmjs.org/isobject 5ms (cache hit)
npm http fetch GET 200 https://registry.npmjs.org/jwa 8ms (cache hit)
npm http fetch GET 200 https://registry.npmjs.org/immediate 41ms (cache hit)
npm http fetch GET 200 https://registry.npmjs.org/process-nextick-args 41ms (cache hit)
npm http fetch GET 200 https://registry.npmjs.org/string_decoder 46ms (cache hit)
npm http fetch GET 200 https://registry.npmjs.org/isarray 52ms (cache hit)
npm http fetch GET 200 https://registry.npmjs.org/util-deprecate 50ms (cache hit)
npm http fetch GET 200 https://registry.npmjs.org/core-util-is 58ms (cache hit)
npm http fetch GET 200 https://registry.npmjs.org/@types%2fbody-parser 45ms (cache hit)
npm http fetch GET 200 https://registry.npmjs.org/lodash.clonedeep 41ms (cache hit)
npm http fetch GET 200 https://registry.npmjs.org/@types%2fexpress-serve-static-core 50ms (cache hit)
npm http fetch GET 200 https://registry.npmjs.org/@types%2fserve-static 62ms (cache hit)
npm http fetch GET 200 https://registry.npmjs.org/@types%2fms 60ms (cache hit)
npm http fetch GET 200 https://registry.npmjs.org/@types%2fqs 74ms (cache hit)
npm http fetch GET 200 https://registry.npmjs.org/@types%2frange-parser 38ms (cache hit)
npm http fetch GET 200 https://registry.npmjs.org/@types%2fsend 41ms (cache hit)
npm http fetch GET 200 https://registry.npmjs.org/@types%2fhttp-errors 39ms (cache hit)
npm http fetch GET 200 https://registry.npmjs.org/@types%2fsend 40ms (cache hit)
npm http fetch GET 200 https://registry.npmjs.org/@types%2fconnect 51ms (cache hit)
npm http fetch GET 200 https://registry.npmjs.org/@types%2fmime 6ms (cache hit)
npm http fetch GET 200 https://registry.npmjs.org/ecdsa-sig-formatter 10ms (cache hit)
npm http fetch GET 200 https://registry.npmjs.org/buffer-equal-constant-time 10ms (cache hit)
npm http fetch GET 200 https://registry.npmjs.org/resolve 8ms (cache hit)
npm http fetch GET 200 https://registry.npmjs.org/keygrip 49ms (cache hit)
npm http fetch GET 200 https://registry.npmjs.org/generator-function 45ms (cache hit)
npm http fetch GET 200 https://registry.npmjs.org/co 45ms (cache hit)
npm http fetch GET 200 https://registry.npmjs.org/call-bound 51ms (cache hit)
npm http fetch GET 200 https://registry.npmjs.org/safe-regex-test 51ms (cache hit)
npm http fetch GET 200 https://registry.npmjs.org/deep-equal 72ms (cache hit)
npm http fetch GET 200 https://registry.npmjs.org/ylru 80ms (cache hit)
npm http fetch GET 200 https://registry.npmjs.org/tsscmp 9ms (cache hit)
npm http fetch GET 200 https://registry.npmjs.org/is-regex 8ms (cache hit)
npm http fetch GET 200 https://registry.npmjs.org/@types%2faccepts 52ms (cache hit)
npm http fetch GET 200 https://registry.npmjs.org/@types%2fcookies 55ms (cache hit)
npm http fetch GET 200 https://registry.npmjs.org/@types%2fcontent-disposition 52ms (cache hit)
npm http fetch GET 200 https://registry.npmjs.org/@types%2fkeygrip 60ms (cache hit)
npm http fetch GET 200 https://registry.npmjs.org/@hapi%2fbourne 54ms (cache hit)
npm http fetch GET 200 https://registry.npmjs.org/@types%2fkoa-compose 85ms (cache hit)
npm http fetch GET 200 https://registry.npmjs.org/@types%2fhttp-assert 91ms (cache hit)
npm http fetch GET 200 https://registry.npmjs.org/inflation 40ms (cache hit)
npm http fetch GET 200 https://registry.npmjs.org/dezalgo 37ms (cache hit)
npm http fetch GET 200 https://registry.npmjs.org/asap 36ms (cache hit)
npm http fetch GET 200 https://registry.npmjs.org/any-promise 113ms (cache hit)
npm http fetch GET 200 https://registry.npmjs.org/thenify-all 115ms (cache hit)
npm http fetch GET 200 https://registry.npmjs.org/pause 24ms (cache hit)
npm http fetch GET 200 https://registry.npmjs.org/utils-merge 25ms (cache hit)
npm http fetch GET 200 https://registry.npmjs.org/buffer 37ms (cache hit)
npm http fetch GET 200 https://registry.npmjs.org/base64-js 38ms (cache hit)
npm http fetch GET 200 https://registry.npmjs.org/resolve-path 45ms (cache hit)
npm http fetch GET 200 https://registry.npmjs.org/path-is-absolute 15ms (cache hit)
npm http fetch GET 200 https://registry.npmjs.org/balanced-match 9ms (cache hit)
npm http fetch GET 200 https://registry.npmjs.org/react 57ms (cache hit)
npm http fetch GET 200 https://registry.npmjs.org/react-dom 50ms (cache hit)
npm http fetch GET 200 https://registry.npmjs.org/motion-dom 26ms (cache hit)
npm http fetch GET 200 https://registry.npmjs.org/motion-utils 45ms (cache hit)
npm http fetch GET 200 https://registry.npmjs.org/thenify 35ms (cache hit)
npm http fetch GET 200 https://registry.npmjs.org/luxon 13ms (cache hit)
npm http fetch GET 200 https://registry.npmjs.org/restore-cursor 11ms (cache hit)
npm http fetch GET 200 https://registry.npmjs.org/defaults 32ms (cache hit)
npm http fetch GET 200 https://registry.npmjs.org/clean-stack 9ms (cache hit)
npm http fetch GET 200 https://registry.npmjs.org/indent-string 10ms (cache hit)
npm http fetch GET 200 https://registry.npmjs.org/lower-case 8ms (cache hit)
npm http fetch GET 200 https://registry.npmjs.org/is-arrayish 65ms (cache hit)
npm http fetch GET 200 https://registry.npmjs.org/locate-path 46ms (cache hit)
npm http fetch GET 200 https://registry.npmjs.org/p-locate 12ms (cache hit)
npm http fetch GET 200 https://registry.npmjs.org/path-exists 33ms (cache hit)
npm http fetch GET 200 https://registry.npmjs.org/p-limit 7ms (cache hit)
npm http fetch GET 200 https://registry.npmjs.org/p-try 41ms (cache hit)
npm http fetch GET 200 https://registry.npmjs.org/findup-sync 38ms (cache hit)
npm http fetch GET 200 https://registry.npmjs.org/@types%2finquirer 45ms (cache hit)
npm http fetch GET 200 https://registry.npmjs.org/fined 57ms (cache hit)
npm http fetch GET 200 https://registry.npmjs.org/@types%2ffined 71ms (cache hit)
npm http fetch GET 200 https://registry.npmjs.org/extend 90ms (cache hit)
npm http fetch GET 200 https://registry.npmjs.org/flagged-respawn 102ms (cache hit)
npm http fetch GET 200 https://registry.npmjs.org/@types%2fpicomatch 108ms (cache hit)
npm http fetch GET 200 https://registry.npmjs.org/change-case 75ms (cache hit)
npm http fetch GET 200 https://registry.npmjs.org/tinyglobby 52ms (cache hit)
npm http fetch GET 200 https://registry.npmjs.org/dlv 82ms (cache hit)
npm http fetch GET 200 https://registry.npmjs.org/title-case 45ms (cache hit)
npm http fetch GET 200 https://registry.npmjs.org/isbinaryfile 89ms (cache hit)
npm http fetch GET 200 https://registry.npmjs.org/detect-file 45ms (cache hit)
npm http fetch GET 200 https://registry.npmjs.org/object.defaults 47ms (cache hit)
npm http fetch GET 200 https://registry.npmjs.org/resolve-dir 52ms (cache hit)
npm http fetch GET 200 https://registry.npmjs.org/object.pick 51ms (cache hit)
npm http fetch GET 200 https://registry.npmjs.org/parse-filepath 53ms (cache hit)
npm http fetch GET 200 https://registry.npmjs.org/path-parse 74ms (cache hit)
npm http fetch GET 200 https://registry.npmjs.org/expand-tilde 81ms (cache hit)
npm http fetch GET 200 https://registry.npmjs.org/is-core-module 43ms (cache hit)
npm http fetch GET 200 https://registry.npmjs.org/supports-preserve-symlinks-flag 49ms (cache hit)
npm http fetch GET 200 https://registry.npmjs.org/global-modules 273ms (cache miss)
npm http fetch GET 200 https://registry.npmjs.org/map-cache 266ms (cache revalidated)
npm http fetch GET 200 https://registry.npmjs.org/path-root 267ms (cache revalidated)
npm http fetch GET 200 https://registry.npmjs.org/array-each 301ms (cache revalidated)
npm http fetch GET 200 https://registry.npmjs.org/homedir-polyfill 304ms (cache revalidated)
npm http fetch GET 200 https://registry.npmjs.org/for-own 316ms (cache revalidated)
npm http fetch GET 200 https://registry.npmjs.org/array-slice 356ms (cache revalidated)
npm http fetch GET 200 https://registry.npmjs.org/is-absolute 365ms (cache revalidated)
npm http fetch GET 200 https://registry.npmjs.org/parse-passwd 263ms (cache revalidated)
npm http fetch GET 200 https://registry.npmjs.org/fdir 288ms (cache revalidated)
npm http fetch GET 200 https://registry.npmjs.org/@types%2fthrough 572ms (cache revalidated)
npm http fetch GET 200 https://registry.npmjs.org/for-in 334ms (cache revalidated)
npm http fetch GET 200 https://registry.npmjs.org/is-windows 358ms (cache revalidated)
npm http fetch GET 200 https://registry.npmjs.org/is-relative 373ms (cache revalidated)
npm http fetch GET 200 https://registry.npmjs.org/path-root-regex 378ms (cache revalidated)
npm http fetch GET 200 https://registry.npmjs.org/is-unc-path 340ms (cache revalidated)
npm http fetch GET 200 https://registry.npmjs.org/unc-path-regex 304ms (cache revalidated)
npm http fetch GET 200 https://registry.npmjs.org/cssesc 314ms (cache revalidated)
npm http fetch GET 200 https://registry.npmjs.org/strip-json-comments 310ms (cache revalidated)
npm http fetch GET 200 https://registry.npmjs.org/ini 347ms (cache revalidated)
npm http fetch GET 200 https://registry.npmjs.org/simple-concat 359ms (cache revalidated)
npm http fetch GET 200 https://registry.npmjs.org/deep-extend 395ms (cache revalidated)
npm http fetch GET 200 https://registry.npmjs.org/upath2 222ms (cache revalidated)
npm http fetch GET 200 https://registry.npmjs.org/load-yaml-file 233ms (cache revalidated)
npm http fetch GET 200 https://registry.npmjs.org/path-is-network-drive 309ms (cache revalidated)
npm http fetch GET 200 https://registry.npmjs.org/path-strip-sep 334ms (cache revalidated)
npm http fetch GET 200 https://registry.npmjs.org/@lazy-node%2ftypes-path 818ms (cache revalidated)
npm http fetch GET 200 https://registry.npmjs.org/css-select 263ms (cache revalidated)
npm http fetch GET 200 https://registry.npmjs.org/dom-converter 290ms (cache revalidated)
npm http fetch GET 200 https://registry.npmjs.org/htmlparser2 324ms (cache revalidated)
npm http fetch GET 200 https://registry.npmjs.org/side-channel-list 34ms (cache hit)
npm http fetch GET 200 https://registry.npmjs.org/object-inspect 46ms (cache hit)
npm http fetch GET 200 https://registry.npmjs.org/side-channel-map 48ms (cache hit)
npm http fetch GET 200 https://registry.npmjs.org/side-channel-weakmap 259ms (cache revalidated)
npm http fetch GET 200 https://registry.npmjs.org/@react-dnd%2fasap 810ms (cache revalidated)
npm http fetch GET 200 https://registry.npmjs.org/react 24ms (cache hit)
npm http fetch GET 200 https://registry.npmjs.org/react 37ms (cache hit)
npm http fetch GET 200 https://registry.npmjs.org/typescript 122ms (cache hit)
npm http fetch GET 200 https://registry.npmjs.org/@formatjs%2fintl-localematcher 486ms (cache revalidated)
npm http fetch GET 200 https://registry.npmjs.org/@formatjs%2ffast-memoize 515ms (cache revalidated)
npm http fetch GET 200 https://registry.npmjs.org/@formatjs%2ficu-skeleton-parser 543ms (cache revalidated)
npm http fetch GET 200 https://registry.npmjs.org/@formatjs%2fintl-localematcher 791ms (cache revalidated)
npm http fetch GET 200 https://registry.npmjs.org/@formatjs%2fintl-localematcher 786ms (cache revalidated)
npm http fetch GET 200 https://registry.npmjs.org/@formatjs%2ffast-memoize 871ms (cache revalidated)
npm http fetch GET 200 https://registry.npmjs.org/comma-separated-tokens 131ms (cache hit)
npm http fetch GET 200 https://registry.npmjs.org/estree-util-is-identifier-name 136ms (cache hit)
npm http fetch GET 200 https://registry.npmjs.org/hast-util-whitespace 150ms (cache hit)
npm http fetch GET 200 https://registry.npmjs.org/mdast-util-mdx-expression 155ms (cache hit)
npm http fetch GET 200 https://registry.npmjs.org/@types%2funist 262ms (cache revalidated)
npm http fetch GET 200 https://registry.npmjs.org/@types%2funist 263ms (cache revalidated)
npm http fetch GET 200 https://registry.npmjs.org/@types%2funist 265ms (cache revalidated)
npm http fetch GET 200 https://registry.npmjs.org/space-separated-tokens 184ms (cache revalidated)
npm http fetch GET 200 https://registry.npmjs.org/mdast-util-mdxjs-esm 331ms (cache revalidated)
npm http fetch GET 200 https://registry.npmjs.org/mdast-util-mdx-jsx 350ms (cache revalidated)
npm http fetch GET 200 https://registry.npmjs.org/property-information 348ms (cache revalidated)
npm http fetch GET 200 https://registry.npmjs.org/style-to-js 357ms (cache revalidated)
npm http fetch GET 200 https://registry.npmjs.org/vfile-message 357ms (cache revalidated)
npm http fetch GET 200 https://registry.npmjs.org/unist-util-position 394ms (cache revalidated)
npm http fetch GET 200 https://registry.npmjs.org/trim-lines 206ms (cache revalidated)
npm http fetch GET 200 https://registry.npmjs.org/micromark-util-sanitize-uri 303ms (cache revalidated)
npm http fetch GET 200 https://registry.npmjs.org/unist-util-position 330ms (cache revalidated)
npm http fetch GET 200 https://registry.npmjs.org/mdast-util-from-markdown 300ms (cache revalidated)
npm http fetch GET 200 https://registry.npmjs.org/micromark-util-types 330ms (cache revalidated)
npm http fetch GET 200 https://registry.npmjs.org/bail 309ms (cache revalidated)
npm http fetch GET 200 https://registry.npmjs.org/is-plain-obj 314ms (cache revalidated)
npm http fetch GET 200 https://registry.npmjs.org/trough 260ms (cache revalidated)
npm http fetch GET 200 https://registry.npmjs.org/unist-util-is 235ms (cache revalidated)
npm http fetch GET 200 https://registry.npmjs.org/@ungap%2fstructured-clone 776ms (cache revalidated)
npm http fetch GET 200 https://registry.npmjs.org/unist-util-visit-parents 283ms (cache revalidated)
npm http fetch GET 200 https://registry.npmjs.org/mdast-util-to-markdown 346ms (cache revalidated)
npm http fetch GET 200 https://registry.npmjs.org/mdast-util-to-markdown 350ms (cache revalidated)
npm http fetch GET 200 https://registry.npmjs.org/ccount 384ms (cache revalidated)
npm http fetch GET 200 https://registry.npmjs.org/stringify-entities 384ms (cache revalidated)
npm http fetch GET 200 https://registry.npmjs.org/@types%2festree-jsx 304ms (cache revalidated)
npm http fetch GET 200 https://registry.npmjs.org/@types%2festree-jsx 678ms (cache revalidated)
npm http fetch GET 200 https://registry.npmjs.org/@types%2festree-jsx 679ms (cache revalidated)
npm http fetch GET 200 https://registry.npmjs.org/unist-util-stringify-position 318ms (cache revalidated)
npm http fetch GET 200 https://registry.npmjs.org/unist-util-stringify-position 370ms (cache revalidated)
npm http fetch GET 200 https://registry.npmjs.org/style-to-object 340ms (cache revalidated)
npm http fetch GET 200 https://registry.npmjs.org/parse-entities 860ms (cache revalidated)
npm http fetch GET 200 https://registry.npmjs.org/mdast-util-to-string 369ms (cache revalidated)
npm http fetch GET 200 https://registry.npmjs.org/decode-named-character-reference 396ms (cache revalidated)
npm http fetch GET 200 https://registry.npmjs.org/micromark 403ms (cache revalidated)
npm http fetch GET 200 https://registry.npmjs.org/micromark-util-decode-numeric-character-reference 415ms (cache revalidated)
npm http fetch GET 200 https://registry.npmjs.org/micromark-util-normalize-identifier 488ms (cache revalidated)
npm http fetch GET 200 https://registry.npmjs.org/micromark-util-symbol 489ms (cache revalidated)
npm http fetch GET 200 https://registry.npmjs.org/micromark-util-decode-string 79ms (cache hit)
npm http fetch GET 200 https://registry.npmjs.org/micromark-util-decode-string 498ms (cache revalidated)
npm http fetch GET 200 https://registry.npmjs.org/longest-streak 278ms (cache revalidated)
npm http fetch GET 200 https://registry.npmjs.org/mdast-util-phrasing 298ms (cache revalidated)
npm http fetch GET 200 https://registry.npmjs.org/micromark-util-classify-character 360ms (cache revalidated)
npm http fetch GET 200 https://registry.npmjs.org/zwitch 347ms (cache revalidated)
npm http fetch GET 200 https://registry.npmjs.org/micromark-factory-space 206ms (cache revalidated)
npm http fetch GET 200 https://registry.npmjs.org/micromark-util-character 226ms (cache revalidated)
npm http fetch GET 200 https://registry.npmjs.org/micromark-core-commonmark 280ms (cache revalidated)
npm http fetch GET 200 https://registry.npmjs.org/character-entities 323ms (cache revalidated)
npm http fetch GET 200 https://registry.npmjs.org/micromark-util-chunked 324ms (cache revalidated)
npm http fetch GET 200 https://registry.npmjs.org/micromark-util-combine-extensions 325ms (cache revalidated)
npm http fetch GET 200 https://registry.npmjs.org/micromark-util-encode 294ms (cache revalidated)
npm http fetch GET 200 https://registry.npmjs.org/micromark-util-resolve-all 280ms (cache revalidated)
npm http fetch GET 200 https://registry.npmjs.org/@types%2fdebug 553ms (cache revalidated)
npm http fetch GET 200 https://registry.npmjs.org/micromark-util-subtokenize 307ms (cache revalidated)
npm http fetch GET 200 https://registry.npmjs.org/is-alphanumerical 272ms (cache revalidated)
npm http fetch GET 200 https://registry.npmjs.org/character-entities-legacy 266ms (cache revalidated)
npm http fetch GET 200 https://registry.npmjs.org/character-entities-legacy 320ms (cache revalidated)
npm http fetch GET 200 https://registry.npmjs.org/character-reference-invalid 324ms (cache revalidated)
npm http fetch GET 200 https://registry.npmjs.org/is-hexadecimal 329ms (cache revalidated)
npm http fetch GET 200 https://registry.npmjs.org/is-decimal 333ms (cache revalidated)
npm http fetch GET 200 https://registry.npmjs.org/character-entities-html4 387ms (cache revalidated)
npm http fetch GET 200 https://registry.npmjs.org/micromark-factory-destination 278ms (cache revalidated)
npm http fetch GET 200 https://registry.npmjs.org/micromark-factory-label 305ms (cache revalidated)
npm http fetch GET 200 https://registry.npmjs.org/micromark-factory-whitespace 378ms (cache revalidated)
npm http fetch GET 200 https://registry.npmjs.org/micromark-factory-title 398ms (cache revalidated)
npm http fetch GET 200 https://registry.npmjs.org/micromark-util-html-tag-name 385ms (cache revalidated)
npm http fetch GET 200 https://registry.npmjs.org/is-alphabetical 370ms (cache revalidated)
npm http fetch GET 200 https://registry.npmjs.org/nano-time 251ms (cache revalidated)
npm http fetch GET 200 https://registry.npmjs.org/unload 265ms (cache revalidated)
npm http fetch GET 200 https://registry.npmjs.org/detect-node 363ms (cache revalidated)
npm http fetch GET 200 https://registry.npmjs.org/js-sha3 381ms (cache revalidated)
npm http fetch GET 200 https://registry.npmjs.org/microseconds 386ms (cache revalidated)
npm http fetch GET 200 https://registry.npmjs.org/remove-accents 402ms (cache revalidated)
npm http fetch GET 200 https://registry.npmjs.org/oblivious-set 410ms (cache revalidated)
npm http fetch GET 200 https://registry.npmjs.org/big-integer 168ms (cache revalidated)
npm http fetch GET 200 https://registry.npmjs.org/react 25ms (cache hit)
npm http fetch GET 200 https://registry.npmjs.org/detect-node-es 224ms (cache revalidated)
npm http fetch GET 200 https://registry.npmjs.org/get-nonce 230ms (cache revalidated)
npm http fetch GET 200 https://registry.npmjs.org/react 39ms (cache hit)
npm http fetch GET 200 https://registry.npmjs.org/react-dom 37ms (cache hit)
npm http fetch GET 200 https://registry.npmjs.org/@emotion%2fbabel-plugin 686ms (cache revalidated)
npm http fetch GET 200 https://registry.npmjs.org/@emotion%2fserialize 733ms (cache revalidated)
npm http fetch GET 200 https://registry.npmjs.org/@emotion%2futils 745ms (cache revalidated)
npm http fetch GET 200 https://registry.npmjs.org/@emotion%2futils 748ms (cache revalidated)
npm http fetch GET 200 https://registry.npmjs.org/@emotion%2fweak-memoize 57ms (cache hit)
npm http fetch GET 200 https://registry.npmjs.org/@emotion%2fmemoize 823ms (cache revalidated)
npm http fetch GET 200 https://registry.npmjs.org/@emotion%2fsheet 837ms (cache revalidated)
npm http fetch GET 200 https://registry.npmjs.org/@emotion%2fweak-memoize 841ms (cache revalidated)
npm http fetch GET 200 https://registry.npmjs.org/dom-helpers 286ms (cache revalidated)
npm http fetch GET 200 https://registry.npmjs.org/@emotion%2fuse-insertion-effect-with-fallbacks 706ms (cache revalidated)
npm http fetch GET 200 https://registry.npmjs.org/find-root 327ms (cache miss)
npm http fetch GET 200 https://registry.npmjs.org/babel-plugin-macros 330ms (cache revalidated)
npm http fetch GET 200 https://registry.npmjs.org/@emotion%2fhash 839ms (cache revalidated)
npm http fetch GET 200 https://registry.npmjs.org/@emotion%2fhash 845ms (cache revalidated)
npm http fetch GET 200 https://registry.npmjs.org/@emotion%2funitless 889ms (cache revalidated)
npm http fetch GET 200 https://registry.npmjs.org/normalize-package-data 255ms (cache revalidated)
npm http fetch GET 200 https://registry.npmjs.org/@types%2fnormalize-package-data 547ms (cache revalidated)
npm http fetch GET 200 https://registry.npmjs.org/hosted-git-info 341ms (cache revalidated)
npm http fetch GET 200 https://registry.npmjs.org/validate-npm-package-license 364ms (cache revalidated)
npm http fetch GET 200 https://registry.npmjs.org/spdx-correct 332ms (cache revalidated)
npm http fetch GET 200 https://registry.npmjs.org/spdx-expression-parse 338ms (cache revalidated)
npm http fetch GET 200 https://registry.npmjs.org/config-chain 263ms (cache revalidated)
npm http fetch GET 200 https://registry.npmjs.org/@pnpm%2fnetwork.ca-file 784ms (cache revalidated)
npm http fetch GET 200 https://registry.npmjs.org/@pnpm%2fconfig.env-replace 826ms (cache revalidated)
npm http fetch GET 200 https://registry.npmjs.org/proto-list 241ms (cache revalidated)
npm http fetch GET 200 https://registry.npmjs.org/nth-check 132ms (cache revalidated)
npm http fetch GET 200 https://registry.npmjs.org/domutils 130ms (cache revalidated)
npm http fetch GET 200 https://registry.npmjs.org/domutils 148ms (cache revalidated)
npm http fetch GET 200 https://registry.npmjs.org/domhandler 49ms (cache hit)
npm http fetch GET 200 https://registry.npmjs.org/domelementtype 59ms (cache hit)
npm http fetch GET 200 https://registry.npmjs.org/boolbase 337ms (cache revalidated)
npm http fetch GET 200 https://registry.npmjs.org/domhandler 386ms (cache revalidated)
npm http fetch GET 200 https://registry.npmjs.org/utila 406ms (cache revalidated)
npm http fetch GET 200 https://registry.npmjs.org/css-what 439ms (cache revalidated)
npm http fetch GET 200 https://registry.npmjs.org/dom-serializer 307ms (cache revalidated)
npm http fetch GET 200 https://registry.npmjs.org/global-prefix 300ms (cache revalidated)
npm http fetch GET 200 https://registry.npmjs.org/ajv 11ms (cache hit)
npm http fetch GET 200 https://registry.npmjs.org/@img%2fsharp-wasm32 10ms (cache hit)
npm http fetch GET 200 https://registry.npmjs.org/@img%2fsharp-wasm32 27ms (cache hit)
npm http fetch GET 200 https://registry.npmjs.org/@emnapi%2fruntime 6ms (cache hit)
npm http fetch GET 200 https://registry.npmjs.org/compute-scroll-into-view 91ms (cache revalidated)
npm http fetch GET 200 https://registry.npmjs.org/inline-style-parser 315ms (cache miss)
npm http fetch GET 200 https://registry.npmjs.org/camelize 314ms (cache revalidated)
npm http fetch GET 200 https://registry.npmjs.org/css-color-keywords 347ms (cache revalidated)
npm http fetch GET 200 https://registry.npmjs.org/@shikijs%2fthemes 800ms (cache revalidated)
npm http fetch GET 200 https://registry.npmjs.org/@shikijs%2fengine-oniguruma 809ms (cache revalidated)
npm http fetch GET 200 https://registry.npmjs.org/@shikijs%2flangs 819ms (cache revalidated)
npm http fetch GET 200 https://registry.npmjs.org/@shikijs%2ftypes 837ms (cache revalidated)
npm http fetch GET 200 https://registry.npmjs.org/@shikijs%2fvscode-textmate 880ms (cache revalidated)
npm http fetch GET 200 https://registry.npmjs.org/ts-type 288ms (cache revalidated)
npm http fetch GET 200 https://registry.npmjs.org/ts-toolbelt 491ms (cache revalidated)
npm http fetch GET 200 https://registry.npmjs.org/typedarray-dts 55ms (cache revalidated)
npm http fetch GET 200 https://registry.npmjs.org/spdx-license-ids 366ms (cache revalidated)
npm http fetch GET 200 https://registry.npmjs.org/spdx-license-ids 372ms (cache revalidated)
npm http fetch GET 200 https://registry.npmjs.org/spdx-exceptions 407ms (cache revalidated)
npm http fetch GET 200 https://registry.npmjs.org/@rollup%2frollup-freebsd-arm64 353ms (cache revalidated)
npm http fetch GET 200 https://registry.npmjs.org/@napi-rs%2flzma-linux-x64-gnu 740ms (cache revalidated)
npm http fetch GET 200 https://registry.npmjs.org/@rollup%2frollup-freebsd-x64 825ms (cache revalidated)
npm http fetch GET 200 https://registry.npmjs.org/@rollup%2frollup-openbsd-x64 866ms (cache revalidated)
npm http fetch GET 200 https://registry.npmjs.org/@rollup%2frollup-android-arm64 864ms (cache revalidated)
npm http fetch GET 200 https://registry.npmjs.org/@rollup%2frollup-darwin-x64 886ms (cache revalidated)
npm http fetch GET 200 https://registry.npmjs.org/@rollup%2frollup-linux-x64-gnu 536ms (cache revalidated)
npm http fetch GET 200 https://registry.npmjs.org/@rollup%2frollup-darwin-arm64 909ms (cache revalidated)
npm http fetch GET 200 https://registry.npmjs.org/@rollup%2frollup-win32-x64-gnu 521ms (cache revalidated)
npm http fetch GET 200 https://registry.npmjs.org/@rollup%2frollup-win32-ia32-msvc 584ms (cache revalidated)
npm http fetch GET 200 https://registry.npmjs.org/@rollup%2frollup-linux-x64-musl 718ms (cache revalidated)
npm http fetch GET 200 https://registry.npmjs.org/@rollup%2frollup-win32-x64-msvc 730ms (cache revalidated)
npm http fetch GET 200 https://registry.npmjs.org/@rollup%2frollup-linux-ppc64-gnu 766ms (cache revalidated)
npm http fetch GET 200 https://registry.npmjs.org/@rollup%2frollup-linux-s390x-gnu 843ms (cache revalidated)
npm http fetch GET 200 https://registry.npmjs.org/@rollup%2frollup-linux-arm64-gnu 881ms (cache revalidated)
npm http fetch GET 200 https://registry.npmjs.org/@rollup%2frollup-linux-loong64-gnu 325ms (cache miss)
npm http fetch GET 200 https://registry.npmjs.org/@rollup%2frollup-win32-arm64-msvc 474ms (cache revalidated)
npm http fetch GET 200 https://registry.npmjs.org/@rollup%2frollup-android-arm-eabi 857ms (cache revalidated)
npm http fetch GET 200 https://registry.npmjs.org/@rollup%2frollup-linux-arm64-musl 827ms (cache revalidated)
npm http fetch GET 200 https://registry.npmjs.org/@rollup%2frollup-linux-ppc64-musl 876ms (cache revalidated)
npm http fetch GET 200 https://registry.npmjs.org/@rollup%2frollup-linux-riscv64-gnu 728ms (cache revalidated)
npm http fetch GET 200 https://registry.npmjs.org/@rollup%2frollup-openharmony-arm64 839ms (cache revalidated)
npm http fetch GET 200 https://registry.npmjs.org/@rollup%2frollup-linux-arm-gnueabihf 582ms (cache revalidated)
npm http fetch GET 200 https://registry.npmjs.org/@rollup%2frollup-linux-loong64-musl 780ms (cache revalidated)
npm http fetch GET 200 https://registry.npmjs.org/@rollup%2frollup-linux-riscv64-musl 821ms (cache revalidated)
npm http fetch GET 200 https://registry.npmjs.org/@rollup%2frollup-linux-arm-musleabihf 846ms (cache revalidated)
npm http fetch GET 200 https://registry.npmjs.org/clone 45ms (cache hit)
npm http fetch GET 200 https://registry.npmjs.org/webpack 45ms (cache hit)
npm http fetch GET 200 https://registry.npmjs.org/@webassemblyjs%2fhelper-wasm-section 189ms (cache hit)
npm http fetch GET 200 https://registry.npmjs.org/@webassemblyjs%2fhelper-wasm-bytecode 233ms (cache hit)
npm http fetch GET 200 https://registry.npmjs.org/@webassemblyjs%2fhelper-wasm-bytecode 247ms (cache hit)
npm http fetch GET 200 https://registry.npmjs.org/@webassemblyjs%2fhelper-buffer 250ms (cache hit)
npm http fetch GET 200 https://registry.npmjs.org/@webassemblyjs%2fwasm-gen 216ms (cache hit)
npm http fetch GET 200 https://registry.npmjs.org/@webassemblyjs%2fwasm-opt 266ms (cache hit)
npm http fetch GET 200 https://registry.npmjs.org/esrecurse 376ms (cache revalidated)
npm http fetch GET 200 https://registry.npmjs.org/@webassemblyjs%2futf8 440ms (cache revalidated)
npm http fetch GET 200 https://registry.npmjs.org/@webassemblyjs%2fieee754 471ms (cache revalidated)
npm http fetch GET 200 https://registry.npmjs.org/jest-worker 14ms (cache hit)
npm http fetch GET 200 https://registry.npmjs.org/estraverse 51ms (cache hit)
npm http fetch GET 200 https://registry.npmjs.org/@webassemblyjs%2fhelper-numbers 796ms (cache revalidated)
npm http fetch GET 200 https://registry.npmjs.org/@webassemblyjs%2fwast-printer 656ms (cache revalidated)
npm http fetch GET 200 https://registry.npmjs.org/@webassemblyjs%2fhelper-api-error 661ms (cache revalidated)
npm http fetch GET 200 https://registry.npmjs.org/@webassemblyjs%2fleb128 661ms (cache revalidated)
npm http fetch GET 200 https://registry.npmjs.org/@webassemblyjs%2ffloating-point-hex-parser 392ms (cache revalidated)
npm http fetch GET 200 https://registry.npmjs.org/@xtuc%2flong 817ms (cache revalidated)
npm http fetch GET 200 https://registry.npmjs.org/@xtuc%2fieee754 377ms (cache revalidated)
npm http fetch GET 200 https://registry.npmjs.org/totalist 363ms (cache revalidated)
npm http fetch GET 200 https://registry.npmjs.org/mrmime 374ms (cache revalidated)
npm http fetch GET 200 https://registry.npmjs.org/@polka%2furl 891ms (cache revalidated)
npm http fetch GET 200 https://registry.npmjs.org/js-yaml 83ms (cache hit)
npm http fetch GET 200 https://registry.npmjs.org/strip-bom 326ms (cache revalidated)
npm http fetch GET 200 https://registry.npmjs.org/fecha 254ms (cache revalidated)
npm http fetch GET 200 https://registry.npmjs.org/kuler 265ms (cache revalidated)
npm http fetch GET 200 https://registry.npmjs.org/fn.name 336ms (cache revalidated)
npm http fetch GET 200 https://registry.npmjs.org/enabled 356ms (cache revalidated)
npm http fetch GET 200 https://registry.npmjs.org/@types%2ftriple-beam 623ms (cache revalidated)
npm http fetch GET 200 https://registry.npmjs.org/@so-ric%2fcolorspace 819ms (cache revalidated)
npm http fetch GET 200 https://registry.npmjs.org/color 42ms (cache hit)
npm http fetch GET 200 https://registry.npmjs.org/text-hex 339ms (cache revalidated)
npm http fetch GET 200 https://registry.npmjs.org/color-string 7ms (cache hit)
npm http fetch GET 200 https://registry.npmjs.org/os-paths 226ms (cache revalidated)
npm http fetch GET 200 https://registry.npmjs.org/fs.realpath 419ms (cache hit)
npm http fetch GET 200 https://registry.npmjs.org/inflight 423ms (cache hit)
npm http fetch GET 200 https://registry.npmjs.org/concat-map 127ms (cache hit)
npm http fetch GET 200 https://registry.npmjs.org/yocto-queue 106ms (cache revalidated)
npm http fetch GET 200 https://registry.npmjs.org/uri-js 76ms (cache hit)
npm http fetch GET 200 https://registry.npmjs.org/fast-json-stable-stringify 95ms (cache hit)
npm http fetch GET 200 https://registry.npmjs.org/punycode 119ms (cache revalidated)
npm warn EBADENGINE Unsupported engine {
npm warn EBADENGINE   package: 'preferred-pm@5.0.0',
npm warn EBADENGINE   required: { node: '>=22.13' },
npm warn EBADENGINE   current: { node: 'v20.18.0', npm: '10.8.2' }
npm warn EBADENGINE }
npm warn EBADENGINE Unsupported engine {
npm warn EBADENGINE   package: 'which-pm@4.0.0',
npm warn EBADENGINE   required: { node: '>=22.13' },
npm warn EBADENGINE   current: { node: 'v20.18.0', npm: '10.8.2' }
npm warn EBADENGINE }
npm verbose reify failed optional dependency H:\coding\lms-platform\backend\node_modules\@rollup\rollup-win32-ia32-msvc
npm verbose reify failed optional dependency H:\coding\lms-platform\backend\node_modules\@rollup\rollup-win32-arm64-msvc
npm verbose reify failed optional dependency H:\coding\lms-platform\backend\node_modules\@rollup\rollup-openharmony-arm64
npm verbose reify failed optional dependency H:\coding\lms-platform\backend\node_modules\@rollup\rollup-openbsd-x64
npm verbose reify failed optional dependency H:\coding\lms-platform\backend\node_modules\@rollup\rollup-linux-x64-musl
npm verbose reify failed optional dependency H:\coding\lms-platform\backend\node_modules\@rollup\rollup-linux-x64-gnu
npm verbose reify failed optional dependency H:\coding\lms-platform\backend\node_modules\@rollup\rollup-linux-s390x-gnu
npm verbose reify failed optional dependency H:\coding\lms-platform\backend\node_modules\@rollup\rollup-linux-riscv64-musl
npm verbose reify failed optional dependency H:\coding\lms-platform\backend\node_modules\@rollup\rollup-linux-riscv64-gnu
npm verbose reify failed optional dependency H:\coding\lms-platform\backend\node_modules\@rollup\rollup-linux-ppc64-musl
npm verbose reify failed optional dependency H:\coding\lms-platform\backend\node_modules\@rollup\rollup-linux-ppc64-gnu
npm verbose reify failed optional dependency H:\coding\lms-platform\backend\node_modules\@rollup\rollup-linux-loong64-musl
npm verbose reify failed optional dependency H:\coding\lms-platform\backend\node_modules\@rollup\rollup-linux-loong64-gnu
npm verbose reify failed optional dependency H:\coding\lms-platform\backend\node_modules\@rollup\rollup-linux-arm64-musl
npm verbose reify failed optional dependency H:\coding\lms-platform\backend\node_modules\@rollup\rollup-linux-arm64-gnu
npm verbose reify failed optional dependency H:\coding\lms-platform\backend\node_modules\@rollup\rollup-linux-arm-musleabihf
npm verbose reify failed optional dependency H:\coding\lms-platform\backend\node_modules\@rollup\rollup-linux-arm-gnueabihf
npm verbose reify failed optional dependency H:\coding\lms-platform\backend\node_modules\@rollup\rollup-freebsd-x64
npm verbose reify failed optional dependency H:\coding\lms-platform\backend\node_modules\@rollup\rollup-freebsd-arm64
npm verbose reify failed optional dependency H:\coding\lms-platform\backend\node_modules\@rollup\rollup-darwin-x64
npm verbose reify failed optional dependency H:\coding\lms-platform\backend\node_modules\@rollup\rollup-darwin-arm64
npm verbose reify failed optional dependency H:\coding\lms-platform\backend\node_modules\@rollup\rollup-android-arm64
npm verbose reify failed optional dependency H:\coding\lms-platform\backend\node_modules\@rollup\rollup-android-arm-eabi
npm verbose reify failed optional dependency H:\coding\lms-platform\backend\node_modules\@napi-rs\lzma-linux-x64-gnu
npm verbose reify failed optional dependency H:\coding\lms-platform\backend\node_modules\@img\sharp-win32-ia32
npm verbose reify failed optional dependency H:\coding\lms-platform\backend\node_modules\@img\sharp-win32-arm64
npm verbose reify failed optional dependency H:\coding\lms-platform\backend\node_modules\@img\sharp-webcontainers-wasm32
npm verbose reify failed optional dependency H:\coding\lms-platform\backend\node_modules\@img\sharp-linuxmusl-x64
npm verbose reify failed optional dependency H:\coding\lms-platform\backend\node_modules\@img\sharp-linuxmusl-arm64
npm verbose reify failed optional dependency H:\coding\lms-platform\backend\node_modules\@img\sharp-linux-x64
npm verbose reify failed optional dependency H:\coding\lms-platform\backend\node_modules\@img\sharp-linux-s390x
npm verbose reify failed optional dependency H:\coding\lms-platform\backend\node_modules\@img\sharp-linux-riscv64
npm verbose reify failed optional dependency H:\coding\lms-platform\backend\node_modules\@img\sharp-linux-ppc64
npm verbose reify failed optional dependency H:\coding\lms-platform\backend\node_modules\@img\sharp-linux-arm64
npm verbose reify failed optional dependency H:\coding\lms-platform\backend\node_modules\@img\sharp-linux-arm
npm verbose reify failed optional dependency H:\coding\lms-platform\backend\node_modules\@img\sharp-libvips-linuxmusl-x64
npm verbose reify failed optional dependency H:\coding\lms-platform\backend\node_modules\@img\sharp-libvips-linuxmusl-arm64
npm verbose reify failed optional dependency H:\coding\lms-platform\backend\node_modules\@img\sharp-libvips-linux-x64
npm verbose reify failed optional dependency H:\coding\lms-platform\backend\node_modules\@img\sharp-libvips-linux-s390x
npm verbose reify failed optional dependency H:\coding\lms-platform\backend\node_modules\@img\sharp-libvips-linux-riscv64
npm verbose reify failed optional dependency H:\coding\lms-platform\backend\node_modules\@img\sharp-libvips-linux-ppc64
npm verbose reify failed optional dependency H:\coding\lms-platform\backend\node_modules\@img\sharp-libvips-linux-arm64
npm verbose reify failed optional dependency H:\coding\lms-platform\backend\node_modules\@img\sharp-libvips-linux-arm
npm verbose reify failed optional dependency H:\coding\lms-platform\backend\node_modules\@img\sharp-libvips-darwin-x64
npm verbose reify failed optional dependency H:\coding\lms-platform\backend\node_modules\@img\sharp-libvips-darwin-arm64
npm verbose reify failed optional dependency H:\coding\lms-platform\backend\node_modules\@img\sharp-freebsd-wasm32
npm verbose reify failed optional dependency H:\coding\lms-platform\backend\node_modules\@img\sharp-darwin-x64
npm verbose reify failed optional dependency H:\coding\lms-platform\backend\node_modules\@img\sharp-darwin-arm64
npm verbose reify failed optional dependency H:\coding\lms-platform\backend\node_modules\@esbuild\win32-ia32
npm verbose reify failed optional dependency H:\coding\lms-platform\backend\node_modules\@esbuild\win32-arm64
npm verbose reify failed optional dependency H:\coding\lms-platform\backend\node_modules\@esbuild\sunos-x64
npm verbose reify failed optional dependency H:\coding\lms-platform\backend\node_modules\@esbuild\openharmony-arm64
npm verbose reify failed optional dependency H:\coding\lms-platform\backend\node_modules\@esbuild\openbsd-x64
npm verbose reify failed optional dependency H:\coding\lms-platform\backend\node_modules\@esbuild\openbsd-arm64
npm verbose reify failed optional dependency H:\coding\lms-platform\backend\node_modules\@esbuild\netbsd-x64
npm verbose reify failed optional dependency H:\coding\lms-platform\backend\node_modules\@esbuild\netbsd-arm64
npm verbose reify failed optional dependency H:\coding\lms-platform\backend\node_modules\@esbuild\linux-x64
npm verbose reify failed optional dependency H:\coding\lms-platform\backend\node_modules\@esbuild\linux-s390x
npm verbose reify failed optional dependency H:\coding\lms-platform\backend\node_modules\@esbuild\linux-riscv64
npm verbose reify failed optional dependency H:\coding\lms-platform\backend\node_modules\@esbuild\linux-ppc64
npm verbose reify failed optional dependency H:\coding\lms-platform\backend\node_modules\@esbuild\linux-mips64el
npm verbose reify failed optional dependency H:\coding\lms-platform\backend\node_modules\@esbuild\linux-loong64
npm verbose reify failed optional dependency H:\coding\lms-platform\backend\node_modules\@esbuild\linux-ia32
npm verbose reify failed optional dependency H:\coding\lms-platform\backend\node_modules\@esbuild\linux-arm64
npm verbose reify failed optional dependency H:\coding\lms-platform\backend\node_modules\@esbuild\linux-arm
npm verbose reify failed optional dependency H:\coding\lms-platform\backend\node_modules\@esbuild\freebsd-x64
npm verbose reify failed optional dependency H:\coding\lms-platform\backend\node_modules\@esbuild\freebsd-arm64
npm verbose reify failed optional dependency H:\coding\lms-platform\backend\node_modules\@esbuild\darwin-x64
npm verbose reify failed optional dependency H:\coding\lms-platform\backend\node_modules\@esbuild\darwin-arm64
npm verbose reify failed optional dependency H:\coding\lms-platform\backend\node_modules\@esbuild\android-x64
npm verbose reify failed optional dependency H:\coding\lms-platform\backend\node_modules\@esbuild\android-arm64
npm verbose reify failed optional dependency H:\coding\lms-platform\backend\node_modules\@esbuild\android-arm
npm verbose reify failed optional dependency H:\coding\lms-platform\backend\node_modules\@esbuild\aix-ppc64
npm verbose reify failed optional dependency H:\coding\lms-platform\backend\node_modules\fsevents
npm verbose reify failed optional dependency H:\coding\lms-platform\backend\node_modules\@swc\core-win32-ia32-msvc
npm verbose reify failed optional dependency H:\coding\lms-platform\backend\node_modules\@swc\core-win32-arm64-msvc
npm verbose reify failed optional dependency H:\coding\lms-platform\backend\node_modules\@swc\core-linux-x64-musl
npm verbose reify failed optional dependency H:\coding\lms-platform\backend\node_modules\@swc\core-linux-x64-gnu
npm verbose reify failed optional dependency H:\coding\lms-platform\backend\node_modules\@swc\core-linux-s390x-gnu
npm verbose reify failed optional dependency H:\coding\lms-platform\backend\node_modules\@swc\core-linux-ppc64-gnu
npm verbose reify failed optional dependency H:\coding\lms-platform\backend\node_modules\@swc\core-linux-arm64-musl
npm verbose reify failed optional dependency H:\coding\lms-platform\backend\node_modules\@swc\core-linux-arm64-gnu
npm verbose reify failed optional dependency H:\coding\lms-platform\backend\node_modules\@swc\core-linux-arm-gnueabihf
npm verbose reify failed optional dependency H:\coding\lms-platform\backend\node_modules\@swc\core-darwin-x64
npm verbose reify failed optional dependency H:\coding\lms-platform\backend\node_modules\@swc\core-darwin-arm64
npm verbose reify failed optional dependency H:\coding\lms-platform\backend\node_modules\vite\node_modules\@esbuild\win32-ia32
npm verbose reify failed optional dependency H:\coding\lms-platform\backend\node_modules\vite\node_modules\@esbuild\win32-arm64
npm verbose reify failed optional dependency H:\coding\lms-platform\backend\node_modules\vite\node_modules\@esbuild\sunos-x64
npm verbose reify failed optional dependency H:\coding\lms-platform\backend\node_modules\vite\node_modules\@esbuild\openbsd-x64
npm verbose reify failed optional dependency H:\coding\lms-platform\backend\node_modules\vite\node_modules\@esbuild\netbsd-x64
npm verbose reify failed optional dependency H:\coding\lms-platform\backend\node_modules\vite\node_modules\@esbuild\linux-x64
npm verbose reify failed optional dependency H:\coding\lms-platform\backend\node_modules\vite\node_modules\@esbuild\linux-s390x
npm verbose reify failed optional dependency H:\coding\lms-platform\backend\node_modules\vite\node_modules\@esbuild\linux-riscv64
npm verbose reify failed optional dependency H:\coding\lms-platform\backend\node_modules\vite\node_modules\@esbuild\linux-ppc64
npm verbose reify failed optional dependency H:\coding\lms-platform\backend\node_modules\vite\node_modules\@esbuild\linux-mips64el
npm verbose reify failed optional dependency H:\coding\lms-platform\backend\node_modules\vite\node_modules\@esbuild\linux-loong64
npm verbose reify failed optional dependency H:\coding\lms-platform\backend\node_modules\vite\node_modules\@esbuild\linux-ia32
npm verbose reify failed optional dependency H:\coding\lms-platform\backend\node_modules\vite\node_modules\@esbuild\linux-arm64
npm verbose reify failed optional dependency H:\coding\lms-platform\backend\node_modules\vite\node_modules\@esbuild\linux-arm
npm verbose reify failed optional dependency H:\coding\lms-platform\backend\node_modules\vite\node_modules\@esbuild\freebsd-x64
npm verbose reify failed optional dependency H:\coding\lms-platform\backend\node_modules\vite\node_modules\@esbuild\freebsd-arm64
npm verbose reify failed optional dependency H:\coding\lms-platform\backend\node_modules\vite\node_modules\@esbuild\darwin-x64
npm verbose reify failed optional dependency H:\coding\lms-platform\backend\node_modules\vite\node_modules\@esbuild\darwin-arm64
npm verbose reify failed optional dependency H:\coding\lms-platform\backend\node_modules\vite\node_modules\@esbuild\android-x64
npm verbose reify failed optional dependency H:\coding\lms-platform\backend\node_modules\vite\node_modules\@esbuild\android-arm64
npm verbose reify failed optional dependency H:\coding\lms-platform\backend\node_modules\vite\node_modules\@esbuild\android-arm
npm verbose reify failed optional dependency H:\coding\lms-platform\backend\node_modules\vite\node_modules\@esbuild\aix-ppc64
npm http fetch POST 200 https://registry.npmjs.org/-/npm/v1/security/advisories/bulk 1899ms
npm warn tar TAR_ENTRY_ERROR ENOENT: no such file or directory, rename 'H:\coding\lms-platform\backend\node_modules\@radix-ui\react-use-layout-effect\README.md' -> 'H:\coding\lms-platform\backend\node_modules\@radix-ui\react-use-layout-effect\README.md.DELETE.f65122d2f3066aeddff585537ff9bb0f'
npm warn tar TAR_ENTRY_ERROR ENOENT: no such file or directory, rename 'H:\coding\lms-platform\backend\node_modules\@radix-ui\react-id\README.md' -> 'H:\coding\lms-platform\backend\node_modules\@radix-ui\react-id\README.md.DELETE.03b6b9d28aecfcc314e6d8d450cb7dff'
npm warn tar TAR_ENTRY_ERROR ENOENT: no such file or directory, rename 'H:\coding\lms-platform\backend\node_modules\@ucast\mongo2js\LICENSE' -> 'H:\coding\lms-platform\backend\node_modules\@ucast\mongo2js\LICENSE.DELETE.ba367e5750b9ff67cbd5027e80676201'
npm warn tar TAR_ENTRY_ERROR ENOENT: no such file or directory, rename 'H:\coding\lms-platform\backend\node_modules\@radix-ui\react-direction\README.md' -> 'H:\coding\lms-platform\backend\node_modules\@radix-ui\react-direction\README.md.DELETE.003b329c0cce51ed61af7373a5f11488'
npm warn tar TAR_ENTRY_ERROR ENOENT: no such file or directory, rename 'H:\coding\lms-platform\backend\node_modules\react-dnd-html5-backend\LICENSE' -> 'H:\coding\lms-platform\backend\node_modules\react-dnd-html5-backend\LICENSE.DELETE.d4863e6dbd3658ca71bea39693cb8839'
npm warn tar TAR_ENTRY_ERROR ENOENT: no such file or directory, rename 'H:\coding\lms-platform\backend\node_modules\pluralize\package.json' -> 'H:\coding\lms-platform\backend\node_modules\pluralize\package.json.DELETE.56d8e6255f25706b1ad5ee7505325235'
npm warn tar TAR_ENTRY_ERROR ENOENT: no such file or directory, rename 'H:\coding\lms-platform\backend\node_modules\passport-local\package.json' -> 'H:\coding\lms-platform\backend\node_modules\passport-local\package.json.DELETE.f897bf0c4950d22e72e3ca9d3d11c08a'
npm warn tar TAR_ENTRY_ERROR ENOENT: no such file or directory, rename 'H:\coding\lms-platform\backend\node_modules\koa-compose\package.json' -> 'H:\coding\lms-platform\backend\node_modules\koa-compose\package.json.DELETE.a5c4d89e6abedf3e570db136f39d814f'
npm warn tar TAR_ENTRY_ERROR ENOENT: no such file or directory, rename 'H:\coding\lms-platform\backend\node_modules\koa-passport\LICENSE' -> 'H:\coding\lms-platform\backend\node_modules\koa-passport\LICENSE.DELETE.612684b1b51673a6af4706e935571b21'
npm warn tar TAR_ENTRY_ERROR ENOENT: no such file or directory, rename 'H:\coding\lms-platform\backend\node_modules\fs-extra\LICENSE' -> 'H:\coding\lms-platform\backend\node_modules\fs-extra\LICENSE.DELETE.65b33e2d7cf065bd4d23789edca55b1a'
npm warn tar TAR_ENTRY_ERROR ENOENT: no such file or directory, rename 'H:\coding\lms-platform\backend\node_modules\fractional-indexing\LICENSE' -> 'H:\coding\lms-platform\backend\node_modules\fractional-indexing\LICENSE.DELETE.0d62aab56ca89c105ca73fe59081dce9'
npm warn tar TAR_ENTRY_ERROR ENOENT: no such file or directory, rename 'H:\coding\lms-platform\backend\node_modules\execa\license' -> 'H:\coding\lms-platform\backend\node_modules\execa\license.DELETE.39037e4a76970ddd41b27a3f12da29db'
npm warn tar TAR_ENTRY_ERROR ENOENT: no such file or directory, rename 'H:\coding\lms-platform\backend\node_modules\chalk\license' -> 'H:\coding\lms-platform\backend\node_modules\chalk\license.DELETE.a263fbfd7a06fcaa43f826e6c28a2286'
npm warn tar TAR_ENTRY_ERROR ENOENT: no such file or directory, rename 'H:\coding\lms-platform\backend\node_modules\boxen\license' -> 'H:\coding\lms-platform\backend\node_modules\boxen\license.DELETE.120a7b0d425ef46ecf0c9a4200493312'
npm warn tar TAR_ENTRY_ERROR ENOENT: no such file or directory, rename 'H:\coding\lms-platform\backend\node_modules\cross-env\LICENSE' -> 'H:\coding\lms-platform\backend\node_modules\cross-env\LICENSE.DELETE.8fe0244c9f599c282ef110d5c11f122f'
npm warn tar TAR_ENTRY_ERROR ENOENT: no such file or directory, rename 'H:\coding\lms-platform\backend\node_modules\axios\LICENSE' -> 'H:\coding\lms-platform\backend\node_modules\axios\LICENSE.DELETE.9f2d81e2e122f95dc9128b9f70a22b14'
npm warn tar TAR_ENTRY_ERROR ENOENT: no such file or directory, rename 'H:\coding\lms-platform\backend\node_modules\bcryptjs\package.json' -> 'H:\coding\lms-platform\backend\node_modules\bcryptjs\package.json.DELETE.e6e4e30ef51603c608dc240b801019b2'
npm warn tar TAR_ENTRY_ERROR ENOENT: no such file or directory, rename 'H:\coding\lms-platform\backend\node_modules\@testing-library\react\LICENSE' -> 'H:\coding\lms-platform\backend\node_modules\@testing-library\react\LICENSE.DELETE.67d7f40795fde5fe77c3c6d1e8496333'
npm warn tar TAR_ENTRY_ERROR ENOENT: no such file or directory, rename 'H:\coding\lms-platform\backend\node_modules\@strapi\permissions\LICENSE' -> 'H:\coding\lms-platform\backend\node_modules\@strapi\permissions\LICENSE.DELETE.dac1eec35d94d0f003543084a15c9d72'
npm warn tar TAR_ENTRY_ERROR ENOENT: no such file or directory, rename 'H:\coding\lms-platform\backend\node_modules\@testing-library\dom\LICENSE' -> 'H:\coding\lms-platform\backend\node_modules\@testing-library\dom\LICENSE.DELETE.d3fc1462de814e2084130c136bb9a2d9'
npm warn tar TAR_ENTRY_ERROR ENOENT: no such file or directory, rename 'H:\coding\lms-platform\backend\node_modules\@strapi\icons\LICENSE' -> 'H:\coding\lms-platform\backend\node_modules\@strapi\icons\LICENSE.DELETE.264ab7aaa174a69032a9289f984421ac'
npm warn tar TAR_ENTRY_ERROR ENOENT: no such file or directory, rename 'H:\coding\lms-platform\backend\node_modules\@strapi\design-system\LICENSE' -> 'H:\coding\lms-platform\backend\node_modules\@strapi\design-system\LICENSE.DELETE.ed04d611b8fd6131a0c83f9daeee16b8'
npm warn tar TAR_ENTRY_ERROR ENOENT: no such file or directory, rename 'H:\coding\lms-platform\backend\node_modules\@babel\parser\CHANGELOG.md' -> 'H:\coding\lms-platform\backend\node_modules\@babel\parser\CHANGELOG.md.DELETE.13d0d6cdb6ccaad0434547f9cb7ff0d7'
npm warn tar TAR_ENTRY_ERROR ENOENT: no such file or directory, rename 'H:\coding\lms-platform\backend\node_modules\@types\react-dom\LICENSE' -> 'H:\coding\lms-platform\backend\node_modules\@types\react-dom\LICENSE.DELETE.61bbf089aafc47adf38d7be185deed21'
npm warn tar TAR_ENTRY_ERROR ENOENT: no such file or directory, rename 'H:\coding\lms-platform\backend\node_modules\@floating-ui\core\LICENSE' -> 'H:\coding\lms-platform\backend\node_modules\@floating-ui\core\LICENSE.DELETE.d20dbbce823a590131cc62d9327ff9ca'
npm warn tar TAR_ENTRY_ERROR ENOENT: no such file or directory, rename 'H:\coding\lms-platform\backend\node_modules\color\node_modules\color-name\LICENSE' -> 'H:\coding\lms-platform\backend\node_modules\color\node_modules\color-name\LICENSE.DELETE.150d7fc0696a0399bdd10f0224a69883'
npm warn tar TAR_ENTRY_ERROR ENOENT: no such file or directory, rename 'H:\coding\lms-platform\backend\node_modules\color-string\node_modules\color-name\LICENSE' -> 'H:\coding\lms-platform\backend\node_modules\color-string\node_modules\color-name\LICENSE.DELETE.27c15d4afef2ddbcf0e5e5c97b125976'
npm warn tar TAR_ENTRY_ERROR ENOENT: no such file or directory, rename 'H:\coding\lms-platform\backend\node_modules\react\LICENSE' -> 'H:\coding\lms-platform\backend\node_modules\react\LICENSE.DELETE.3e5b32677a0140621f92b62f592ea84e'
npm warn tar TAR_ENTRY_ERROR ENOENT: no such file or directory, rename 'H:\coding\lms-platform\backend\node_modules\@strapi\strapi\LICENSE' -> 'H:\coding\lms-platform\backend\node_modules\@strapi\strapi\LICENSE.DELETE.b56c750ff8ba834dbfd45743df14ed42'
npm warn tar TAR_ENTRY_ERROR ENOENT: no such file or directory, rename 'H:\coding\lms-platform\backend\node_modules\@strapi\database\LICENSE' -> 'H:\coding\lms-platform\backend\node_modules\@strapi\database\LICENSE.DELETE.66b9e7217018de90d5f37deb6ca9fe8f'
npm warn tar TAR_ENTRY_ERROR ENOENT: no such file or directory, rename 'H:\coding\lms-platform\backend\node_modules\logform\node_modules\@colors\colors\LICENSE' -> 'H:\coding\lms-platform\backend\node_modules\logform\node_modules\@colors\colors\LICENSE.DELETE.f5d08721423030c00174e6c36189925a'
npm warn tar TAR_ENTRY_ERROR ENOENT: no such file or directory, rename 'H:\coding\lms-platform\backend\node_modules\jest-worker\node_modules\supports-color\license' -> 'H:\coding\lms-platform\backend\node_modules\jest-worker\node_modules\supports-color\license.DELETE.78eab77ab6a4ccd9076e4ab77b055296'
npm warn tar TAR_ENTRY_ERROR ENOENT: no such file or directory, rename 'H:\coding\lms-platform\backend\node_modules\color\node_modules\color-convert\LICENSE' -> 'H:\coding\lms-platform\backend\node_modules\color\node_modules\color-convert\LICENSE.DELETE.ba73caac641e04f4efdb62d5ad4b688d'
npm warn tar TAR_ENTRY_ERROR ENOENT: no such file or directory, rename 'H:\coding\lms-platform\backend\node_modules\winston-transport\node_modules\readable-stream\LICENSE' -> 'H:\coding\lms-platform\backend\node_modules\winston-transport\node_modules\readable-stream\LICENSE.DELETE.36e05a6146243d56613fe655c560e04b'
npm warn tar TAR_ENTRY_ERROR ENOENT: no such file or directory, rename 'H:\coding\lms-platform\backend\node_modules\htmlparser2\node_modules\entities\LICENSE' -> 'H:\coding\lms-platform\backend\node_modules\htmlparser2\node_modules\entities\LICENSE.DELETE.c0d430974f17cfa73611356280a573b3'
npm warn tar TAR_ENTRY_ERROR ENOENT: no such file or directory, rename 'H:\coding\lms-platform\backend\node_modules\esrecurse\node_modules\estraverse\.jshintrc' -> 'H:\coding\lms-platform\backend\node_modules\esrecurse\node_modules\estraverse\.jshintrc.DELETE.f9429f891708ee227f1539100782bea6'
npm warn tar TAR_ENTRY_ERROR ENOENT: no such file or directory, rename 'H:\coding\lms-platform\backend\node_modules\global-prefix\node_modules\which\package.json' -> 'H:\coding\lms-platform\backend\node_modules\global-prefix\node_modules\which\package.json.DELETE.3dbf67b8dba0a7091f68249a8c5120c3'
npm warn tar TAR_ENTRY_ERROR ENOENT: no such file or directory, rename 'H:\coding\lms-platform\backend\node_modules\dom-serializer\node_modules\entities\LICENSE' -> 'H:\coding\lms-platform\backend\node_modules\dom-serializer\node_modules\entities\LICENSE.DELETE.c33db52f553ae909a12121551076cab7'
npm warn tar TAR_ENTRY_ERROR ENOENT: no such file or directory, rename 'H:\coding\lms-platform\backend\node_modules\read-pkg\node_modules\type-fest\package.json' -> 'H:\coding\lms-platform\backend\node_modules\read-pkg\node_modules\type-fest\package.json.DELETE.8b48021d5eeeb2ce9ffab8e4c00c42e7'
npm warn tar TAR_ENTRY_ERROR ENOENT: no such file or directory, rename 'H:\coding\lms-platform\backend\node_modules\@pnpm\network.ca-file\node_modules\graceful-fs\LICENSE' -> 'H:\coding\lms-platform\backend\node_modules\@pnpm\network.ca-file\node_modules\graceful-fs\LICENSE.DELETE.9c5ea32c7c34b3de98e9ce83d2eccb24'
npm warn tar TAR_ENTRY_ERROR ENOENT: no such file or directory, rename 'H:\coding\lms-platform\backend\node_modules\broadcast-channel\node_modules\brace-expansion\LICENSE' -> 'H:\coding\lms-platform\backend\node_modules\broadcast-channel\node_modules\brace-expansion\LICENSE.DELETE.d6c310ec60b556a72550991f1f22f46d'
npm warn tar TAR_ENTRY_ERROR ENOENT: no such file or directory, rename 'H:\coding\lms-platform\backend\node_modules\normalize-package-data\node_modules\semver\LICENSE' -> 'H:\coding\lms-platform\backend\node_modules\normalize-package-data\node_modules\semver\LICENSE.DELETE.e8bc1bae1c3a32b74b644cb87dd160f1'
npm warn tar TAR_ENTRY_ERROR ENOENT: no such file or directory, rename 'H:\coding\lms-platform\backend\node_modules\broadcast-channel\node_modules\minimatch\LICENSE' -> 'H:\coding\lms-platform\backend\node_modules\broadcast-channel\node_modules\minimatch\LICENSE.DELETE.326d2d07ba26e026ad75bd4f770ac858'
npm warn tar TAR_ENTRY_ERROR ENOENT: no such file or directory, rename 'H:\coding\lms-platform\backend\node_modules\broadcast-channel\node_modules\glob\LICENSE' -> 'H:\coding\lms-platform\backend\node_modules\broadcast-channel\node_modules\glob\LICENSE.DELETE.8cc1616f4acc114b61296df8eb170b3f'
npm warn tar TAR_ENTRY_ERROR ENOENT: no such file or directory, rename 'H:\coding\lms-platform\backend\node_modules\bl\node_modules\readable-stream\LICENSE' -> 'H:\coding\lms-platform\backend\node_modules\bl\node_modules\readable-stream\LICENSE.DELETE.849c38cbe7fd3c182dc7ea2d4295858e'
npm warn tar TAR_ENTRY_ERROR ENOENT: no such file or directory, rename 'H:\coding\lms-platform\backend\node_modules\find-yarn-workspace-root2\node_modules\pkg-dir\license' -> 'H:\coding\lms-platform\backend\node_modules\find-yarn-workspace-root2\node_modules\pkg-dir\license.DELETE.e748c4120e71cddc66ba578013d5a71e'
npm warn tar TAR_ENTRY_ERROR ENOENT: no such file or directory, rename 'H:\coding\lms-platform\backend\node_modules\broadcast-channel\node_modules\rimraf\LICENSE' -> 'H:\coding\lms-platform\backend\node_modules\broadcast-channel\node_modules\rimraf\LICENSE.DELETE.e628d577578a40d9d09771de17a2808a'
npm warn tar TAR_ENTRY_ERROR ENOENT: no such file or directory, rename 'H:\coding\lms-platform\backend\node_modules\resolve-path\node_modules\depd\package.json' -> 'H:\coding\lms-platform\backend\node_modules\resolve-path\node_modules\depd\package.json.DELETE.eb6c8d74627b7b7c1a65a34a18cba271'
npm warn tar TAR_ENTRY_ERROR ENOENT: no such file or directory, rename 'H:\coding\lms-platform\backend\node_modules\resolve-path\node_modules\inherits\package.json' -> 'H:\coding\lms-platform\backend\node_modules\resolve-path\node_modules\inherits\package.json.DELETE.71f8809088146eae1d96570d3b315be0'
npm warn tar TAR_ENTRY_ERROR ENOENT: no such file or directory, rename 'H:\coding\lms-platform\backend\node_modules\http-assert\node_modules\statuses\package.json' -> 'H:\coding\lms-platform\backend\node_modules\http-assert\node_modules\statuses\package.json.DELETE.22e47569956926d76f5a61668be62899'
npm warn tar TAR_ENTRY_ERROR ENOENT: no such file or directory, rename 'H:\coding\lms-platform\backend\node_modules\http-assert\node_modules\http-errors\LICENSE' -> 'H:\coding\lms-platform\backend\node_modules\http-assert\node_modules\http-errors\LICENSE.DELETE.214ea8c617c0479f90b5f5c1c439df8c'
npm warn tar TAR_ENTRY_ERROR ENOENT: no such file or directory, rename 'H:\coding\lms-platform\backend\node_modules\co-body\node_modules\type-is\package.json' -> 'H:\coding\lms-platform\backend\node_modules\co-body\node_modules\type-is\package.json.DELETE.30bf4331216e3860c813e9a01e59b6e8'
npm warn tar TAR_ENTRY_ERROR ENOENT: no such file or directory, rename 'H:\coding\lms-platform\backend\node_modules\co-body\node_modules\raw-body\LICENSE' -> 'H:\coding\lms-platform\backend\node_modules\co-body\node_modules\raw-body\LICENSE.DELETE.059054f3cea7db8b9bf07ace7eb3da50'
npm warn tar TAR_ENTRY_ERROR ENOENT: no such file or directory, rename 'H:\coding\lms-platform\backend\node_modules\lru-memoizer\node_modules\yallist\LICENSE' -> 'H:\coding\lms-platform\backend\node_modules\lru-memoizer\node_modules\yallist\LICENSE.DELETE.7b3bb9f809f32f5c1060e8179bbbeaa5'
npm warn tar TAR_ENTRY_ERROR ENOENT: no such file or directory, rename 'H:\coding\lms-platform\backend\node_modules\@types\serve-static\node_modules\@types\send\LICENSE' -> 'H:\coding\lms-platform\backend\node_modules\@types\serve-static\node_modules\@types\send\LICENSE.DELETE.165adab6c27a43cdf927f354bf271cad'
npm warn tar TAR_ENTRY_ERROR ENOENT: no such file or directory, rename 'H:\coding\lms-platform\backend\node_modules\recast\node_modules\source-map\package.json' -> 'H:\coding\lms-platform\backend\node_modules\recast\node_modules\source-map\package.json.DELETE.4a70e24d3a1a41835a7d8fa4faba4320'
npm warn tar TAR_ENTRY_ERROR ENOENT: no such file or directory, rename 'H:\coding\lms-platform\backend\node_modules\find-cache-dir\node_modules\make-dir\package.json' -> 'H:\coding\lms-platform\backend\node_modules\find-cache-dir\node_modules\make-dir\package.json.DELETE.c344f59f1ba3e8e20def14abced5492f'
npm warn tar TAR_ENTRY_ERROR ENOENT: no such file or directory, rename 'H:\coding\lms-platform\backend\node_modules\@babel\helper-create-class-features-plugin\node_modules\semver\LICENSE' -> 'H:\coding\lms-platform\backend\node_modules\@babel\helper-create-class-features-plugin\node_modules\semver\LICENSE.DELETE.9b8a900c7919fb6ed87c3f442a25bafb'
npm warn tar TAR_ENTRY_ERROR ENOENT: no such file or directory, rename 'H:\coding\lms-platform\backend\node_modules\@babel\core\node_modules\semver\LICENSE' -> 'H:\coding\lms-platform\backend\node_modules\@babel\core\node_modules\semver\LICENSE.DELETE.b84139f538637bd0a35a60d4ec6e16da'
npm warn tar TAR_ENTRY_ERROR ENOENT: no such file or directory, rename 'H:\coding\lms-platform\backend\node_modules\@babel\helper-compilation-targets\node_modules\semver\LICENSE' -> 'H:\coding\lms-platform\backend\node_modules\@babel\helper-compilation-targets\node_modules\semver\LICENSE.DELETE.860d61fd38e284c0f3b9ff5104019e32'
npm warn tar TAR_ENTRY_ERROR ENOENT: no such file or directory, rename 'H:\coding\lms-platform\backend\node_modules\import-fresh\node_modules\resolve-from\package.json' -> 'H:\coding\lms-platform\backend\node_modules\import-fresh\node_modules\resolve-from\package.json.DELETE.5acbc5d849a63d2bc6f001e8805c339f'
npm warn tar TAR_ENTRY_ERROR ENOENT: no such file or directory, rename 'H:\coding\lms-platform\backend\node_modules\send\node_modules\http-errors\LICENSE' -> 'H:\coding\lms-platform\backend\node_modules\send\node_modules\http-errors\LICENSE.DELETE.41de0a2798317cdbab6045bd2713c97e'
npm warn tar TAR_ENTRY_ERROR ENOENT: no such file or directory, rename 'H:\coding\lms-platform\backend\node_modules\finalhandler\node_modules\ms\index.js' -> 'H:\coding\lms-platform\backend\node_modules\finalhandler\node_modules\ms\index.js.DELETE.509d543db9c84541582a8736735ff474'
npm warn tar TAR_ENTRY_ERROR ENOENT: no such file or directory, rename 'H:\coding\lms-platform\backend\node_modules\router\node_modules\path-to-regexp\LICENSE' -> 'H:\coding\lms-platform\backend\node_modules\router\node_modules\path-to-regexp\LICENSE.DELETE.758128990bfbd10daa6ee3469f7367ab'
npm warn tar TAR_ENTRY_ERROR ENOENT: no such file or directory, rename 'H:\coding\lms-platform\backend\node_modules\express-rate-limit\node_modules\ms\index.js' -> 'H:\coding\lms-platform\backend\node_modules\express-rate-limit\node_modules\ms\index.js.DELETE.bb031d4eb1b59560b90071342098e307'
npm warn tar TAR_ENTRY_ERROR ENOENT: no such file or directory, rename 'H:\coding\lms-platform\backend\node_modules\express-rate-limit\node_modules\debug\LICENSE' -> 'H:\coding\lms-platform\backend\node_modules\express-rate-limit\node_modules\debug\LICENSE.DELETE.e5d1e4a83e6df689cdc908e9e84952b5'
npm warn tar TAR_ENTRY_ERROR ENOENT: no such file or directory, rename 'H:\coding\lms-platform\backend\node_modules\express\node_modules\ms\index.js' -> 'H:\coding\lms-platform\backend\node_modules\express\node_modules\ms\index.js.DELETE.ea2116a29dfe768de4c4567530bfa0a3'
npm warn tar TAR_ENTRY_ERROR ENOENT: no such file or directory, rename 'H:\coding\lms-platform\backend\node_modules\koa-ip\node_modules\ms\index.js' -> 'H:\coding\lms-platform\backend\node_modules\koa-ip\node_modules\ms\index.js.DELETE.5167cad096975cbcb42949cf4c37ab08'
npm warn tar TAR_ENTRY_ERROR ENOENT: no such file or directory, rename 'H:\coding\lms-platform\backend\node_modules\koa-ip\node_modules\debug\LICENSE' -> 'H:\coding\lms-platform\backend\node_modules\koa-ip\node_modules\debug\LICENSE.DELETE.183406e839c8bfaa65e903390c3c7900'
npm warn tar TAR_ENTRY_ERROR ENOENT: no such file or directory, rename 'H:\coding\lms-platform\backend\node_modules\koa-compress\node_modules\http-errors\LICENSE' -> 'H:\coding\lms-platform\backend\node_modules\koa-compress\node_modules\http-errors\LICENSE.DELETE.caf4e6a6f2187910cb9bcb73e9f34feb'
npm warn tar TAR_ENTRY_ERROR ENOENT: no such file or directory, rename 'H:\coding\lms-platform\backend\node_modules\koa-compress\node_modules\depd\package.json' -> 'H:\coding\lms-platform\backend\node_modules\koa-compress\node_modules\depd\package.json.DELETE.06c7eeb36bda24de634c1fb316db361f'
npm warn tar TAR_ENTRY_ERROR ENOENT: no such file or directory, rename 'H:\coding\lms-platform\backend\node_modules\@emotion\babel-plugin\node_modules\source-map\package.json' -> 'H:\coding\lms-platform\backend\node_modules\@emotion\babel-plugin\node_modules\source-map\package.json.DELETE.059eb0a43174a300f4db2c8c87f620de'
npm warn tar TAR_ENTRY_ERROR ENOENT: no such file or directory, rename 'H:\coding\lms-platform\backend\node_modules\react-dnd\LICENSE' -> 'H:\coding\lms-platform\backend\node_modules\react-dnd\LICENSE.DELETE.1e207e757a72601f7b81b9cac919d592'
npm warn tar TAR_ENTRY_ERROR ENOENT: no such file or directory, rename 'H:\coding\lms-platform\backend\node_modules\slate-history\node_modules\is-plain-object\LICENSE' -> 'H:\coding\lms-platform\backend\node_modules\slate-history\node_modules\is-plain-object\LICENSE.DELETE.7d4f07eef7d25c6d4a834e8cf9b490d7'
npm warn tar TAR_ENTRY_ERROR ENOENT: no such file or directory, rename 'H:\coding\lms-platform\backend\node_modules\webpack-bundle-analyzer\node_modules\escape-string-regexp\license' -> 'H:\coding\lms-platform\backend\node_modules\webpack-bundle-analyzer\node_modules\escape-string-regexp\license.DELETE.7666896d28bb6a7b70c5dc46949ac9a2'
npm warn tar TAR_ENTRY_ERROR ENOENT: no such file or directory, rename 'H:\coding\lms-platform\backend\node_modules\schema-utils\node_modules\ajv-formats\LICENSE' -> 'H:\coding\lms-platform\backend\node_modules\schema-utils\node_modules\ajv-formats\LICENSE.DELETE.57e5dd390b0abb171459da9319f4df65'
npm warn tar TAR_ENTRY_ERROR ENOENT: no such file or directory, rename 'H:\coding\lms-platform\backend\node_modules\read-pkg-up\node_modules\p-locate\package.json' -> 'H:\coding\lms-platform\backend\node_modules\read-pkg-up\node_modules\p-locate\package.json.DELETE.9919e38b77e2b80b61b85a2a8fdb644e'
npm warn tar TAR_ENTRY_ERROR ENOENT: no such file or directory, rename 'H:\coding\lms-platform\backend\node_modules\read-pkg-up\node_modules\locate-path\package.json' -> 'H:\coding\lms-platform\backend\node_modules\read-pkg-up\node_modules\locate-path\package.json.DELETE.2d56cacf3933047ab23337dd9cd539ea'
npm warn tar TAR_ENTRY_ERROR ENOENT: no such file or directory, rename 'H:\coding\lms-platform\backend\node_modules\http-errors\node_modules\statuses\LICENSE' -> 'H:\coding\lms-platform\backend\node_modules\http-errors\node_modules\statuses\LICENSE.DELETE.c642975cf78c7b83343c6af688bf5890'
npm warn tar TAR_ENTRY_ERROR ENOENT: no such file or directory, rename 'H:\coding\lms-platform\backend\node_modules\nodemon\node_modules\has-flag\package.json' -> 'H:\coding\lms-platform\backend\node_modules\nodemon\node_modules\has-flag\package.json.DELETE.968cf5eb3b91f8c0fc0abf07b4e316ba'
npm warn tar TAR_ENTRY_ERROR ENOENT: no such file or directory, rename 'H:\coding\lms-platform\backend\node_modules\fork-ts-checker-webpack-plugin\node_modules\brace-expansion\LICENSE' -> 'H:\coding\lms-platform\backend\node_modules\fork-ts-checker-webpack-plugin\node_modules\brace-expansion\LICENSE.DELETE.1d6ac2e00b7aa73d79a74bae53b9adea'
npm warn tar TAR_ENTRY_ERROR ENOENT: no such file or directory, rename 'H:\coding\lms-platform\backend\node_modules\fork-ts-checker-webpack-plugin\node_modules\ajv-keywords\package.json' -> 'H:\coding\lms-platform\backend\node_modules\fork-ts-checker-webpack-plugin\node_modules\ajv-keywords\package.json.DELETE.8eb4071d7c9afcb56e70e300bfc0a2bb'
npm warn tar TAR_ENTRY_ERROR ENOENT: no such file or directory, rename 'H:\coding\lms-platform\backend\node_modules\concurrently\node_modules\supports-color\license' -> 'H:\coding\lms-platform\backend\node_modules\concurrently\node_modules\supports-color\license.DELETE.6235074bd1e702d04061bf75afe8ffcc'
npm warn tar TAR_ENTRY_ERROR ENOENT: no such file or directory, rename 'H:\coding\lms-platform\backend\node_modules\fork-ts-checker-webpack-plugin\node_modules\fs-extra\LICENSE' -> 'H:\coding\lms-platform\backend\node_modules\fork-ts-checker-webpack-plugin\node_modules\fs-extra\LICENSE.DELETE.0d66bfee6f692e35b3d1fead79df5dd4'
npm warn tar TAR_ENTRY_ERROR ENOENT: no such file or directory, rename 'H:\coding\lms-platform\backend\node_modules\winston\node_modules\readable-stream\LICENSE' -> 'H:\coding\lms-platform\backend\node_modules\winston\node_modules\readable-stream\LICENSE.DELETE.45e8d3e7e903649f9e8d8b4d8e693b90'
npm warn tar TAR_ENTRY_ERROR ENOENT: no such file or directory, rename 'H:\coding\lms-platform\backend\node_modules\@radix-ui\react-arrow\node_modules\@radix-ui\react-compose-refs\README.md' -> 'H:\coding\lms-platform\backend\node_modules\@radix-ui\react-arrow\node_modules\@radix-ui\react-compose-refs\README.md.DELETE.30832c026674824d701aa58c2bc42a90'
npm warn tar TAR_ENTRY_ERROR ENOENT: no such file or directory, rename 'H:\coding\lms-platform\backend\node_modules\@radix-ui\react-visually-hidden\node_modules\@radix-ui\react-slot\README.md' -> 'H:\coding\lms-platform\backend\node_modules\@radix-ui\react-visually-hidden\node_modules\@radix-ui\react-slot\README.md.DELETE.990a51106061bc5275970930cd00d93b'
npm warn tar TAR_ENTRY_ERROR ENOENT: no such file or directory, rename 'H:\coding\lms-platform\backend\node_modules\@radix-ui\react-popper\node_modules\@radix-ui\react-compose-refs\README.md' -> 'H:\coding\lms-platform\backend\node_modules\@radix-ui\react-popper\node_modules\@radix-ui\react-compose-refs\README.md.DELETE.6df5478b14cceec815f74c6de744819e'
npm warn tar TAR_ENTRY_ERROR ENOENT: no such file or directory, rename 'H:\coding\lms-platform\backend\node_modules\@radix-ui\react-arrow\node_modules\@radix-ui\react-primitive\README.md' -> 'H:\coding\lms-platform\backend\node_modules\@radix-ui\react-arrow\node_modules\@radix-ui\react-primitive\README.md.DELETE.537d6e44e813dcb0b5007ad2156d8611'
npm warn tar TAR_ENTRY_ERROR ENOENT: no such file or directory, rename 'H:\coding\lms-platform\backend\node_modules\@radix-ui\react-menu\node_modules\@radix-ui\react-use-layout-effect\README.md' -> 'H:\coding\lms-platform\backend\node_modules\@radix-ui\react-menu\node_modules\@radix-ui\react-use-layout-effect\README.md.DELETE.0b19afe52f2944937ff1fc9c3ffda21e'
npm warn tar TAR_ENTRY_ERROR ENOENT: no such file or directory, rename 'H:\coding\lms-platform\backend\node_modules\@radix-ui\react-menu\node_modules\react-remove-scroll\LICENSE' -> 'H:\coding\lms-platform\backend\node_modules\@radix-ui\react-menu\node_modules\react-remove-scroll\LICENSE.DELETE.e9052e58016110bf4040d5648d70c656'
npm warn tar TAR_ENTRY_ERROR ENOENT: no such file or directory, rename 'H:\coding\lms-platform\backend\node_modules\@radix-ui\react-menu\node_modules\@radix-ui\react-direction\README.md' -> 'H:\coding\lms-platform\backend\node_modules\@radix-ui\react-menu\node_modules\@radix-ui\react-direction\README.md.DELETE.2cd0118f824f495802e317918f87429e'
npm warn tar TAR_ENTRY_ERROR ENOENT: no such file or directory, rename 'H:\coding\lms-platform\backend\node_modules\@radix-ui\react-use-escape-keydown\node_modules\@radix-ui\react-use-callback-ref\README.md' -> 'H:\coding\lms-platform\backend\node_modules\@radix-ui\react-use-escape-keydown\node_modules\@radix-ui\react-use-callback-ref\README.md.DELETE.b36bbc70004071713a4edab953812e93'
npm warn tar TAR_ENTRY_ERROR ENOENT: no such file or directory, rename 'H:\coding\lms-platform\backend\node_modules\@radix-ui\react-presence\node_modules\@radix-ui\react-compose-refs\README.md' -> 'H:\coding\lms-platform\backend\node_modules\@radix-ui\react-presence\node_modules\@radix-ui\react-compose-refs\README.md.DELETE.59e8952e845190415db2872bfa9915b6'
npm warn tar TAR_ENTRY_ERROR ENOENT: no such file or directory, rename 'H:\coding\lms-platform\backend\node_modules\@radix-ui\react-collapsible\node_modules\@radix-ui\react-use-callback-ref\README.md' -> 'H:\coding\lms-platform\backend\node_modules\@radix-ui\react-collapsible\node_modules\@radix-ui\react-use-callback-ref\README.md.DELETE.2e7973afcaf3b79e004f4a3beb54b1fe'
npm warn tar TAR_ENTRY_ERROR ENOENT: no such file or directory, rename 'H:\coding\lms-platform\backend\node_modules\@radix-ui\react-collapsible\node_modules\@radix-ui\react-slot\README.md' -> 'H:\coding\lms-platform\backend\node_modules\@radix-ui\react-collapsible\node_modules\@radix-ui\react-slot\README.md.DELETE.d4b037b2be8efdbe3b4691033c9a23ec'
npm warn tar TAR_ENTRY_ERROR ENOENT: no such file or directory, rename 'H:\coding\lms-platform\backend\node_modules\@radix-ui\react-collapsible\node_modules\@radix-ui\react-use-layout-effect\README.md' -> 'H:\coding\lms-platform\backend\node_modules\@radix-ui\react-collapsible\node_modules\@radix-ui\react-use-layout-effect\README.md.DELETE.d193c9a6e40879dde20d9b5b53c43ff6'
npm warn tar TAR_ENTRY_ERROR ENOENT: no such file or directory, rename 'H:\coding\lms-platform\backend\node_modules\@radix-ui\react-collapsible\node_modules\@radix-ui\react-use-controllable-state\README.md' -> 'H:\coding\lms-platform\backend\node_modules\@radix-ui\react-collapsible\node_modules\@radix-ui\react-use-controllable-state\README.md.DELETE.25a58df0dfa90b5cbb617ee18b7165af'
npm warn tar TAR_ENTRY_ERROR ENOENT: no such file or directory, rename 'H:\coding\lms-platform\backend\node_modules\@radix-ui\react-collapsible\node_modules\@radix-ui\react-primitive\README.md' -> 'H:\coding\lms-platform\backend\node_modules\@radix-ui\react-collapsible\node_modules\@radix-ui\react-primitive\README.md.DELETE.4fb73915886aeb46aece6422526b83e1'
npm warn tar TAR_ENTRY_ERROR ENOENT: no such file or directory, rename 'H:\coding\lms-platform\backend\node_modules\@radix-ui\react-collapsible\node_modules\@radix-ui\react-compose-refs\README.md' -> 'H:\coding\lms-platform\backend\node_modules\@radix-ui\react-collapsible\node_modules\@radix-ui\react-compose-refs\README.md.DELETE.1c295ec21726a8ad11f6dc4d1789cbea'
npm warn tar TAR_ENTRY_ERROR ENOENT: no such file or directory, rename 'H:\coding\lms-platform\backend\node_modules\@radix-ui\react-collapsible\node_modules\@radix-ui\react-id\README.md' -> 'H:\coding\lms-platform\backend\node_modules\@radix-ui\react-collapsible\node_modules\@radix-ui\react-id\README.md.DELETE.6a3aad6c41d21b72ab4328e09907eb75'
npm warn tar TAR_ENTRY_ERROR ENOENT: no such file or directory, rename 'H:\coding\lms-platform\backend\node_modules\@radix-ui\react-menu\node_modules\@radix-ui\primitive\README.md' -> 'H:\coding\lms-platform\backend\node_modules\@radix-ui\react-menu\node_modules\@radix-ui\primitive\README.md.DELETE.091b51a415b6ef6fa763bca7fb44afed'
npm warn tar TAR_ENTRY_ERROR ENOENT: no such file or directory, rename 'H:\coding\lms-platform\backend\node_modules\@strapi\ui-primitives\node_modules\@radix-ui\react-compose-refs\README.md' -> 'H:\coding\lms-platform\backend\node_modules\@strapi\ui-primitives\node_modules\@radix-ui\react-compose-refs\README.md.DELETE.06dab024cc6a4f00544c6709ce71f565'
npm warn tar TAR_ENTRY_ERROR ENOENT: no such file or directory, rename 'H:\coding\lms-platform\backend\node_modules\@radix-ui\react-tooltip\node_modules\@radix-ui\react-id\README.md' -> 'H:\coding\lms-platform\backend\node_modules\@radix-ui\react-tooltip\node_modules\@radix-ui\react-id\README.md.DELETE.38caeb86ce65a090d0ab43346952dd82'
npm warn tar TAR_ENTRY_ERROR ENOENT: no such file or directory, rename 'H:\coding\lms-platform\backend\node_modules\@radix-ui\react-tooltip\node_modules\@radix-ui\react-primitive\README.md' -> 'H:\coding\lms-platform\backend\node_modules\@radix-ui\react-tooltip\node_modules\@radix-ui\react-primitive\README.md.DELETE.2eb365593e72048dc4ec50e922e61f13'
npm warn tar TAR_ENTRY_ERROR ENOENT: no such file or directory, rename 'H:\coding\lms-platform\backend\node_modules\@radix-ui\react-tooltip\node_modules\@radix-ui\primitive\README.md' -> 'H:\coding\lms-platform\backend\node_modules\@radix-ui\react-tooltip\node_modules\@radix-ui\primitive\README.md.DELETE.2d8e0a61afda3cce9586bbde8abfd9b7'
npm warn tar TAR_ENTRY_ERROR ENOENT: no such file or directory, rename 'H:\coding\lms-platform\backend\node_modules\@radix-ui\react-tooltip\node_modules\@radix-ui\react-slot\README.md' -> 'H:\coding\lms-platform\backend\node_modules\@radix-ui\react-tooltip\node_modules\@radix-ui\react-slot\README.md.DELETE.5eecee82b7d9c02de20e53688564c63f'
npm warn tar TAR_ENTRY_ERROR ENOENT: no such file or directory, rename 'H:\coding\lms-platform\backend\node_modules\@radix-ui\react-tabs\node_modules\@radix-ui\react-compose-refs\README.md' -> 'H:\coding\lms-platform\backend\node_modules\@radix-ui\react-tabs\node_modules\@radix-ui\react-compose-refs\README.md.DELETE.60e7551aea9f9f6938268d88c8361881'
npm warn tar TAR_ENTRY_ERROR ENOENT: no such file or directory, rename 'H:\coding\lms-platform\backend\node_modules\@radix-ui\react-menu\node_modules\@radix-ui\react-collection\README.md' -> 'H:\coding\lms-platform\backend\node_modules\@radix-ui\react-menu\node_modules\@radix-ui\react-collection\README.md.DELETE.a38249f8415b1d80a29e7151f6879afa'
npm warn tar TAR_ENTRY_ERROR ENOENT: no such file or directory, rename 'H:\coding\lms-platform\backend\node_modules\@radix-ui\react-tabs\node_modules\@radix-ui\react-direction\README.md' -> 'H:\coding\lms-platform\backend\node_modules\@radix-ui\react-tabs\node_modules\@radix-ui\react-direction\README.md.DELETE.bb8e54c470d19fb2a72ee8c2f568aa87'
npm warn tar TAR_ENTRY_ERROR ENOENT: no such file or directory, rename 'H:\coding\lms-platform\backend\node_modules\@radix-ui\react-tabs\node_modules\@radix-ui\primitive\README.md' -> 'H:\coding\lms-platform\backend\node_modules\@radix-ui\react-tabs\node_modules\@radix-ui\primitive\README.md.DELETE.681baea970733c5ea369b3d8d98c6389'
npm warn tar TAR_ENTRY_ERROR ENOENT: no such file or directory, rename 'H:\coding\lms-platform\backend\node_modules\@radix-ui\react-switch\node_modules\@radix-ui\react-use-callback-ref\README.md' -> 'H:\coding\lms-platform\backend\node_modules\@radix-ui\react-switch\node_modules\@radix-ui\react-use-callback-ref\README.md.DELETE.1fd0ca3f5620e6c168b913dae312c1d1'
npm warn tar TAR_ENTRY_ERROR ENOENT: no such file or directory, rename 'H:\coding\lms-platform\backend\node_modules\@radix-ui\react-switch\node_modules\@radix-ui\react-use-controllable-state\README.md' -> 'H:\coding\lms-platform\backend\node_modules\@radix-ui\react-switch\node_modules\@radix-ui\react-use-controllable-state\README.md.DELETE.bc9c7c8f9e45b2dd338c272a4144a355'
npm warn tar TAR_ENTRY_ERROR ENOENT: no such file or directory, rename 'H:\coding\lms-platform\backend\node_modules\@radix-ui\react-switch\node_modules\@radix-ui\react-compose-refs\README.md' -> 'H:\coding\lms-platform\backend\node_modules\@radix-ui\react-switch\node_modules\@radix-ui\react-compose-refs\README.md.DELETE.af6664a3967e911e336530badd8f1f78'
npm warn tar TAR_ENTRY_ERROR ENOENT: no such file or directory, rename 'H:\coding\lms-platform\backend\node_modules\@radix-ui\react-scroll-area\node_modules\@radix-ui\react-slot\README.md' -> 'H:\coding\lms-platform\backend\node_modules\@radix-ui\react-scroll-area\node_modules\@radix-ui\react-slot\README.md.DELETE.7210ee4607c73796398d922267abf7ab'
npm warn tar TAR_ENTRY_ERROR ENOENT: no such file or directory, rename 'H:\coding\lms-platform\backend\node_modules\@radix-ui\react-scroll-area\node_modules\@radix-ui\react-use-layout-effect\README.md' -> 'H:\coding\lms-platform\backend\node_modules\@radix-ui\react-scroll-area\node_modules\@radix-ui\react-use-layout-effect\README.md.DELETE.c8d1c64ff141b00a7ee2080c703f9cb0'
npm warn tar TAR_ENTRY_ERROR ENOENT: no such file or directory, rename 'H:\coding\lms-platform\backend\node_modules\@radix-ui\react-scroll-area\node_modules\@radix-ui\react-use-callback-ref\README.md' -> 'H:\coding\lms-platform\backend\node_modules\@radix-ui\react-scroll-area\node_modules\@radix-ui\react-use-callback-ref\README.md.DELETE.ac789569ca5af638a84c44700e95773f'
npm warn tar TAR_ENTRY_ERROR ENOENT: no such file or directory, rename 'H:\coding\lms-platform\backend\node_modules\@radix-ui\react-scroll-area\node_modules\@radix-ui\react-direction\README.md' -> 'H:\coding\lms-platform\backend\node_modules\@radix-ui\react-scroll-area\node_modules\@radix-ui\react-direction\README.md.DELETE.5a107c1650ea1dd92279525bd4d8897a'
npm warn tar TAR_ENTRY_ERROR ENOENT: no such file or directory, rename 'H:\coding\lms-platform\backend\node_modules\@radix-ui\react-scroll-area\node_modules\@radix-ui\react-compose-refs\README.md' -> 'H:\coding\lms-platform\backend\node_modules\@radix-ui\react-scroll-area\node_modules\@radix-ui\react-compose-refs\README.md.DELETE.adebfd546d14e0a7fcf24d76958eadff'
npm warn tar TAR_ENTRY_ERROR ENOENT: no such file or directory, rename 'H:\coding\lms-platform\backend\node_modules\@radix-ui\react-radio-group\node_modules\@radix-ui\react-use-layout-effect\README.md' -> 'H:\coding\lms-platform\backend\node_modules\@radix-ui\react-radio-group\node_modules\@radix-ui\react-use-layout-effect\README.md.DELETE.e4a47102bd5cbddd7f3bf5d89d3dd610'
npm warn tar TAR_ENTRY_ERROR ENOENT: no such file or directory, rename 'H:\coding\lms-platform\backend\node_modules\@radix-ui\react-radio-group\node_modules\@radix-ui\react-id\README.md' -> 'H:\coding\lms-platform\backend\node_modules\@radix-ui\react-radio-group\node_modules\@radix-ui\react-id\README.md.DELETE.1dcf0c70a85c0d880aadd1c79c4f0d34'
npm warn tar TAR_ENTRY_ERROR ENOENT: no such file or directory, rename 'H:\coding\lms-platform\backend\node_modules\@radix-ui\react-radio-group\node_modules\@radix-ui\react-collection\README.md' -> 'H:\coding\lms-platform\backend\node_modules\@radix-ui\react-radio-group\node_modules\@radix-ui\react-collection\README.md.DELETE.7c3de7524fe83f4536dee29a88e73887'
npm warn tar TAR_ENTRY_ERROR ENOENT: no such file or directory, rename 'H:\coding\lms-platform\backend\node_modules\@radix-ui\react-radio-group\node_modules\@radix-ui\react-primitive\README.md' -> 'H:\coding\lms-platform\backend\node_modules\@radix-ui\react-radio-group\node_modules\@radix-ui\react-primitive\README.md.DELETE.45b4ea55fa308d912070392b47b3f4d7'
npm warn tar TAR_ENTRY_ERROR ENOENT: no such file or directory, rename 'H:\coding\lms-platform\backend\node_modules\@radix-ui\react-radio-group\node_modules\@radix-ui\react-direction\README.md' -> 'H:\coding\lms-platform\backend\node_modules\@radix-ui\react-radio-group\node_modules\@radix-ui\react-direction\README.md.DELETE.e3cc2dec95154f99dac851e7e457256b'
npm warn tar TAR_ENTRY_ERROR ENOENT: no such file or directory, rename 'H:\coding\lms-platform\backend\node_modules\@radix-ui\react-progress\node_modules\@radix-ui\react-compose-refs\README.md' -> 'H:\coding\lms-platform\backend\node_modules\@radix-ui\react-progress\node_modules\@radix-ui\react-compose-refs\README.md.DELETE.0481715dae90824b264c47696099cc9b'
npm warn tar TAR_ENTRY_ERROR ENOENT: no such file or directory, rename 'H:\coding\lms-platform\backend\node_modules\@radix-ui\react-progress\node_modules\@radix-ui\react-primitive\README.md' -> 'H:\coding\lms-platform\backend\node_modules\@radix-ui\react-progress\node_modules\@radix-ui\react-primitive\README.md.DELETE.febb104fe6d9d054dc7e536cc3c73fdd'
npm warn tar TAR_ENTRY_ERROR ENOENT: no such file or directory, rename 'H:\coding\lms-platform\backend\node_modules\@radix-ui\react-popover\node_modules\@radix-ui\react-use-layout-effect\README.md' -> 'H:\coding\lms-platform\backend\node_modules\@radix-ui\react-popover\node_modules\@radix-ui\react-use-layout-effect\README.md.DELETE.d76700de09eb720116690cfc3bbd6a82'
npm warn tar TAR_ENTRY_ERROR ENOENT: no such file or directory, rename 'H:\coding\lms-platform\backend\node_modules\@radix-ui\react-popover\node_modules\react-remove-scroll\LICENSE' -> 'H:\coding\lms-platform\backend\node_modules\@radix-ui\react-popover\node_modules\react-remove-scroll\LICENSE.DELETE.8daf503753ccfb67060a12886d8ca1ac'
npm warn tar TAR_ENTRY_ERROR ENOENT: no such file or directory, rename 'H:\coding\lms-platform\backend\node_modules\@radix-ui\react-popover\node_modules\@radix-ui\react-slot\README.md' -> 'H:\coding\lms-platform\backend\node_modules\@radix-ui\react-popover\node_modules\@radix-ui\react-slot\README.md.DELETE.cc1f55d71f9803c35f337ad0c400bed9'
npm warn tar TAR_ENTRY_ERROR ENOENT: no such file or directory, rename 'H:\coding\lms-platform\backend\node_modules\@radix-ui\react-popover\node_modules\@radix-ui\react-primitive\README.md' -> 'H:\coding\lms-platform\backend\node_modules\@radix-ui\react-popover\node_modules\@radix-ui\react-primitive\README.md.DELETE.ed9ecbb224e00072a268a6d26133327d'
npm warn tar TAR_ENTRY_ERROR ENOENT: no such file or directory, rename 'H:\coding\lms-platform\backend\node_modules\finalhandler\node_modules\debug\LICENSE' -> 'H:\coding\lms-platform\backend\node_modules\finalhandler\node_modules\debug\LICENSE.DELETE.4dac6eabdc101248714d36f6d5ff91e2'
npm warn tar TAR_ENTRY_ERROR ENOENT: no such file or directory, rename 'H:\coding\lms-platform\backend\node_modules\@radix-ui\react-popover\node_modules\@radix-ui\primitive\README.md' -> 'H:\coding\lms-platform\backend\node_modules\@radix-ui\react-popover\node_modules\@radix-ui\primitive\README.md.DELETE.12b34996c432d552b2620a6bbd054bba'
npm warn tar TAR_ENTRY_ERROR ENOENT: no such file or directory, rename 'H:\coding\lms-platform\backend\node_modules\@radix-ui\react-popover\node_modules\@radix-ui\react-compose-refs\README.md' -> 'H:\coding\lms-platform\backend\node_modules\@radix-ui\react-popover\node_modules\@radix-ui\react-compose-refs\README.md.DELETE.bad800295577fc050bcbfb503415e42b'
npm warn tar TAR_ENTRY_ERROR ENOENT: no such file or directory, rename 'H:\coding\lms-platform\backend\node_modules\@radix-ui\react-focus-scope\node_modules\@radix-ui\react-slot\README.md' -> 'H:\coding\lms-platform\backend\node_modules\@radix-ui\react-focus-scope\node_modules\@radix-ui\react-slot\README.md.DELETE.ad9926528540b14ff6c525a314280f4a'
npm warn tar TAR_ENTRY_ERROR ENOENT: no such file or directory, rename 'H:\coding\lms-platform\backend\node_modules\@radix-ui\react-focus-scope\node_modules\@radix-ui\react-use-callback-ref\README.md' -> 'H:\coding\lms-platform\backend\node_modules\@radix-ui\react-focus-scope\node_modules\@radix-ui\react-use-callback-ref\README.md.DELETE.ada726368a3f10c785a851225eca9235'
npm warn tar TAR_ENTRY_ERROR ENOENT: no such file or directory, rename 'H:\coding\lms-platform\backend\node_modules\@radix-ui\react-focus-scope\node_modules\@radix-ui\react-primitive\README.md' -> 'H:\coding\lms-platform\backend\node_modules\@radix-ui\react-focus-scope\node_modules\@radix-ui\react-primitive\README.md.DELETE.b67f197c54d3eecb308d142e386ad70a'
npm warn tar TAR_ENTRY_ERROR ENOENT: no such file or directory, rename 'H:\coding\lms-platform\backend\node_modules\@radix-ui\react-focus-scope\node_modules\@radix-ui\react-compose-refs\README.md' -> 'H:\coding\lms-platform\backend\node_modules\@radix-ui\react-focus-scope\node_modules\@radix-ui\react-compose-refs\README.md.DELETE.6664057dba5f61f46eb77b884d6a112c'
npm warn tar TAR_ENTRY_ERROR ENOENT: no such file or directory, rename 'H:\coding\lms-platform\backend\node_modules\@radix-ui\react-dropdown-menu\node_modules\@radix-ui\react-slot\README.md' -> 'H:\coding\lms-platform\backend\node_modules\@radix-ui\react-dropdown-menu\node_modules\@radix-ui\react-slot\README.md.DELETE.7ec48403304c4b2fef5ccdfbf9438234'
npm warn tar TAR_ENTRY_ERROR ENOENT: no such file or directory, rename 'H:\coding\lms-platform\backend\node_modules\@radix-ui\react-dropdown-menu\node_modules\@radix-ui\react-use-callback-ref\README.md' -> 'H:\coding\lms-platform\backend\node_modules\@radix-ui\react-dropdown-menu\node_modules\@radix-ui\react-use-callback-ref\README.md.DELETE.f35d7caeb0e1198cb6d90504d487916d'
npm warn tar TAR_ENTRY_ERROR ENOENT: no such file or directory, rename 'H:\coding\lms-platform\backend\node_modules\@radix-ui\react-dropdown-menu\node_modules\@radix-ui\react-use-layout-effect\README.md' -> 'H:\coding\lms-platform\backend\node_modules\@radix-ui\react-dropdown-menu\node_modules\@radix-ui\react-use-layout-effect\README.md.DELETE.3a58e5d34351dad1e32d0b568cb07800'
npm warn tar TAR_ENTRY_ERROR ENOENT: no such file or directory, rename 'H:\coding\lms-platform\backend\node_modules\@radix-ui\react-dropdown-menu\node_modules\@radix-ui\react-primitive\README.md' -> 'H:\coding\lms-platform\backend\node_modules\@radix-ui\react-dropdown-menu\node_modules\@radix-ui\react-primitive\README.md.DELETE.8c885bcfec06d4b172ffaff961ca4961'
npm warn tar TAR_ENTRY_ERROR ENOENT: no such file or directory, rename 'H:\coding\lms-platform\backend\node_modules\@radix-ui\react-dropdown-menu\node_modules\@radix-ui\react-use-controllable-state\README.md' -> 'H:\coding\lms-platform\backend\node_modules\@radix-ui\react-dropdown-menu\node_modules\@radix-ui\react-use-controllable-state\README.md.DELETE.98343b8ec2cf6b9ee391cae2c190f897'
npm warn tar TAR_ENTRY_ERROR ENOENT: no such file or directory, rename 'H:\coding\lms-platform\backend\node_modules\@radix-ui\react-dropdown-menu\node_modules\@radix-ui\primitive\README.md' -> 'H:\coding\lms-platform\backend\node_modules\@radix-ui\react-dropdown-menu\node_modules\@radix-ui\primitive\README.md.DELETE.71512313fb067bf4b2f06fe52f8f5f61'
npm warn tar TAR_ENTRY_ERROR ENOENT: no such file or directory, rename 'H:\coding\lms-platform\backend\node_modules\@radix-ui\react-dismissable-layer\node_modules\@radix-ui\react-use-callback-ref\README.md' -> 'H:\coding\lms-platform\backend\node_modules\@radix-ui\react-dismissable-layer\node_modules\@radix-ui\react-use-callback-ref\README.md.DELETE.2cb7fac08aa29ca6e635a4f039d633dc'
npm warn tar TAR_ENTRY_ERROR ENOENT: no such file or directory, rename 'H:\coding\lms-platform\backend\node_modules\@radix-ui\react-dismissable-layer\node_modules\@radix-ui\react-primitive\README.md' -> 'H:\coding\lms-platform\backend\node_modules\@radix-ui\react-dismissable-layer\node_modules\@radix-ui\react-primitive\README.md.DELETE.c3a47c771bb929df9b1f2a1e74640021'
npm warn tar TAR_ENTRY_ERROR ENOENT: no such file or directory, rename 'H:\coding\lms-platform\backend\node_modules\@radix-ui\react-dismissable-layer\node_modules\@radix-ui\primitive\README.md' -> 'H:\coding\lms-platform\backend\node_modules\@radix-ui\react-dismissable-layer\node_modules\@radix-ui\primitive\README.md.DELETE.e302190e95ae429847fcfd25e23c24be'
npm warn tar TAR_ENTRY_ERROR ENOENT: no such file or directory, rename 'H:\coding\lms-platform\backend\node_modules\@radix-ui\react-dismissable-layer\node_modules\@radix-ui\react-slot\README.md' -> 'H:\coding\lms-platform\backend\node_modules\@radix-ui\react-dismissable-layer\node_modules\@radix-ui\react-slot\README.md.DELETE.134ff4a5354aef80539bf0900ac5dae2'
npm warn tar TAR_ENTRY_ERROR ENOENT: no such file or directory, rename 'H:\coding\lms-platform\backend\node_modules\@radix-ui\react-dialog\node_modules\@radix-ui\react-use-layout-effect\README.md' -> 'H:\coding\lms-platform\backend\node_modules\@radix-ui\react-dialog\node_modules\@radix-ui\react-use-layout-effect\README.md.DELETE.fc28a5f12cb7aa83d9d37d41882ac094'
npm warn tar TAR_ENTRY_ERROR ENOENT: no such file or directory, rename 'H:\coding\lms-platform\backend\node_modules\@radix-ui\react-dismissable-layer\node_modules\@radix-ui\react-compose-refs\README.md' -> 'H:\coding\lms-platform\backend\node_modules\@radix-ui\react-dismissable-layer\node_modules\@radix-ui\react-compose-refs\README.md.DELETE.e5d3492a6e89f0379952bc4509fdb50f'
npm warn tar TAR_ENTRY_ERROR ENOENT: no such file or directory, rename 'H:\coding\lms-platform\backend\node_modules\@radix-ui\react-dialog\node_modules\react-remove-scroll\LICENSE' -> 'H:\coding\lms-platform\backend\node_modules\@radix-ui\react-dialog\node_modules\react-remove-scroll\LICENSE.DELETE.92784ca4a3b722ab77d421168343b879'
npm warn tar TAR_ENTRY_ERROR ENOENT: no such file or directory, rename 'H:\coding\lms-platform\backend\node_modules\@radix-ui\react-dialog\node_modules\@radix-ui\react-use-controllable-state\README.md' -> 'H:\coding\lms-platform\backend\node_modules\@radix-ui\react-dialog\node_modules\@radix-ui\react-use-controllable-state\README.md.DELETE.a071ba741dcdd8f570b409af1446f330'
npm warn tar TAR_ENTRY_ERROR ENOENT: no such file or directory, rename 'H:\coding\lms-platform\backend\node_modules\@radix-ui\react-dialog\node_modules\@radix-ui\react-slot\README.md' -> 'H:\coding\lms-platform\backend\node_modules\@radix-ui\react-dialog\node_modules\@radix-ui\react-slot\README.md.DELETE.f477490b049c7cba19a6d5a6ffc1436f'
npm warn tar TAR_ENTRY_ERROR ENOENT: no such file or directory, rename 'H:\coding\lms-platform\backend\node_modules\@radix-ui\react-checkbox\node_modules\@radix-ui\primitive\README.md' -> 'H:\coding\lms-platform\backend\node_modules\@radix-ui\react-checkbox\node_modules\@radix-ui\primitive\README.md.DELETE.f8baeccabd120683e19990b9dd083739'
npm warn tar TAR_ENTRY_ERROR ENOENT: no such file or directory, rename 'H:\coding\lms-platform\backend\node_modules\@radix-ui\react-avatar\node_modules\@radix-ui\react-primitive\README.md' -> 'H:\coding\lms-platform\backend\node_modules\@radix-ui\react-avatar\node_modules\@radix-ui\react-primitive\README.md.DELETE.cfe3baabd07abb0244577be359bbdae4'
npm warn tar TAR_ENTRY_ERROR ENOENT: no such file or directory, rename 'H:\coding\lms-platform\backend\node_modules\@radix-ui\react-accordion\node_modules\@radix-ui\react-use-layout-effect\README.md' -> 'H:\coding\lms-platform\backend\node_modules\@radix-ui\react-accordion\node_modules\@radix-ui\react-use-layout-effect\README.md.DELETE.3d9bed42c0246fef7651b58e27158dd7'
npm warn tar TAR_ENTRY_ERROR ENOENT: no such file or directory, rename 'H:\coding\lms-platform\backend\node_modules\@radix-ui\react-dialog\node_modules\@radix-ui\react-id\README.md' -> 'H:\coding\lms-platform\backend\node_modules\@radix-ui\react-dialog\node_modules\@radix-ui\react-id\README.md.DELETE.f3dd224dd5eba90d8ca3adac613295ef'
npm warn tar TAR_ENTRY_ERROR ENOENT: no such file or directory, rename 'H:\coding\lms-platform\backend\node_modules\knex\node_modules\commander\LICENSE' -> 'H:\coding\lms-platform\backend\node_modules\knex\node_modules\commander\LICENSE.DELETE.6cf6eb8b52805f82c54e902f57adf8b1'
npm warn tar TAR_ENTRY_ERROR ENOENT: no such file or directory, rename 'H:\coding\lms-platform\backend\node_modules\@radix-ui\react-alert-dialog\node_modules\@radix-ui\react-compose-refs\README.md' -> 'H:\coding\lms-platform\backend\node_modules\@radix-ui\react-alert-dialog\node_modules\@radix-ui\react-compose-refs\README.md.DELETE.4441b7c03a9ac033d4de7e98571e7b9c'
npm warn tar TAR_ENTRY_ERROR ENOENT: no such file or directory, rename 'H:\coding\lms-platform\backend\node_modules\@radix-ui\react-collection\node_modules\@radix-ui\react-context\README.md' -> 'H:\coding\lms-platform\backend\node_modules\@radix-ui\react-collection\node_modules\@radix-ui\react-context\README.md.DELETE.9d5511d8d8299caf48418987481ce232'
npm warn tar TAR_ENTRY_ERROR ENOENT: no such file or directory, rename 'H:\coding\lms-platform\backend\node_modules\koa\node_modules\media-typer\package.json' -> 'H:\coding\lms-platform\backend\node_modules\koa\node_modules\media-typer\package.json.DELETE.7feb779ba80fb7ac6559af26f2c2074f'
npm warn tar TAR_ENTRY_ERROR ENOENT: no such file or directory, rename 'H:\coding\lms-platform\backend\node_modules\koa\node_modules\http-errors\LICENSE' -> 'H:\coding\lms-platform\backend\node_modules\koa\node_modules\http-errors\LICENSE.DELETE.163023e4659352a44ed4c4e34b1c867d'
npm warn tar TAR_ENTRY_ERROR ENOENT: no such file or directory, rename 'H:\coding\lms-platform\backend\node_modules\@radix-ui\react-alert-dialog\node_modules\@radix-ui\primitive\README.md' -> 'H:\coding\lms-platform\backend\node_modules\@radix-ui\react-alert-dialog\node_modules\@radix-ui\primitive\README.md.DELETE.738de87722af173b1dce37a807d2cd62'
npm warn tar TAR_ENTRY_ERROR ENOENT: no such file or directory, rename 'H:\coding\lms-platform\backend\node_modules\@radix-ui\react-alert-dialog\node_modules\@radix-ui\react-slot\README.md' -> 'H:\coding\lms-platform\backend\node_modules\@radix-ui\react-alert-dialog\node_modules\@radix-ui\react-slot\README.md.DELETE.77f3c56e02f054b66fe1cc859ccc5bed'
npm warn tar TAR_ENTRY_ERROR ENOENT: no such file or directory, rename 'H:\coding\lms-platform\backend\node_modules\@strapi\admin\LICENSE' -> 'H:\coding\lms-platform\backend\node_modules\@strapi\admin\LICENSE.DELETE.09ace7ecbc94161292d58cd4eee5ad89'
npm warn tar TAR_ENTRY_ERROR ENOENT: no such file or directory, rename 'H:\coding\lms-platform\backend\node_modules\@codemirror\view\LICENSE' -> 'H:\coding\lms-platform\backend\node_modules\@codemirror\view\LICENSE.DELETE.01b97a3418ea60e02f81f4ebd66e7340'
npm warn tar TAR_ENTRY_ERROR ENOENT: no such file or directory, unlink 'H:\coding\lms-platform\backend\node_modules\qs\.editorconfig.DELETE.382eba214d2022887b023f8c0d5f0a51'
npm warn tar TAR_ENTRY_ERROR ENOENT: no such file or directory, unlink 'H:\coding\lms-platform\backend\node_modules\koa2-ratelimit\LICENSE.DELETE.cbb3def35d170f90767f114ec43f3281'
npm warn tar TAR_ENTRY_ERROR ENOENT: no such file or directory, unlink 'H:\coding\lms-platform\backend\node_modules\is-localhost-ip\LICENSE.DELETE.1ff4a5a2bc8bad14307deb954a26b8fd'
npm warn tar TAR_ENTRY_ERROR ENOENT: no such file or directory, unlink 'H:\coding\lms-platform\backend\node_modules\invariant\package.json.DELETE.d2fdfb2c10ec5813fe1e2d27233a18b8'
npm warn tar TAR_ENTRY_ERROR ENOENT: no such file or directory, unlink 'H:\coding\lms-platform\backend\node_modules\immer\LICENSE.DELETE.d8c11087fff0a165537d9475e10ff81a'
npm warn tar TAR_ENTRY_ERROR ENOENT: no such file or directory, unlink 'H:\coding\lms-platform\backend\node_modules\fast-deep-equal\LICENSE.DELETE.a79499b0085eef54667f916c5ddd44d9'
npm warn tar TAR_ENTRY_ERROR ENOENT: no such file or directory, unlink 'H:\coding\lms-platform\backend\node_modules\highlight.js\LICENSE.DELETE.88e33e3e12d3dbca949dfaff1f7a9e9d'
npm warn tar TAR_ENTRY_ERROR ENOENT: no such file or directory, unlink 'H:\coding\lms-platform\backend\node_modules\@reduxjs\toolkit\LICENSE.DELETE.d995c00e3653e5888105ca9f81947ce3'
npm warn tar TAR_ENTRY_ERROR ENOENT: no such file or directory, unlink 'H:\coding\lms-platform\backend\node_modules\@types\node\LICENSE.DELETE.7478ffed592439b97ca8b67427efb617'
npm warn tar TAR_ENTRY_ERROR ENOENT: no such file or directory, unlink 'H:\coding\lms-platform\backend\node_modules\koa-send\node_modules\http-errors\LICENSE.DELETE.14df916d87291f3f31d84d764d3497c0'
npm warn tar TAR_ENTRY_ERROR ENOENT: no such file or directory, unlink 'H:\coding\lms-platform\backend\node_modules\http-assert\node_modules\depd\package.json.DELETE.0cd56388435f71b43f3c568f6828b770'
npm warn tar TAR_ENTRY_ERROR ENOENT: no such file or directory, unlink 'H:\coding\lms-platform\backend\node_modules\@babel\register\node_modules\make-dir\package.json.DELETE.019e7d7e312feaa3e330fa4d267e29f3'
npm warn tar TAR_ENTRY_ERROR ENOENT: no such file or directory, unlink 'H:\coding\lms-platform\backend\node_modules\through2\node_modules\readable-stream\LICENSE.DELETE.495ee98e871e937d0340b9f591965b62'
npm warn tar TAR_ENTRY_ERROR ENOENT: no such file or directory, unlink 'H:\coding\lms-platform\backend\node_modules\type-is\node_modules\content-type\LICENSE.DELETE.81f978b7d62355dabd1494f1e94d2567'
npm warn tar TAR_ENTRY_ERROR ENOENT: no such file or directory, unlink 'H:\coding\lms-platform\backend\node_modules\pretty-format\node_modules\ansi-styles\license.DELETE.3fbc67975ee37e7a33fd9d506fa580d0'
npm warn tar TAR_ENTRY_ERROR ENOENT: no such file or directory, unlink 'H:\coding\lms-platform\backend\node_modules\slate\node_modules\is-plain-object\LICENSE.DELETE.e231f4d0f48b7d2bc0b7c4144daddb58'
npm warn tar TAR_ENTRY_ERROR ENOENT: no such file or directory, unlink 'H:\coding\lms-platform\backend\node_modules\react-helmet\node_modules\react-fast-compare\LICENSE.DELETE.15195424748f2d4af140150159c46f11'
npm warn tar TAR_ENTRY_ERROR ENOENT: no such file or directory, unlink 'H:\coding\lms-platform\backend\node_modules\@sindresorhus\transliterate\node_modules\escape-string-regexp\package.json.DELETE.a43ce14c501070178499847eb8361062'
npm warn tar TAR_ENTRY_ERROR ENOENT: no such file or directory, unlink 'H:\coding\lms-platform\backend\node_modules\read-pkg-up\node_modules\find-up\package.json.DELETE.6e81a1fa7558bb5a52ec08f98a381f68'
npm warn tar TAR_ENTRY_ERROR ENOENT: no such file or directory, unlink 'H:\coding\lms-platform\backend\node_modules\nodemon\node_modules\balanced-match\index.js.DELETE.217b0cc8b34a5cd3f91e065052961969'
npm warn tar TAR_ENTRY_ERROR ENOENT: no such file or directory, unlink 'H:\coding\lms-platform\backend\node_modules\fork-ts-checker-webpack-plugin\node_modules\minimatch\LICENSE.DELETE.f9a144eee4a01f3d3044a55725dc006c'
npm warn tar TAR_ENTRY_ERROR ENOENT: no such file or directory, unlink 'H:\coding\lms-platform\backend\node_modules\@radix-ui\react-visually-hidden\node_modules\@radix-ui\react-compose-refs\README.md.DELETE.93614017bad380e3b14a7558fe0abbc5'
npm warn tar TAR_ENTRY_ERROR ENOENT: no such file or directory, unlink 'H:\coding\lms-platform\backend\node_modules\@radix-ui\react-menu\node_modules\@radix-ui\react-use-controllable-state\README.md.DELETE.b30deda4f5b9660e09900ecf80235999'
npm warn tar TAR_ENTRY_ERROR ENOENT: no such file or directory, unlink 'H:\coding\lms-platform\backend\node_modules\@radix-ui\react-popper\node_modules\@radix-ui\react-use-callback-ref\README.md.DELETE.e658203bd7cc83799bfdecd4154e1f0f'
npm warn tar TAR_ENTRY_ERROR ENOENT: no such file or directory, unlink 'H:\coding\lms-platform\backend\node_modules\@radix-ui\react-portal\node_modules\@radix-ui\react-compose-refs\README.md.DELETE.79e5ec9d4f93bf92b90fbde0ed9b1e4e'
npm warn tar TAR_ENTRY_ERROR ENOENT: no such file or directory, unlink 'H:\coding\lms-platform\backend\node_modules\@strapi\ui-primitives\node_modules\@radix-ui\react-use-layout-effect\README.md.DELETE.128ea3a69674e37ee8912eeb1b8057e5'
npm warn tar TAR_ENTRY_ERROR ENOENT: no such file or directory, unlink 'H:\coding\lms-platform\backend\node_modules\@radix-ui\react-scroll-area\node_modules\@radix-ui\react-primitive\README.md.DELETE.c073e3fabe687c572e774dd81ee4c667'
npm warn tar TAR_ENTRY_ERROR ENOENT: no such file or directory, unlink 'H:\coding\lms-platform\backend\node_modules\@radix-ui\react-dialog\node_modules\@radix-ui\react-primitive\README.md.DELETE.2db49d82ec09fb6308978fce7f88ec89'
npm warn tar TAR_ENTRY_ERROR ENOENT: no such file or directory, unlink 'H:\coding\lms-platform\backend\node_modules\tar-stream\node_modules\readable-stream\LICENSE.DELETE.b475007f4606638f2c721a4bc7a34976'
npm warn tar TAR_ENTRY_ERROR ENOENT: no such file or directory, unlink 'H:\coding\lms-platform\backend\node_modules\react-window\node_modules\memoize-one\LICENSE.DELETE.4a55bdbad06f1cb0c7e45074a3517ea4'
npm warn tar TAR_ENTRY_ERROR UNKNOWN: unknown error, open 'H:\coding\lms-platform\backend\node_modules\punycode\punycode.es6.js'
npm warn tar TAR_ENTRY_ERROR UNKNOWN: unknown error, open 'H:\coding\lms-platform\backend\node_modules\uri-js\LICENSE'
npm warn tar TAR_ENTRY_ERROR UNKNOWN: unknown error, open 'H:\coding\lms-platform\backend\node_modules\yocto-queue\license'
npm warn tar TAR_ENTRY_ERROR UNKNOWN: unknown error, open 'H:\coding\lms-platform\backend\node_modules\inflight\package.json'
npm warn tar TAR_ENTRY_ERROR UNKNOWN: unknown error, open 'H:\coding\lms-platform\backend\node_modules\@types\mime\LICENSE'
npm warn tar TAR_ENTRY_ERROR UNKNOWN: unknown error, open 'H:\coding\lms-platform\backend\node_modules\fs.realpath\package.json'
npm warn tar TAR_ENTRY_ERROR UNKNOWN: unknown error, open 'H:\coding\lms-platform\backend\node_modules\fast-json-stable-stringify\LICENSE'
npm warn tar TAR_ENTRY_ERROR UNKNOWN: unknown error, open 'H:\coding\lms-platform\backend\node_modules\toposort\package.json'
npm warn tar TAR_ENTRY_ERROR UNKNOWN: unknown error, open 'H:\coding\lms-platform\backend\node_modules\pify\package.json'
npm warn tar TAR_ENTRY_ERROR UNKNOWN: unknown error, open 'H:\coding\lms-platform\backend\node_modules\nanoclone\package.json'
npm warn tar TAR_ENTRY_ERROR UNKNOWN: unknown error, open 'H:\coding\lms-platform\backend\node_modules\y18n\LICENSE'
npm warn tar TAR_ENTRY_ERROR UNKNOWN: unknown error, open 'H:\coding\lms-platform\backend\node_modules\concat-map\package.json'
npm warn tar TAR_ENTRY_ERROR UNKNOWN: unknown error, open 'H:\coding\lms-platform\backend\node_modules\get-caller-file\package.json'
npm warn tar TAR_ENTRY_ERROR UNKNOWN: unknown error, open 'H:\coding\lms-platform\backend\node_modules\require-directory\package.json'
npm warn tar TAR_ENTRY_ERROR UNKNOWN: unknown error, open 'H:\coding\lms-platform\backend\node_modules\os-paths\LICENSE'
npm warn tar TAR_ENTRY_ERROR UNKNOWN: unknown error, open 'H:\coding\lms-platform\backend\node_modules\imurmurhash\package.json'
npm warn tar TAR_ENTRY_ERROR UNKNOWN: unknown error, open 'H:\coding\lms-platform\backend\node_modules\is-typedarray\package.json'
npm warn tar TAR_ENTRY_ERROR UNKNOWN: unknown error, open 'H:\coding\lms-platform\backend\node_modules\typedarray-to-buffer\package.json'
npm warn tar TAR_ENTRY_ERROR UNKNOWN: unknown error, open 'H:\coding\lms-platform\backend\node_modules\@types\triple-beam\LICENSE'
npm warn tar TAR_ENTRY_ERROR UNKNOWN: unknown error, open 'H:\coding\lms-platform\backend\node_modules\fecha\LICENSE'
npm warn tar TAR_ENTRY_ERROR UNKNOWN: unknown error, open 'H:\coding\lms-platform\backend\node_modules\text-hex\package.json'
npm warn tar TAR_ENTRY_ERROR UNKNOWN: unknown error, open 'H:\coding\lms-platform\backend\node_modules\color-string\LICENSE'
npm warn tar TAR_ENTRY_ERROR UNKNOWN: unknown error, open 'H:\coding\lms-platform\backend\node_modules\color\LICENSE'
npm warn tar TAR_ENTRY_ERROR UNKNOWN: unknown error, open 'H:\coding\lms-platform\backend\node_modules\winston-transport\.babelrc'
npm warn tar TAR_ENTRY_ERROR UNKNOWN: unknown error, open 'H:\coding\lms-platform\backend\node_modules\xdg-portable\LICENSE'
npm warn tar TAR_ENTRY_ERROR UNKNOWN: unknown error, open 'H:\coding\lms-platform\backend\node_modules\kuler\package.json'
npm warn tar TAR_ENTRY_ERROR UNKNOWN: unknown error, open 'H:\coding\lms-platform\backend\node_modules\fn.name\package.json'
npm warn tar TAR_ENTRY_ERROR UNKNOWN: unknown error, open 'H:\coding\lms-platform\backend\node_modules\stack-trace\package.json'
npm warn tar TAR_ENTRY_ERROR UNKNOWN: unknown error, open 'H:\coding\lms-platform\backend\node_modules\triple-beam\LICENSE'
npm warn tar TAR_ENTRY_ERROR UNKNOWN: unknown error, open 'H:\coding\lms-platform\backend\node_modules\async\LICENSE'
npm warn tar TAR_ENTRY_ERROR UNKNOWN: unknown error, open 'H:\coding\lms-platform\backend\node_modules\safe-stable-stringify\LICENSE'
npm warn tar TAR_ENTRY_ERROR UNKNOWN: unknown error, open 'H:\coding\lms-platform\backend\node_modules\property-expr\compiler.js'
npm warn tar TAR_ENTRY_ERROR UNKNOWN: unknown error, open 'H:\coding\lms-platform\backend\node_modules\enabled\package.json'
npm warn tar TAR_ENTRY_ERROR UNKNOWN: unknown error, open 'H:\coding\lms-platform\backend\node_modules\logform\.babelrc'
npm warn tar TAR_ENTRY_ERROR UNKNOWN: unknown error, open 'H:\coding\lms-platform\backend\node_modules\js-yaml\LICENSE'
npm warn tar TAR_ENTRY_ERROR UNKNOWN: unknown error, open 'H:\coding\lms-platform\backend\node_modules\one-time\package.json'
npm warn tar TAR_ENTRY_ERROR UNKNOWN: unknown error, open 'H:\coding\lms-platform\backend\node_modules\strip-bom\license'
npm warn tar TAR_ENTRY_ERROR UNKNOWN: unknown error, open 'H:\coding\lms-platform\backend\node_modules\isexe\package.json'
npm warn tar TAR_ENTRY_ERROR UNKNOWN: unknown error, open 'H:\coding\lms-platform\backend\node_modules\load-yaml-file\LICENSE'
npm warn tar TAR_ENTRY_ERROR UNKNOWN: unknown error, open 'H:\coding\lms-platform\backend\node_modules\totalist\license'
npm warn tar TAR_ENTRY_ERROR UNKNOWN: unknown error, open 'H:\coding\lms-platform\backend\node_modules\acorn-walk\LICENSE'
npm warn tar TAR_ENTRY_ERROR UNKNOWN: unknown error, open 'H:\coding\lms-platform\backend\node_modules\mrmime\license'
npm warn tar TAR_ENTRY_ERROR UNKNOWN: unknown error, open 'H:\coding\lms-platform\backend\node_modules\sirv\build.js'
npm warn tar TAR_ENTRY_ERROR UNKNOWN: unknown error, open 'H:\coding\lms-platform\backend\node_modules\@dabh\diagnostics\LICENSE'
npm warn tar TAR_ENTRY_ERROR UNKNOWN: unknown error, open 'H:\coding\lms-platform\backend\node_modules\@discoveryjs\json-ext\LICENSE'
npm warn tar TAR_ENTRY_ERROR UNKNOWN: unknown error, open 'H:\coding\lms-platform\backend\node_modules\esrecurse\.babelrc'
npm warn tar TAR_ENTRY_ERROR UNKNOWN: unknown error, open 'H:\coding\lms-platform\backend\node_modules\@polka\url\build.js'
npm warn tar TAR_ENTRY_ERROR UNKNOWN: unknown error, open 'H:\coding\lms-platform\backend\node_modules\estraverse\package.json'
npm warn tar TAR_ENTRY_ERROR UNKNOWN: unknown error, open 'H:\coding\lms-platform\backend\node_modules\@webassemblyjs\utf8\LICENSE'
npm warn tar TAR_ENTRY_ERROR UNKNOWN: unknown error, open 'H:\coding\lms-platform\backend\node_modules\jest-worker\LICENSE'
npm warn tar TAR_ENTRY_ERROR UNKNOWN: unknown error, open 'H:\coding\lms-platform\backend\node_modules\@xtuc\ieee754\package.json'
npm warn tar TAR_ENTRY_ERROR UNKNOWN: unknown error, open 'H:\coding\lms-platform\backend\node_modules\@webassemblyjs\ieee754\LICENSE'
npm warn tar TAR_ENTRY_ERROR UNKNOWN: unknown error, open 'H:\coding\lms-platform\backend\node_modules\@webassemblyjs\wasm-opt\LICENSE'
npm warn tar TAR_ENTRY_ERROR UNKNOWN: unknown error, open 'H:\coding\lms-platform\backend\node_modules\@webassemblyjs\helper-wasm-section\LICENSE'
npm warn tar TAR_ENTRY_ERROR UNKNOWN: unknown error, open 'H:\coding\lms-platform\backend\node_modules\@webassemblyjs\helper-api-error\LICENSE'
npm warn tar TAR_ENTRY_ERROR UNKNOWN: unknown error, open 'H:\coding\lms-platform\backend\node_modules\@xtuc\long\package.json'
npm warn tar TAR_ENTRY_ERROR UNKNOWN: unknown error, open 'H:\coding\lms-platform\backend\node_modules\@webassemblyjs\helper-buffer\LICENSE'
npm warn tar TAR_ENTRY_ERROR UNKNOWN: unknown error, open 'H:\coding\lms-platform\backend\node_modules\watchpack\LICENSE'
npm warn tar TAR_ENTRY_ERROR UNKNOWN: unknown error, open 'H:\coding\lms-platform\backend\node_modules\@webassemblyjs\helper-wasm-bytecode\LICENSE'
npm warn tar TAR_ENTRY_ERROR UNKNOWN: unknown error, open 'H:\coding\lms-platform\backend\node_modules\@webassemblyjs\helper-numbers\LICENSE'
npm warn tar TAR_ENTRY_ERROR UNKNOWN: unknown error, open 'H:\coding\lms-platform\backend\node_modules\minimizer-webpack-plugin\LICENSE'
npm warn tar TAR_ENTRY_ERROR UNKNOWN: unknown error, open 'H:\coding\lms-platform\backend\node_modules\events\LICENSE'
npm warn tar TAR_ENTRY_ERROR UNKNOWN: unknown error, open 'H:\coding\lms-platform\backend\node_modules\es-module-lexer\LICENSE'
npm warn tar TAR_ENTRY_ERROR UNKNOWN: unknown error, open 'H:\coding\lms-platform\backend\node_modules\eslint-scope\LICENSE'
npm warn tar TAR_ENTRY_ERROR UNKNOWN: unknown error, open 'H:\coding\lms-platform\backend\node_modules\enhanced-resolve\LICENSE'
npm warn tar TAR_ENTRY_ERROR UNKNOWN: unknown error, open 'H:\coding\lms-platform\backend\node_modules\@webassemblyjs\ast\LICENSE'
npm warn tar TAR_ENTRY_ERROR UNKNOWN: unknown error, open 'H:\coding\lms-platform\backend\node_modules\@webassemblyjs\wasm-parser\LICENSE'
npm warn tar TAR_ENTRY_ERROR UNKNOWN: unknown error, open 'H:\coding\lms-platform\backend\node_modules\@webassemblyjs\wasm-edit\LICENSE'
npm warn tar TAR_ENTRY_ERROR UNKNOWN: unknown error, open 'H:\coding\lms-platform\backend\node_modules\@rollup\rollup-win32-x64-msvc\package.json'
npm warn tar TAR_ENTRY_ERROR UNKNOWN: unknown error, open 'H:\coding\lms-platform\backend\node_modules\@webassemblyjs\floating-point-hex-parser\LICENSE'
npm warn tar TAR_ENTRY_ERROR UNKNOWN: unknown error, open 'H:\coding\lms-platform\backend\node_modules\@rollup\rollup-win32-x64-gnu\package.json'
npm warn tar TAR_ENTRY_ERROR UNKNOWN: unknown error, open 'H:\coding\lms-platform\backend\node_modules\defaults\LICENSE'
npm warn tar TAR_ENTRY_ERROR UNKNOWN: unknown error, open 'H:\coding\lms-platform\backend\node_modules\spdx-expression-parse\AUTHORS'
npm warn tar TAR_ENTRY_ERROR UNKNOWN: unknown error, open 'H:\coding\lms-platform\backend\node_modules\spdx-exceptions\deprecated.json'
npm warn tar TAR_ENTRY_ERROR UNKNOWN: unknown error, open 'H:\coding\lms-platform\backend\node_modules\spdx-license-ids\deprecated.json'
npm warn tar TAR_ENTRY_ERROR UNKNOWN: unknown error, open 'H:\coding\lms-platform\backend\node_modules\clone\package.json'
npm warn tar TAR_ENTRY_ERROR UNKNOWN: unknown error, open 'H:\coding\lms-platform\backend\node_modules\spdx-correct\LICENSE'
npm warn tar TAR_ENTRY_ERROR UNKNOWN: unknown error, open 'H:\coding\lms-platform\backend\node_modules\detect-node-es\LICENSE'
npm warn tar TAR_ENTRY_ERROR UNKNOWN: unknown error, open 'H:\coding\lms-platform\backend\node_modules\ts-toolbelt\package.json'
npm warn tar TAR_ENTRY_ERROR UNKNOWN: unknown error, open 'H:\coding\lms-platform\backend\node_modules\typedarray-dts\package.json'
npm warn tar TAR_ENTRY_ERROR UNKNOWN: unknown error, open 'H:\coding\lms-platform\backend\node_modules\path-is-network-drive\index.js'
npm warn tar TAR_ENTRY_ERROR UNKNOWN: unknown error, open 'H:\coding\lms-platform\backend\node_modules\unist-util-visit-parents\license'
npm warn tar TAR_ENTRY_ERROR UNKNOWN: unknown error, open 'H:\coding\lms-platform\backend\node_modules\@lazy-node\types-path\index.js'
npm warn tar TAR_ENTRY_ERROR UNKNOWN: unknown error, open 'H:\coding\lms-platform\backend\node_modules\crypto-random-string\package.json'
npm warn tar TAR_ENTRY_ERROR UNKNOWN: unknown error, open 'H:\coding\lms-platform\backend\node_modules\path-strip-sep\index.js'
npm warn tar TAR_ENTRY_ERROR UNKNOWN: unknown error, open 'H:\coding\lms-platform\backend\node_modules\is-plain-obj\license'
npm warn tar TAR_ENTRY_ERROR UNKNOWN: unknown error, open 'H:\coding\lms-platform\backend\node_modules\@shikijs\types\package.json'
npm warn tar TAR_ENTRY_ERROR UNKNOWN: unknown error, open 'H:\coding\lms-platform\backend\node_modules\bail\license'
npm warn tar TAR_ENTRY_ERROR UNKNOWN: unknown error, open 'H:\coding\lms-platform\backend\node_modules\@shikijs\themes\package.json'
npm warn tar TAR_ENTRY_ERROR UNKNOWN: unknown error, open 'H:\coding\lms-platform\backend\node_modules\@shikijs\langs\package.json'
npm warn tar TAR_ENTRY_ERROR UNKNOWN: unknown error, open 'H:\coding\lms-platform\backend\node_modules\lunr\package.json'
npm warn tar TAR_ENTRY_ERROR UNKNOWN: unknown error, open 'H:\coding\lms-platform\backend\node_modules\@gerrit0\mini-shiki\LICENSE'
npm warn tar TAR_ENTRY_ERROR UNKNOWN: unknown error, open 'H:\coding\lms-platform\backend\node_modules\media-typer\LICENSE'
npm warn tar TAR_ENTRY_ERROR UNKNOWN: unknown error, open 'H:\coding\lms-platform\backend\node_modules\@shikijs\engine-oniguruma\package.json'
npm warn tar TAR_ENTRY_ERROR UNKNOWN: unknown error, open 'H:\coding\lms-platform\backend\node_modules\thenify\LICENSE'
npm warn tar TAR_ENTRY_ERROR UNKNOWN: unknown error, open 'H:\coding\lms-platform\backend\node_modules\is-number\package.json'
npm warn tar TAR_ENTRY_ERROR UNKNOWN: unknown error, open 'H:\coding\lms-platform\backend\node_modules\@jridgewell\source-map\LICENSE'
npm warn tar TAR_ENTRY_ERROR UNKNOWN: unknown error, open 'H:\coding\lms-platform\backend\node_modules\fs-constants\package.json'
npm warn tar TAR_ENTRY_ERROR UNKNOWN: unknown error, open 'H:\coding\lms-platform\backend\node_modules\@isaacs\fs-minipass\LICENSE'
npm warn tar TAR_ENTRY_ERROR UNKNOWN: unknown error, open 'H:\coding\lms-platform\backend\node_modules\minizlib\LICENSE'
npm warn tar TAR_ENTRY_ERROR UNKNOWN: unknown error, open 'H:\coding\lms-platform\backend\node_modules\css-color-keywords\package.json'
npm warn tar TAR_ENTRY_ERROR UNKNOWN: unknown error, open 'H:\coding\lms-platform\backend\node_modules\camelize\.eslintrc'
npm warn tar TAR_ENTRY_ERROR UNKNOWN: unknown error, open 'H:\coding\lms-platform\backend\node_modules\inline-style-parser\LICENSE'
npm warn tar TAR_ENTRY_ERROR UNKNOWN: unknown error, open 'H:\coding\lms-platform\backend\node_modules\@emotion\is-prop-valid\LICENSE'
npm warn tar TAR_ENTRY_ERROR UNKNOWN: unknown error, open 'H:\coding\lms-platform\backend\node_modules\@webassemblyjs\wast-printer\LICENSE'
npm warn tar TAR_ENTRY_ERROR UNKNOWN: unknown error, open 'H:\coding\lms-platform\backend\node_modules\style-to-object\LICENSE'
npm warn tar TAR_ENTRY_ERROR UNKNOWN: unknown error, open 'H:\coding\lms-platform\backend\node_modules\buffer-from\LICENSE'
npm warn tar TAR_ENTRY_ERROR UNKNOWN: unknown error, open 'H:\coding\lms-platform\backend\node_modules\@webassemblyjs\wasm-gen\LICENSE'
npm warn tar TAR_ENTRY_ERROR UNKNOWN: unknown error, open 'H:\coding\lms-platform\backend\node_modules\compute-scroll-into-view\LICENSE'
npm warn tar TAR_ENTRY_ERROR UNKNOWN: unknown error, open 'H:\coding\lms-platform\backend\node_modules\is-fullwidth-code-point\package.json'
npm warn tar TAR_ENTRY_ERROR UNKNOWN: unknown error, open 'H:\coding\lms-platform\backend\node_modules\emoji-regex\package.json'
npm warn tar TAR_ENTRY_ERROR UNKNOWN: unknown error, open 'H:\coding\lms-platform\backend\node_modules\character-entities-html4\license'
npm warn tar TAR_ENTRY_ERROR UNKNOWN: unknown error, open 'H:\coding\lms-platform\backend\node_modules\has-flag\package.json'
npm warn tar TAR_ENTRY_ERROR UNKNOWN: unknown error, open 'H:\coding\lms-platform\backend\node_modules\scroll-into-view-if-needed\LICENSE'
npm warn tar TAR_ENTRY_ERROR UNKNOWN: unknown error, open 'H:\coding\lms-platform\backend\node_modules\@tokenizer\token\package.json'
npm warn tar TAR_ENTRY_ERROR UNKNOWN: unknown error, open 'H:\coding\lms-platform\backend\node_modules\is-hotkey\.babelrc'
npm warn tar TAR_ENTRY_ERROR UNKNOWN: unknown error, open 'H:\coding\lms-platform\backend\node_modules\@types\is-hotkey\LICENSE'
npm warn tar TAR_ENTRY_ERROR UNKNOWN: unknown error, open 'H:\coding\lms-platform\backend\node_modules\direction\license'
npm warn tar TAR_ENTRY_ERROR UNKNOWN: unknown error, open 'H:\coding\lms-platform\backend\node_modules\@juggle\resize-observer\LICENSE'
npm warn tar TAR_ENTRY_ERROR UNKNOWN: unknown error, open 'H:\coding\lms-platform\backend\node_modules\@types\lodash\LICENSE'
npm warn tar TAR_ENTRY_ERROR UNKNOWN: unknown error, open 'H:\coding\lms-platform\backend\node_modules\object-inspect\.eslintrc'
npm warn tar TAR_ENTRY_ERROR UNKNOWN: unknown error, open 'H:\coding\lms-platform\backend\node_modules\simple-concat\LICENSE'
npm warn tar TAR_ENTRY_ERROR UNKNOWN: unknown error, open 'H:\coding\lms-platform\backend\node_modules\side-channel-list\.editorconfig'
npm warn tar TAR_ENTRY_ERROR UNKNOWN: unknown error, open 'H:\coding\lms-platform\backend\node_modules\@img\sharp-win32-x64\LICENSE'
npm warn tar TAR_ENTRY_ERROR UNKNOWN: unknown error, open 'H:\coding\lms-platform\backend\node_modules\side-channel-map\.editorconfig'
npm warn tar TAR_ENTRY_ERROR UNKNOWN: unknown error, open 'H:\coding\lms-platform\backend\node_modules\@types\json-schema\LICENSE'
npm warn tar TAR_ENTRY_ERROR UNKNOWN: unknown error, open 'H:\coding\lms-platform\backend\node_modules\ajv-keywords\LICENSE'
npm warn tar TAR_ENTRY_ERROR UNKNOWN: unknown error, open 'H:\coding\lms-platform\backend\node_modules\shebang-regex\package.json'
npm warn tar TAR_ENTRY_ERROR UNKNOWN: unknown error, open 'H:\coding\lms-platform\backend\node_modules\side-channel-weakmap\.editorconfig'
npm warn tar TAR_ENTRY_ERROR UNKNOWN: unknown error, open 'H:\coding\lms-platform\backend\node_modules\is-regex\.editorconfig'
npm warn tar TAR_ENTRY_ERROR UNKNOWN: unknown error, open 'H:\coding\lms-platform\backend\node_modules\@img\colour\color.cjs'
npm warn tar TAR_ENTRY_ERROR UNKNOWN: unknown error, open 'H:\coding\lms-platform\backend\node_modules\global-modules\package.json'
npm warn tar TAR_ENTRY_ERROR UNKNOWN: unknown error, open 'H:\coding\lms-platform\backend\node_modules\trough\license'
npm warn tar TAR_ENTRY_ERROR UNKNOWN: unknown error, open 'H:\coding\lms-platform\backend\node_modules\path-is-absolute\package.json'
npm warn tar TAR_ENTRY_ERROR UNKNOWN: unknown error, open 'H:\coding\lms-platform\backend\node_modules\dom-serializer\LICENSE'
npm warn tar TAR_ENTRY_ERROR UNKNOWN: unknown error, open 'H:\coding\lms-platform\backend\node_modules\path-parse\LICENSE'
npm warn tar TAR_ENTRY_ERROR UNKNOWN: unknown error, open 'H:\coding\lms-platform\backend\node_modules\supports-preserve-symlinks-flag\.eslintrc'
npm warn tar TAR_ENTRY_ERROR UNKNOWN: unknown error, open 'H:\coding\lms-platform\backend\node_modules\is-core-module\.eslintrc'
npm warn tar TAR_ENTRY_ERROR UNKNOWN: unknown error, open 'H:\coding\lms-platform\backend\node_modules\domelementtype\LICENSE'
npm warn tar TAR_ENTRY_ERROR UNKNOWN: unknown error, open 'H:\coding\lms-platform\backend\node_modules\global-prefix\package.json'
npm warn tar TAR_ENTRY_ERROR UNKNOWN: unknown error, open 'H:\coding\lms-platform\backend\node_modules\nth-check\LICENSE'
npm warn tar TAR_ENTRY_ERROR UNKNOWN: unknown error, open 'H:\coding\lms-platform\backend\node_modules\utila\package.json'
npm warn tar TAR_ENTRY_ERROR UNKNOWN: unknown error, open 'H:\coding\lms-platform\backend\node_modules\domhandler\LICENSE'
npm warn tar TAR_ENTRY_ERROR UNKNOWN: unknown error, open 'H:\coding\lms-platform\backend\node_modules\css-what\LICENSE'
npm warn tar TAR_ENTRY_ERROR UNKNOWN: unknown error, open 'H:\coding\lms-platform\backend\node_modules\htmlparser2\LICENSE'
npm warn tar TAR_ENTRY_ERROR UNKNOWN: unknown error, open 'H:\coding\lms-platform\backend\node_modules\is-promise\LICENSE'
npm warn tar TAR_ENTRY_ERROR UNKNOWN: unknown error, open 'H:\coding\lms-platform\backend\node_modules\config-chain\LICENCE'
npm warn tar TAR_ENTRY_ERROR UNKNOWN: unknown error, open 'H:\coding\lms-platform\backend\node_modules\boolbase\package.json'
npm warn tar TAR_ENTRY_ERROR UNKNOWN: unknown error, open 'H:\coding\lms-platform\backend\node_modules\proto-list\package.json'
npm warn tar TAR_ENTRY_ERROR UNKNOWN: unknown error, open 'H:\coding\lms-platform\backend\node_modules\domutils\LICENSE'
npm warn tar TAR_ENTRY_ERROR UNKNOWN: unknown error, open 'H:\coding\lms-platform\backend\node_modules\css-select\LICENSE'
npm warn tar TAR_ENTRY_ERROR UNKNOWN: unknown error, open 'H:\coding\lms-platform\backend\node_modules\tiny-invariant\LICENSE'
npm warn tar TAR_ENTRY_ERROR UNKNOWN: unknown error, open 'H:\coding\lms-platform\backend\node_modules\dom-converter\package.json'
npm warn tar TAR_ENTRY_ERROR UNKNOWN: unknown error, open 'H:\coding\lms-platform\backend\node_modules\esprima\package.json'
npm warn tar TAR_ENTRY_ERROR UNKNOWN: unknown error, open 'H:\coding\lms-platform\backend\node_modules\ast-types\LICENSE'
npm warn tar TAR_ENTRY_ERROR UNKNOWN: unknown error, open 'H:\coding\lms-platform\backend\node_modules\hosted-git-info\LICENSE'
npm warn tar TAR_ENTRY_ERROR UNKNOWN: unknown error, open 'H:\coding\lms-platform\backend\node_modules\string_decoder\package.json'
npm warn tar TAR_ENTRY_ERROR UNKNOWN: unknown error, open 'H:\coding\lms-platform\backend\node_modules\@pnpm\npm-conf\license'
npm warn tar TAR_ENTRY_ERROR UNKNOWN: unknown error, open 'H:\coding\lms-platform\backend\node_modules\core-util-is\LICENSE'
npm warn tar TAR_ENTRY_ERROR UNKNOWN: unknown error, open 'H:\coding\lms-platform\backend\node_modules\normalize-package-data\package.json'
npm warn tar TAR_ENTRY_ERROR UNKNOWN: unknown error, open 'H:\coding\lms-platform\backend\node_modules\@types\normalize-package-data\LICENSE'
npm warn tar TAR_ENTRY_ERROR UNKNOWN: unknown error, open 'H:\coding\lms-platform\backend\node_modules\isarray\package.json'
npm warn tar TAR_ENTRY_ERROR UNKNOWN: unknown error, open 'H:\coding\lms-platform\backend\node_modules\validate-npm-package-license\package.json'
npm warn tar TAR_ENTRY_ERROR UNKNOWN: unknown error, open 'H:\coding\lms-platform\backend\node_modules\find-root\package.json'
npm warn tar TAR_ENTRY_ERROR UNKNOWN: unknown error, open 'H:\coding\lms-platform\backend\node_modules\@emotion\unitless\LICENSE'
npm warn tar TAR_ENTRY_ERROR UNKNOWN: unknown error, open 'H:\coding\lms-platform\backend\node_modules\dom-helpers\LICENSE'
npm warn tar TAR_ENTRY_ERROR UNKNOWN: unknown error, open 'H:\coding\lms-platform\backend\node_modules\get-nonce\LICENSE'
npm warn tar TAR_ENTRY_ERROR UNKNOWN: unknown error, open 'H:\coding\lms-platform\backend\node_modules\babel-plugin-macros\LICENSE'
npm warn tar TAR_ENTRY_ERROR UNKNOWN: unknown error, open 'H:\coding\lms-platform\backend\node_modules\@emotion\hash\LICENSE'
npm warn tar TAR_ENTRY_ERROR UNKNOWN: unknown error, open 'H:\coding\lms-platform\backend\node_modules\@emotion\use-insertion-effect-with-fallbacks\LICENSE'
npm warn tar TAR_ENTRY_ERROR UNKNOWN: unknown error, open 'H:\coding\lms-platform\backend\node_modules\@emotion\weak-memoize\LICENSE'
npm warn tar TAR_ENTRY_ERROR UNKNOWN: unknown error, open 'H:\coding\lms-platform\backend\node_modules\@emotion\utils\LICENSE'
npm warn tar TAR_ENTRY_ERROR UNKNOWN: unknown error, open 'H:\coding\lms-platform\backend\node_modules\@emotion\memoize\LICENSE'
npm warn tar TAR_ENTRY_ERROR UNKNOWN: unknown error, open 'H:\coding\lms-platform\backend\node_modules\@emotion\babel-plugin\LICENSE'
npm warn tar TAR_ENTRY_ERROR UNKNOWN: unknown error, open 'H:\coding\lms-platform\backend\node_modules\@emotion\serialize\LICENSE'
npm warn tar TAR_ENTRY_ERROR UNKNOWN: unknown error, open 'H:\coding\lms-platform\backend\node_modules\read-pkg\package.json'
npm warn tar TAR_ENTRY_ERROR UNKNOWN: unknown error, open 'H:\coding\lms-platform\backend\node_modules\use-isomorphic-layout-effect\LICENSE'
npm warn tar TAR_ENTRY_ERROR UNKNOWN: unknown error, open 'H:\coding\lms-platform\backend\node_modules\@emotion\sheet\LICENSE'
npm warn tar TAR_ENTRY_ERROR UNKNOWN: unknown error, open 'H:\coding\lms-platform\backend\node_modules\process-nextick-args\package.json'
npm warn tar TAR_ENTRY_ERROR UNKNOWN: unknown error, open 'H:\coding\lms-platform\backend\node_modules\react-transition-group\LICENSE'
npm warn tar TAR_ENTRY_ERROR UNKNOWN: unknown error, open 'H:\coding\lms-platform\backend\node_modules\memoize-one\LICENSE'
npm warn tar TAR_ENTRY_ERROR UNKNOWN: unknown error, open 'H:\coding\lms-platform\backend\node_modules\@types\react-transition-group\CSSTransition.d.ts'
npm warn tar TAR_ENTRY_ERROR UNKNOWN: unknown error, open 'H:\coding\lms-platform\backend\node_modules\stylis\LICENSE'
npm warn tar TAR_ENTRY_ERROR UNKNOWN: unknown error, open 'H:\coding\lms-platform\backend\node_modules\use-sync-external-store\LICENSE'
npm warn tar TAR_ENTRY_ERROR UNKNOWN: unknown error, open 'H:\coding\lms-platform\backend\node_modules\@emotion\react\LICENSE'
npm warn tar TAR_ENTRY_ERROR UNKNOWN: unknown error, open 'H:\coding\lms-platform\backend\node_modules\react-style-singleton\LICENSE'
npm warn tar TAR_ENTRY_ERROR UNKNOWN: unknown error, open 'H:\coding\lms-platform\backend\node_modules\use-sidecar\LICENSE'
npm warn tar TAR_ENTRY_ERROR UNKNOWN: unknown error, open 'H:\coding\lms-platform\backend\node_modules\@emotion\cache\LICENSE'
npm warn tar TAR_ENTRY_ERROR UNKNOWN: unknown error, open 'H:\coding\lms-platform\backend\node_modules\unload\LICENSE'
npm warn tar TAR_ENTRY_ERROR UNKNOWN: unknown error, open 'H:\coding\lms-platform\backend\node_modules\microseconds\.prettierrc'
npm warn tar TAR_ENTRY_ERROR UNKNOWN: unknown error, open 'H:\coding\lms-platform\backend\node_modules\remove-accents\LICENSE'
npm warn tar TAR_ENTRY_ERROR UNKNOWN: unknown error, open 'H:\coding\lms-platform\backend\node_modules\@types\use-sync-external-store\LICENSE'
npm warn tar TAR_ENTRY_ERROR UNKNOWN: unknown error, open 'H:\coding\lms-platform\backend\node_modules\big-integer\LICENSE'
npm warn tar TAR_ENTRY_ERROR UNKNOWN: unknown error, open 'H:\coding\lms-platform\backend\node_modules\oblivious-set\LICENSE'
npm warn tar TAR_ENTRY_ERROR UNKNOWN: unknown error, open 'H:\coding\lms-platform\backend\node_modules\nano-time\package.json'
npm warn tar TAR_ENTRY_ERROR UNKNOWN: unknown error, open 'H:\coding\lms-platform\backend\node_modules\is-hexadecimal\license'
npm warn tar TAR_ENTRY_ERROR UNKNOWN: unknown error, open 'H:\coding\lms-platform\backend\node_modules\broadcast-channel\LICENSE'
npm warn tar TAR_ENTRY_ERROR UNKNOWN: unknown error, open 'H:\coding\lms-platform\backend\node_modules\is-alphabetical\license'
npm warn tar TAR_ENTRY_ERROR UNKNOWN: unknown error, open 'H:\coding\lms-platform\backend\node_modules\is-alphanumerical\license'
npm warn tar TAR_ENTRY_ERROR UNKNOWN: unknown error, open 'H:\coding\lms-platform\backend\node_modules\js-sha3\package.json'
npm warn tar TAR_ENTRY_ERROR UNKNOWN: unknown error, open 'H:\coding\lms-platform\backend\node_modules\character-reference-invalid\license'
npm warn tar TAR_ENTRY_ERROR UNKNOWN: unknown error, open 'H:\coding\lms-platform\backend\node_modules\micromark-factory-whitespace\license'
npm warn tar TAR_ENTRY_ERROR UNKNOWN: unknown error, open 'H:\coding\lms-platform\backend\node_modules\micromark-factory-title\license'
npm warn tar TAR_ENTRY_ERROR UNKNOWN: unknown error, open 'H:\coding\lms-platform\backend\node_modules\micromark-factory-label\license'
npm warn tar TAR_ENTRY_ERROR UNKNOWN: unknown error, open 'H:\coding\lms-platform\backend\node_modules\character-entities-legacy\license'
npm warn tar TAR_ENTRY_ERROR UNKNOWN: unknown error, open 'H:\coding\lms-platform\backend\node_modules\is-decimal\license'
npm warn tar TAR_ENTRY_ERROR UNKNOWN: unknown error, open 'H:\coding\lms-platform\backend\node_modules\micromark-factory-destination\license'
npm warn tar TAR_ENTRY_ERROR UNKNOWN: unknown error, open 'H:\coding\lms-platform\backend\node_modules\micromark-util-combine-extensions\license'
npm warn tar TAR_ENTRY_ERROR UNKNOWN: unknown error, open 'H:\coding\lms-platform\backend\node_modules\micromark-util-subtokenize\license'
npm warn tar TAR_ENTRY_ERROR UNKNOWN: unknown error, open 'H:\coding\lms-platform\backend\node_modules\micromark-util-resolve-all\license'
npm warn tar TAR_ENTRY_ERROR UNKNOWN: unknown error, open 'H:\coding\lms-platform\backend\node_modules\detect-node\LICENSE'
npm warn tar TAR_ENTRY_ERROR UNKNOWN: unknown error, open 'H:\coding\lms-platform\backend\node_modules\micromark-util-html-tag-name\license'
npm warn tar TAR_ENTRY_ERROR UNKNOWN: unknown error, open 'H:\coding\lms-platform\backend\node_modules\micromark-util-chunked\license'
npm warn tar TAR_ENTRY_ERROR UNKNOWN: unknown error, open 'H:\coding\lms-platform\backend\node_modules\micromark-factory-space\license'
npm warn tar TAR_ENTRY_ERROR UNKNOWN: unknown error, open 'H:\coding\lms-platform\backend\node_modules\@types\debug\LICENSE'
npm warn tar TAR_ENTRY_ERROR UNKNOWN: unknown error, open 'H:\coding\lms-platform\backend\node_modules\micromark-core-commonmark\license'
npm warn tar TAR_ENTRY_ERROR UNKNOWN: unknown error, open 'H:\coding\lms-platform\backend\node_modules\micromark-util-character\license'
npm warn tar TAR_ENTRY_ERROR UNKNOWN: unknown error, open 'H:\coding\lms-platform\backend\node_modules\unist-util-is\license'
npm warn tar TAR_ENTRY_ERROR UNKNOWN: unknown error, open 'H:\coding\lms-platform\backend\node_modules\match-sorter\LICENSE'
npm warn tar TAR_ENTRY_ERROR UNKNOWN: unknown error, open 'H:\coding\lms-platform\backend\node_modules\trim-lines\license'
npm warn tar TAR_ENTRY_ERROR UNKNOWN: unknown error, open 'H:\coding\lms-platform\backend\node_modules\longest-streak\license'
npm warn tar TAR_ENTRY_ERROR UNKNOWN: unknown error, open 'H:\coding\lms-platform\backend\node_modules\zwitch\license'
npm warn tar TAR_ENTRY_ERROR UNKNOWN: unknown error, open 'H:\coding\lms-platform\backend\node_modules\micromark-util-classify-character\license'
npm warn tar TAR_ENTRY_ERROR UNKNOWN: unknown error, open 'H:\coding\lms-platform\backend\node_modules\micromark-util-sanitize-uri\license'
npm warn tar TAR_ENTRY_ERROR UNKNOWN: unknown error, open 'H:\coding\lms-platform\backend\node_modules\stringify-entities\license'
npm warn tar TAR_ENTRY_ERROR UNKNOWN: unknown error, open 'H:\coding\lms-platform\backend\node_modules\@ungap\structured-clone\LICENSE'
npm warn tar TAR_ENTRY_ERROR UNKNOWN: unknown error, open 'H:\coding\lms-platform\backend\node_modules\character-entities\license'
npm warn tar TAR_ENTRY_ERROR UNKNOWN: unknown error, open 'H:\coding\lms-platform\backend\node_modules\ccount\license'
npm warn tar TAR_ENTRY_ERROR UNKNOWN: unknown error, open 'H:\coding\lms-platform\backend\node_modules\mdast-util-phrasing\license'
npm warn tar TAR_ENTRY_ERROR UNKNOWN: unknown error, open 'H:\coding\lms-platform\backend\node_modules\micromark-util-encode\license'
npm warn tar TAR_ENTRY_ERROR UNKNOWN: unknown error, open 'H:\coding\lms-platform\backend\node_modules\parse-entities\license'
npm warn tar TAR_ENTRY_ERROR UNKNOWN: unknown error, open 'H:\coding\lms-platform\backend\node_modules\unist-util-stringify-position\license'
npm warn tar TAR_ENTRY_ERROR UNKNOWN: unknown error, open 'H:\coding\lms-platform\backend\node_modules\micromark-util-types\license'
npm warn tar TAR_ENTRY_ERROR UNKNOWN: unknown error, open 'H:\coding\lms-platform\backend\node_modules\micromark\license'
npm warn tar TAR_ENTRY_ERROR UNKNOWN: unknown error, open 'H:\coding\lms-platform\backend\node_modules\micromark-util-symbol\license'
npm warn tar TAR_ENTRY_ERROR UNKNOWN: unknown error, open 'H:\coding\lms-platform\backend\node_modules\micromark-util-decode-numeric-character-reference\license'
npm warn tar TAR_ENTRY_ERROR UNKNOWN: unknown error, open 'H:\coding\lms-platform\backend\node_modules\decode-named-character-reference\license'
npm warn tar TAR_ENTRY_ERROR UNKNOWN: unknown error, open 'H:\coding\lms-platform\backend\node_modules\mdast-util-from-markdown\license'
npm warn tar TAR_ENTRY_ERROR UNKNOWN: unknown error, open 'H:\coding\lms-platform\backend\node_modules\@types\estree-jsx\LICENSE'
npm warn tar TAR_ENTRY_ERROR UNKNOWN: unknown error, open 'H:\coding\lms-platform\backend\node_modules\style-to-js\LICENSE'
npm warn tar TAR_ENTRY_ERROR UNKNOWN: unknown error, open 'H:\coding\lms-platform\backend\node_modules\property-information\license'
npm warn tar TAR_ENTRY_ERROR UNKNOWN: unknown error, open 'H:\coding\lms-platform\backend\node_modules\mdast-util-to-markdown\license'
npm warn tar TAR_ENTRY_ERROR UNKNOWN: unknown error, open 'H:\coding\lms-platform\backend\node_modules\micromark-util-normalize-identifier\license'
npm warn tar TAR_ENTRY_ERROR UNKNOWN: unknown error, open 'H:\coding\lms-platform\backend\node_modules\micromark-util-decode-string\license'
npm warn tar TAR_ENTRY_ERROR UNKNOWN: unknown error, open 'H:\coding\lms-platform\backend\node_modules\mdast-util-to-string\license'
npm warn tar TAR_ENTRY_ERROR UNKNOWN: unknown error, open 'H:\coding\lms-platform\backend\node_modules\unist-util-position\license'
npm warn tar TAR_ENTRY_ERROR UNKNOWN: unknown error, open 'H:\coding\lms-platform\backend\node_modules\vfile-message\license'
npm warn tar TAR_ENTRY_ERROR UNKNOWN: unknown error, open 'H:\coding\lms-platform\backend\node_modules\space-separated-tokens\license'
npm warn tar TAR_ENTRY_ERROR UNKNOWN: unknown error, open 'H:\coding\lms-platform\backend\node_modules\mdast-util-mdxjs-esm\license'
npm warn tar TAR_ENTRY_ERROR UNKNOWN: unknown error, open 'H:\coding\lms-platform\backend\node_modules\mdast-util-mdx-expression\license'
npm warn tar TAR_ENTRY_ERROR UNKNOWN: unknown error, open 'H:\coding\lms-platform\backend\node_modules\@types\estree\LICENSE'
npm warn tar TAR_ENTRY_ERROR UNKNOWN: unknown error, open 'H:\coding\lms-platform\backend\node_modules\comma-separated-tokens\license'
npm warn tar TAR_ENTRY_ERROR UNKNOWN: unknown error, open 'H:\coding\lms-platform\backend\node_modules\unified\license'
npm warn tar TAR_ENTRY_ERROR UNKNOWN: unknown error, open 'H:\coding\lms-platform\backend\node_modules\@types\unist\LICENSE'
npm warn tar TAR_ENTRY_ERROR UNKNOWN: unknown error, open 'H:\coding\lms-platform\backend\node_modules\html-url-attributes\license'
npm warn tar TAR_ENTRY_ERROR UNKNOWN: unknown error, open 'H:\coding\lms-platform\backend\node_modules\vfile\license'
npm warn tar TAR_ENTRY_ERROR UNKNOWN: unknown error, open 'H:\coding\lms-platform\backend\node_modules\mdast-util-to-hast\license'
npm warn tar TAR_ENTRY_ERROR UNKNOWN: unknown error, open 'H:\coding\lms-platform\backend\node_modules\hast-util-to-jsx-runtime\license'
npm warn tar TAR_ENTRY_ERROR UNKNOWN: unknown error, open 'H:\coding\lms-platform\backend\node_modules\@types\mdast\LICENSE'
npm warn tar TAR_ENTRY_ERROR UNKNOWN: unknown error, open 'H:\coding\lms-platform\backend\node_modules\hast-util-whitespace\license'
npm warn tar TAR_ENTRY_ERROR UNKNOWN: unknown error, open 'H:\coding\lms-platform\backend\node_modules\devlop\license'
npm warn tar TAR_ENTRY_ERROR UNKNOWN: unknown error, open 'H:\coding\lms-platform\backend\node_modules\remark-parse\license'
npm warn tar TAR_ENTRY_ERROR UNKNOWN: unknown error, open 'H:\coding\lms-platform\backend\node_modules\estree-util-is-identifier-name\license'
npm warn tar TAR_ENTRY_ERROR UNKNOWN: unknown error, open 'H:\coding\lms-platform\backend\node_modules\@formatjs\icu-skeleton-parser\date-time.js'
npm warn tar TAR_ENTRY_ERROR UNKNOWN: unknown error, open 'H:\coding\lms-platform\backend\node_modules\@formatjs\ecma402-abstract\262.js'
npm warn tar TAR_ENTRY_ERROR UNKNOWN: unknown error, open 'H:\coding\lms-platform\backend\node_modules\@formatjs\fast-memoize\index.js'
npm warn tar TAR_ENTRY_ERROR UNKNOWN: unknown error, open 'H:\coding\lms-platform\backend\node_modules\@formatjs\icu-messageformat-parser\date-time-pattern-generator.js'
npm warn tar TAR_ENTRY_ERROR UNKNOWN: unknown error, open 'H:\coding\lms-platform\backend\node_modules\react-side-effect\LICENSE'
npm warn tar TAR_ENTRY_ERROR UNKNOWN: unknown error, open 'H:\coding\lms-platform\backend\node_modules\file-selector\LICENSE'
npm warn tar TAR_ENTRY_ERROR UNKNOWN: unknown error, open 'H:\coding\lms-platform\backend\node_modules\dnd-core\LICENSE'
npm warn tar TAR_ENTRY_ERROR UNKNOWN: unknown error, open 'H:\coding\lms-platform\backend\node_modules\@types\hast\LICENSE'
npm warn tar TAR_ENTRY_ERROR UNKNOWN: unknown error, open 'H:\coding\lms-platform\backend\node_modules\@react-dnd\asap\CHANGES.md'
npm warn tar TAR_ENTRY_ERROR UNKNOWN: unknown error, open 'H:\coding\lms-platform\backend\node_modules\strip-json-comments\package.json'
npm warn tar TAR_ENTRY_ERROR UNKNOWN: unknown error, open 'H:\coding\lms-platform\backend\node_modules\mdast-util-mdx-jsx\license'
npm warn tar TAR_ENTRY_ERROR UNKNOWN: unknown error, open 'H:\coding\lms-platform\backend\node_modules\side-channel\.editorconfig'
npm warn tar TAR_ENTRY_ERROR UNKNOWN: unknown error, open 'H:\coding\lms-platform\backend\node_modules\unpipe\package.json'
npm warn tar TAR_ENTRY_ERROR UNKNOWN: unknown error, open 'H:\coding\lms-platform\backend\node_modules\ini\LICENSE'
npm warn tar TAR_ENTRY_ERROR UNKNOWN: unknown error, open 'H:\coding\lms-platform\backend\node_modules\deep-extend\package.json'
npm warn tar TAR_ENTRY_ERROR UNKNOWN: unknown error, open 'H:\coding\lms-platform\backend\node_modules\end-of-stream\LICENSE'
npm warn tar TAR_ENTRY_ERROR UNKNOWN: unknown error, open 'H:\coding\lms-platform\backend\node_modules\ipaddr.js\package.json'
npm warn tar TAR_ENTRY_ERROR UNKNOWN: unknown error, open 'H:\coding\lms-platform\backend\node_modules\forwarded\LICENSE'
npm warn tar TAR_ENTRY_ERROR UNKNOWN: unknown error, open 'H:\coding\lms-platform\backend\node_modules\renderkid\LICENSE'
npm warn tar TAR_ENTRY_ERROR UNKNOWN: unknown error, open 'H:\coding\lms-platform\backend\node_modules\upath2\core.js'
npm warn tar TAR_ENTRY_ERROR UNKNOWN: unknown error, open 'H:\coding\lms-platform\backend\node_modules\which-pm\LICENSE'
npm warn tar TAR_ENTRY_ERROR UNKNOWN: unknown error, open 'H:\coding\lms-platform\backend\node_modules\find-up-simple\license'
npm warn tar TAR_ENTRY_ERROR UNKNOWN: unknown error, open 'H:\coding\lms-platform\backend\node_modules\find-yarn-workspace-root2\LICENSE'
npm warn tar TAR_ENTRY_ERROR UNKNOWN: unknown error, open 'H:\coding\lms-platform\backend\node_modules\ansi-regex\license'
npm warn tar TAR_ENTRY_ERROR UNKNOWN: unknown error, open 'H:\coding\lms-platform\backend\node_modules\simple-get\LICENSE'
npm warn tar TAR_ENTRY_ERROR UNKNOWN: unknown error, open 'H:\coding\lms-platform\backend\node_modules\mkdirp-classic\LICENSE'
npm warn tar TAR_ENTRY_ERROR UNKNOWN: unknown error, open 'H:\coding\lms-platform\backend\node_modules\rc\package.json'
npm warn tar TAR_ENTRY_ERROR UNKNOWN: unknown error, open 'H:\coding\lms-platform\backend\node_modules\pump\LICENSE'
npm warn tar TAR_ENTRY_ERROR UNKNOWN: unknown error, open 'H:\coding\lms-platform\backend\node_modules\github-from-package\package.json'
npm warn tar TAR_ENTRY_ERROR UNKNOWN: unknown error, open 'H:\coding\lms-platform\backend\node_modules\expand-template\package.json'
npm warn tar TAR_ENTRY_ERROR UNKNOWN: unknown error, open 'H:\coding\lms-platform\backend\node_modules\napi-build-utils\LICENSE'
npm warn tar TAR_ENTRY_ERROR UNKNOWN: unknown error, open 'H:\coding\lms-platform\backend\node_modules\detect-libc\LICENSE'
npm warn tar TAR_ENTRY_ERROR UNKNOWN: unknown error, open 'H:\coding\lms-platform\backend\node_modules\postcss-selector-parser\LICENSE-MIT'
npm warn tar TAR_ENTRY_ERROR UNKNOWN: unknown error, open 'H:\coding\lms-platform\backend\node_modules\source-map-js\LICENSE'
npm warn tar TAR_ENTRY_ERROR UNKNOWN: unknown error, open 'H:\coding\lms-platform\backend\node_modules\path-root-regex\package.json'
npm warn tar TAR_ENTRY_ERROR UNKNOWN: unknown error, open 'H:\coding\lms-platform\backend\node_modules\nanoid\LICENSE'
npm warn tar TAR_ENTRY_ERROR UNKNOWN: unknown error, open 'H:\coding\lms-platform\backend\node_modules\unc-path-regex\package.json'
npm warn tar TAR_ENTRY_ERROR UNKNOWN: unknown error, open 'H:\coding\lms-platform\backend\node_modules\is-unc-path\package.json'
npm warn tar TAR_ENTRY_ERROR UNKNOWN: unknown error, open 'H:\coding\lms-platform\backend\node_modules\is-windows\package.json'
npm warn tar TAR_ENTRY_ERROR UNKNOWN: unknown error, open 'H:\coding\lms-platform\backend\node_modules\path-root\package.json'
npm warn tar TAR_ENTRY_ERROR UNKNOWN: unknown error, open 'H:\coding\lms-platform\backend\node_modules\is-relative\package.json'
npm warn tar TAR_ENTRY_ERROR UNKNOWN: unknown error, open 'H:\coding\lms-platform\backend\node_modules\map-cache\package.json'
npm warn tar TAR_ENTRY_ERROR UNKNOWN: unknown error, open 'H:\coding\lms-platform\backend\node_modules\for-in\package.json'
npm warn tar TAR_ENTRY_ERROR UNKNOWN: unknown error, open 'H:\coding\lms-platform\backend\node_modules\for-own\package.json'
npm warn tar TAR_ENTRY_ERROR UNKNOWN: unknown error, open 'H:\coding\lms-platform\backend\node_modules\is-absolute\package.json'
npm warn tar TAR_ENTRY_ERROR UNKNOWN: unknown error, open 'H:\coding\lms-platform\backend\node_modules\array-slice\package.json'
npm warn tar TAR_ENTRY_ERROR UNKNOWN: unknown error, open 'H:\coding\lms-platform\backend\node_modules\cssesc\package.json'
npm warn tar TAR_ENTRY_ERROR UNKNOWN: unknown error, open 'H:\coding\lms-platform\backend\node_modules\util-deprecate\package.json'
npm warn tar TAR_ENTRY_ERROR UNKNOWN: unknown error, open 'H:\coding\lms-platform\backend\node_modules\array-each\package.json'
npm warn tar TAR_ENTRY_ERROR UNKNOWN: unknown error, open 'H:\coding\lms-platform\backend\node_modules\tinyglobby\LICENSE'
npm warn tar TAR_ENTRY_ERROR UNKNOWN: unknown error, open 'H:\coding\lms-platform\backend\node_modules\dlv\package.json'
npm warn tar TAR_ENTRY_ERROR UNKNOWN: unknown error, open 'H:\coding\lms-platform\backend\node_modules\@types\picomatch\LICENSE'
npm warn tar TAR_ENTRY_ERROR UNKNOWN: unknown error, open 'H:\coding\lms-platform\backend\node_modules\@types\inquirer\LICENSE'
npm warn tar TAR_ENTRY_ERROR UNKNOWN: unknown error, open 'H:\coding\lms-platform\backend\node_modules\use-callback-ref\LICENSE'
npm warn tar TAR_ENTRY_ERROR UNKNOWN: unknown error, open 'H:\coding\lms-platform\backend\node_modules\object.pick\package.json'
npm warn tar TAR_ENTRY_ERROR UNKNOWN: unknown error, open 'H:\coding\lms-platform\backend\node_modules\attr-accept\LICENSE'
npm warn tar TAR_ENTRY_ERROR EPERM: operation not permitted, unlink 'H:\coding\lms-platform\backend\node_modules\@uiw\react-codemirror\dist\codemirror.js.DELETE.837acbb5c2a765fb2c4f7253d236ac5d'
npm warn tar TAR_ENTRY_ERROR ENOENT: no such file or directory, rename 'H:\coding\lms-platform\backend\node_modules\punycode\punycode.js' -> 'H:\coding\lms-platform\backend\node_modules\punycode\punycode.js.DELETE.81b00fa06dc7cde0f49483ec67b9bced'
npm warn tar TAR_ENTRY_ERROR ENOENT: no such file or directory, rename 'H:\coding\lms-platform\backend\node_modules\inflight\README.md' -> 'H:\coding\lms-platform\backend\node_modules\inflight\README.md.DELETE.71f64fa14af22281e47ccfbfcecf72b2'
npm warn tar TAR_ENTRY_ERROR ENOENT: no such file or directory, rename 'H:\coding\lms-platform\backend\node_modules\@types\mime\Mime.d.ts' -> 'H:\coding\lms-platform\backend\node_modules\@types\mime\Mime.d.ts.DELETE.282fe0da04d326c6841495fe00dd5f26'
npm warn tar TAR_ENTRY_ERROR ENOENT: no such file or directory, rename 'H:\coding\lms-platform\backend\node_modules\fs.realpath\README.md' -> 'H:\coding\lms-platform\backend\node_modules\fs.realpath\README.md.DELETE.fe654c650b9db1bf523fb922d0894c5d'
npm warn tar TAR_ENTRY_ERROR ENOENT: no such file or directory, rename 'H:\coding\lms-platform\backend\node_modules\yocto-queue\index.js' -> 'H:\coding\lms-platform\backend\node_modules\yocto-queue\index.js.DELETE.1a6120b95a4625a71e9aaf1aac324eb2'
npm warn tar TAR_ENTRY_ERROR ENOENT: no such file or directory, rename 'H:\coding\lms-platform\backend\node_modules\toposort\.npmignore' -> 'H:\coding\lms-platform\backend\node_modules\toposort\.npmignore.DELETE.9178440ecf644e88d1d8ade15e45667c'
npm warn tar TAR_ENTRY_ERROR ENOENT: no such file or directory, rename 'H:\coding\lms-platform\backend\node_modules\pify\index.js' -> 'H:\coding\lms-platform\backend\node_modules\pify\index.js.DELETE.3ec3cd2c9ff68828761440f63df37288'
npm warn tar TAR_ENTRY_ERROR ENOENT: no such file or directory, rename 'H:\coding\lms-platform\backend\node_modules\nanoclone\.eslintrc.js' -> 'H:\coding\lms-platform\backend\node_modules\nanoclone\.eslintrc.js.DELETE.0953f2d88fa1e0da23addc8f083fb965'
npm warn tar TAR_ENTRY_ERROR ENOENT: no such file or directory, rename 'H:\coding\lms-platform\backend\node_modules\concat-map\LICENSE' -> 'H:\coding\lms-platform\backend\node_modules\concat-map\LICENSE.DELETE.a458cea17073fbdc01fb660a514d655f'
npm warn tar TAR_ENTRY_ERROR ENOENT: no such file or directory, rename 'H:\coding\lms-platform\backend\node_modules\get-caller-file\index.d.ts' -> 'H:\coding\lms-platform\backend\node_modules\get-caller-file\index.d.ts.DELETE.3e84f2ea192d8fe35bf03852a87baaf7'
npm warn tar TAR_ENTRY_ERROR ENOENT: no such file or directory, rename 'H:\coding\lms-platform\backend\node_modules\require-directory\.npmignore' -> 'H:\coding\lms-platform\backend\node_modules\require-directory\.npmignore.DELETE.6e4a192a82fa662fc91cb0e6d8a7b082'
npm warn tar TAR_ENTRY_ERROR ENOENT: no such file or directory, rename 'H:\coding\lms-platform\backend\node_modules\imurmurhash\README.md' -> 'H:\coding\lms-platform\backend\node_modules\imurmurhash\README.md.DELETE.beb5603a63534cfcea6dd59113435a19'
npm warn tar TAR_ENTRY_ERROR ENOENT: no such file or directory, rename 'H:\coding\lms-platform\backend\node_modules\is-typedarray\README.md' -> 'H:\coding\lms-platform\backend\node_modules\is-typedarray\README.md.DELETE.f9038c772777c1978d46ce40f98b0f0c'
npm warn tar TAR_ENTRY_ERROR ENOENT: no such file or directory, rename 'H:\coding\lms-platform\backend\node_modules\typedarray-to-buffer\.airtap.yml' -> 'H:\coding\lms-platform\backend\node_modules\typedarray-to-buffer\.airtap.yml.DELETE.b211b5823d2111d3b8cb332b10ec8191'
npm warn tar TAR_ENTRY_ERROR ENOENT: no such file or directory, rename 'H:\coding\lms-platform\backend\node_modules\@types\triple-beam\README.md' -> 'H:\coding\lms-platform\backend\node_modules\@types\triple-beam\README.md.DELETE.329f068002a24ca6fc9734b12fc30c1a'
npm warn tar TAR_ENTRY_ERROR ENOENT: no such file or directory, rename 'H:\coding\lms-platform\backend\node_modules\color-string\index.js' -> 'H:\coding\lms-platform\backend\node_modules\color-string\index.js.DELETE.596476657419d78d78bb09be582bcb54'
npm warn tar TAR_ENTRY_ERROR ENOENT: no such file or directory, rename 'H:\coding\lms-platform\backend\node_modules\text-hex\index.js' -> 'H:\coding\lms-platform\backend\node_modules\text-hex\index.js.DELETE.985ea35ba538bd85efbceb0efc8b1ef5'
npm warn tar TAR_ENTRY_ERROR ENOENT: no such file or directory, rename 'H:\coding\lms-platform\backend\node_modules\color\index.js' -> 'H:\coding\lms-platform\backend\node_modules\color\index.js.DELETE.1dbd9200ce32b64f1e5cacd4f3806695'
npm warn tar TAR_ENTRY_ERROR ENOENT: no such file or directory, rename 'H:\coding\lms-platform\backend\node_modules\winston-transport\.eslintrc' -> 'H:\coding\lms-platform\backend\node_modules\winston-transport\.eslintrc.DELETE.1a811cae546336aff64b2d746ebc1f80'
npm warn tar TAR_ENTRY_ERROR ENOENT: no such file or directory, rename 'H:\coding\lms-platform\backend\node_modules\kuler\.travis.yml' -> 'H:\coding\lms-platform\backend\node_modules\kuler\.travis.yml.DELETE.e13394f58cc0b4ed9a2cac4844665e3a'
npm warn tar TAR_ENTRY_ERROR ENOENT: no such file or directory, rename 'H:\coding\lms-platform\backend\node_modules\fn.name\.gitattributes' -> 'H:\coding\lms-platform\backend\node_modules\fn.name\.gitattributes.DELETE.69d570d2d06468aa719ac2a280dfdb10'
npm warn tar TAR_ENTRY_ERROR ENOENT: no such file or directory, rename 'H:\coding\lms-platform\backend\node_modules\stack-trace\.npmignore' -> 'H:\coding\lms-platform\backend\node_modules\stack-trace\.npmignore.DELETE.00490d89c5aed9556e6f4a76b589f777'
npm warn tar TAR_ENTRY_ERROR ENOENT: no such file or directory, rename 'H:\coding\lms-platform\backend\node_modules\async\all.js' -> 'H:\coding\lms-platform\backend\node_modules\async\all.js.DELETE.4a6879dd7f8b991e2bea7e2d9f8b4730'
npm warn tar TAR_ENTRY_ERROR ENOENT: no such file or directory, rename 'H:\coding\lms-platform\backend\node_modules\safe-stable-stringify\index.js' -> 'H:\coding\lms-platform\backend\node_modules\safe-stable-stringify\index.js.DELETE.032059369d874a86279ca99580f6efee'
npm warn tar TAR_ENTRY_ERROR ENOENT: no such file or directory, rename 'H:\coding\lms-platform\backend\node_modules\property-expr\index.js' -> 'H:\coding\lms-platform\backend\node_modules\property-expr\index.js.DELETE.d9fdfe869bc049e97cc9a576e0111208'
npm warn tar TAR_ENTRY_ERROR ENOENT: no such file or directory, rename 'H:\coding\lms-platform\backend\node_modules\enabled\.travis.yml' -> 'H:\coding\lms-platform\backend\node_modules\enabled\.travis.yml.DELETE.b2cc6dcad12991e5717084afd5d9ca2e'
npm warn tar TAR_ENTRY_ERROR ENOENT: no such file or directory, rename 'H:\coding\lms-platform\backend\node_modules\logform\.eslintrc' -> 'H:\coding\lms-platform\backend\node_modules\logform\.eslintrc.DELETE.7d62568ac91f9136f0eac0d53c2e5781'
npm warn tar TAR_ENTRY_ERROR ENOENT: no such file or directory, rename 'H:\coding\lms-platform\backend\node_modules\one-time\async.js' -> 'H:\coding\lms-platform\backend\node_modules\one-time\async.js.DELETE.dae8133c838c0a7c44ae8d19328b2d9a'
npm warn tar TAR_ENTRY_ERROR ENOENT: no such file or directory, rename 'H:\coding\lms-platform\backend\node_modules\strip-bom\index.js' -> 'H:\coding\lms-platform\backend\node_modules\strip-bom\index.js.DELETE.545a4ab804ef5416143532539725924f'
npm warn tar TAR_ENTRY_ERROR ENOENT: no such file or directory, rename 'H:\coding\lms-platform\backend\node_modules\isexe\.npmignore' -> 'H:\coding\lms-platform\backend\node_modules\isexe\.npmignore.DELETE.93a386a53fb37807d2d6923ec530a11a'
npm warn tar TAR_ENTRY_ERROR ENOENT: no such file or directory, rename 'H:\coding\lms-platform\backend\node_modules\load-yaml-file\index.js' -> 'H:\coding\lms-platform\backend\node_modules\load-yaml-file\index.js.DELETE.63bd99b5344a79d4b23f24666c68bd43'
npm warn tar TAR_ENTRY_ERROR ENOENT: no such file or directory, rename 'H:\coding\lms-platform\backend\node_modules\mrmime\index.js' -> 'H:\coding\lms-platform\backend\node_modules\mrmime\index.js.DELETE.8b7f3ae5d7d43a7a58716709a8432036'
npm warn tar TAR_ENTRY_ERROR ENOENT: no such file or directory, rename 'H:\coding\lms-platform\backend\node_modules\sirv\package.json' -> 'H:\coding\lms-platform\backend\node_modules\sirv\package.json.DELETE.6efb8881ad7659928c9dcbdf944fde3d'
npm warn tar TAR_ENTRY_ERROR ENOENT: no such file or directory, rename 'H:\coding\lms-platform\backend\node_modules\esrecurse\esrecurse.js' -> 'H:\coding\lms-platform\backend\node_modules\esrecurse\esrecurse.js.DELETE.a1498512da5664e758e23dec74272a96'
npm warn tar TAR_ENTRY_ERROR ENOENT: no such file or directory, rename 'H:\coding\lms-platform\backend\node_modules\@polka\url\package.json' -> 'H:\coding\lms-platform\backend\node_modules\@polka\url\package.json.DELETE.93d171ee6233c494542afb44bc369f76'
npm warn tar TAR_ENTRY_ERROR ENOENT: no such file or directory, rename 'H:\coding\lms-platform\backend\node_modules\estraverse\.jshintrc' -> 'H:\coding\lms-platform\backend\node_modules\estraverse\.jshintrc.DELETE.66895cff2c72fb9d76f4a2483d7e2625'
npm warn tar TAR_ENTRY_ERROR ENOENT: no such file or directory, rename 'H:\coding\lms-platform\backend\node_modules\@xtuc\ieee754\index.js' -> 'H:\coding\lms-platform\backend\node_modules\@xtuc\ieee754\index.js.DELETE.664817289a12dc02ba1cbe9ccb5cd78f'
npm warn tar TAR_ENTRY_ERROR ENOENT: no such file or directory, rename 'H:\coding\lms-platform\backend\node_modules\@xtuc\long\index.d.ts' -> 'H:\coding\lms-platform\backend\node_modules\@xtuc\long\index.d.ts.DELETE.4615beba1b343454622449a3ce876b08'
npm warn tar TAR_ENTRY_ERROR ENOENT: no such file or directory, rename 'H:\coding\lms-platform\backend\node_modules\@rollup\rollup-win32-x64-msvc\README.md' -> 'H:\coding\lms-platform\backend\node_modules\@rollup\rollup-win32-x64-msvc\README.md.DELETE.ef01733c3251e8b757cfd3ab8041189d'
npm warn tar TAR_ENTRY_ERROR ENOENT: no such file or directory, rename 'H:\coding\lms-platform\backend\node_modules\@rollup\rollup-win32-x64-gnu\README.md' -> 'H:\coding\lms-platform\backend\node_modules\@rollup\rollup-win32-x64-gnu\README.md.DELETE.99236022363ff6add974f854168b3595'
npm warn tar TAR_ENTRY_ERROR ENOENT: no such file or directory, rename 'H:\coding\lms-platform\backend\node_modules\rollup\dist\bin\rollup' -> 'H:\coding\lms-platform\backend\node_modules\rollup\dist\bin\rollup.DELETE.31d23bf2fb342fe2b036aa46f825f63c'
npm warn tar TAR_ENTRY_ERROR ENOENT: no such file or directory, rename 'H:\coding\lms-platform\backend\node_modules\spdx-expression-parse\LICENSE' -> 'H:\coding\lms-platform\backend\node_modules\spdx-expression-parse\LICENSE.DELETE.7aa385f1957e4abcef3e95ce40edbe55'
npm warn tar TAR_ENTRY_ERROR ENOENT: no such file or directory, rename 'H:\coding\lms-platform\backend\node_modules\defaults\index.js' -> 'H:\coding\lms-platform\backend\node_modules\defaults\index.js.DELETE.eeee767d95a2f19f65302561a6578c80'
npm warn tar TAR_ENTRY_ERROR ENOENT: no such file or directory, rename 'H:\coding\lms-platform\backend\node_modules\spdx-exceptions\index.json' -> 'H:\coding\lms-platform\backend\node_modules\spdx-exceptions\index.json.DELETE.a76c868a1d02c563162bfa99929db6ed'
npm warn tar TAR_ENTRY_ERROR ENOENT: no such file or directory, rename 'H:\coding\lms-platform\backend\node_modules\spdx-license-ids\index.json' -> 'H:\coding\lms-platform\backend\node_modules\spdx-license-ids\index.json.DELETE.3b7ee10b57a6e236342d7c65e75815a3'
npm warn tar TAR_ENTRY_ERROR ENOENT: no such file or directory, rename 'H:\coding\lms-platform\backend\node_modules\clone\.npmignore' -> 'H:\coding\lms-platform\backend\node_modules\clone\.npmignore.DELETE.f99596bac3a3ee1623775441f2cb3e0d'
npm warn tar TAR_ENTRY_ERROR ENOENT: no such file or directory, rename 'H:\coding\lms-platform\backend\node_modules\spdx-correct\index.js' -> 'H:\coding\lms-platform\backend\node_modules\spdx-correct\index.js.DELETE.64f54f5bda902c64b1bc2ad396cfb21c'
npm warn tar TAR_ENTRY_ERROR ENOENT: no such file or directory, rename 'H:\coding\lms-platform\backend\node_modules\ts-toolbelt\CHANGELOG.md' -> 'H:\coding\lms-platform\backend\node_modules\ts-toolbelt\CHANGELOG.md.DELETE.bea0d7c8432209023b9cdde7e3ec262d'
npm warn tar TAR_ENTRY_ERROR ENOENT: no such file or directory, rename 'H:\coding\lms-platform\backend\node_modules\typedarray-dts\LICENSE' -> 'H:\coding\lms-platform\backend\node_modules\typedarray-dts\LICENSE.DELETE.fdfc31e55902cefe61ce973e3c5551dd'
npm warn tar TAR_ENTRY_ERROR ENOENT: no such file or directory, rename 'H:\coding\lms-platform\backend\node_modules\path-is-network-drive\package.json' -> 'H:\coding\lms-platform\backend\node_modules\path-is-network-drive\package.json.DELETE.5a63cf420bd3a66b125534b9f209dccf'
npm warn tar TAR_ENTRY_ERROR ENOENT: no such file or directory, rename 'H:\coding\lms-platform\backend\node_modules\@lazy-node\types-path\package.json' -> 'H:\coding\lms-platform\backend\node_modules\@lazy-node\types-path\package.json.DELETE.5e6953aa9d3c11596dcd59ad9aefcd7f'
npm warn tar TAR_ENTRY_ERROR ENOENT: no such file or directory, rename 'H:\coding\lms-platform\backend\node_modules\crypto-random-string\index.d.ts' -> 'H:\coding\lms-platform\backend\node_modules\crypto-random-string\index.d.ts.DELETE.fed88005be20cc9654cfb2de620d8ca1'
npm warn tar TAR_ENTRY_ERROR ENOENT: no such file or directory, rename 'H:\coding\lms-platform\backend\node_modules\path-strip-sep\package.json' -> 'H:\coding\lms-platform\backend\node_modules\path-strip-sep\package.json.DELETE.3a5943f19da8f600f628f98774582af4'
npm warn tar TAR_ENTRY_ERROR ENOENT: no such file or directory, rename 'H:\coding\lms-platform\backend\node_modules\@shikijs\types\README.md' -> 'H:\coding\lms-platform\backend\node_modules\@shikijs\types\README.md.DELETE.1a86ef8ec3afea6c2313d6aa1d41c885'
npm warn tar TAR_ENTRY_ERROR ENOENT: no such file or directory, rename 'H:\coding\lms-platform\backend\node_modules\is-plain-obj\index.js' -> 'H:\coding\lms-platform\backend\node_modules\is-plain-obj\index.js.DELETE.9e78c5ccf60d7bae0e39630529514148'
npm warn tar TAR_ENTRY_ERROR ENOENT: no such file or directory, rename 'H:\coding\lms-platform\backend\node_modules\bail\index.js' -> 'H:\coding\lms-platform\backend\node_modules\bail\index.js.DELETE.712319e4898634a9a72127147867d5c7'
npm warn tar TAR_ENTRY_ERROR ENOENT: no such file or directory, rename 'H:\coding\lms-platform\backend\node_modules\@shikijs\themes\README.md' -> 'H:\coding\lms-platform\backend\node_modules\@shikijs\themes\README.md.DELETE.dcbec7deaa277976f47ded5acf63d09f'
npm warn tar TAR_ENTRY_ERROR ENOENT: no such file or directory, rename 'H:\coding\lms-platform\backend\node_modules\@shikijs\langs\README.md' -> 'H:\coding\lms-platform\backend\node_modules\@shikijs\langs\README.md.DELETE.c92accf624f87096a839bb23b54df4d9'
npm warn tar TAR_ENTRY_ERROR ENOENT: no such file or directory, rename 'H:\coding\lms-platform\backend\node_modules\lunr\.npmignore' -> 'H:\coding\lms-platform\backend\node_modules\lunr\.npmignore.DELETE.91a28a8583e15802ba5c9db2d23830e5'
npm warn tar TAR_ENTRY_ERROR ENOENT: no such file or directory, rename 'H:\coding\lms-platform\backend\node_modules\media-typer\index.js' -> 'H:\coding\lms-platform\backend\node_modules\media-typer\index.js.DELETE.55649ba84626373ec98fd250b4b45f97'
npm warn tar TAR_ENTRY_ERROR ENOENT: no such file or directory, rename 'H:\coding\lms-platform\backend\node_modules\@shikijs\engine-oniguruma\README.md' -> 'H:\coding\lms-platform\backend\node_modules\@shikijs\engine-oniguruma\README.md.DELETE.59188999ca769807821dd9b25ee5135d'
npm warn tar TAR_ENTRY_ERROR ENOENT: no such file or directory, rename 'H:\coding\lms-platform\backend\node_modules\thenify\index.js' -> 'H:\coding\lms-platform\backend\node_modules\thenify\index.js.DELETE.65dd9d3249739958729152b3f407478a'
npm warn tar TAR_ENTRY_ERROR ENOENT: no such file or directory, rename 'H:\coding\lms-platform\backend\node_modules\is-number\index.js' -> 'H:\coding\lms-platform\backend\node_modules\is-number\index.js.DELETE.441a8a33997ff81f5253379f3873a897'
npm warn tar TAR_ENTRY_ERROR ENOENT: no such file or directory, rename 'H:\coding\lms-platform\backend\node_modules\chownr\dist\commonjs\index.js' -> 'H:\coding\lms-platform\backend\node_modules\chownr\dist\commonjs\index.js.DELETE.7d5063aa7ba57c0b688aff95ef37c899'
npm warn tar TAR_ENTRY_ERROR ENOENT: no such file or directory, rename 'H:\coding\lms-platform\backend\node_modules\fs-constants\browser.js' -> 'H:\coding\lms-platform\backend\node_modules\fs-constants\browser.js.DELETE.70ce24abf915427533a91171192294dc'
npm warn tar TAR_ENTRY_ERROR ENOENT: no such file or directory, rename 'H:\coding\lms-platform\backend\node_modules\css-color-keywords\README.md' -> 'H:\coding\lms-platform\backend\node_modules\css-color-keywords\README.md.DELETE.aa0ae98587ecbafb95ac879a4b70a3f7'
npm warn tar TAR_ENTRY_ERROR ENOENT: no such file or directory, rename 'H:\coding\lms-platform\backend\node_modules\css-to-react-native\src\__tests__\aspectRatio.js' -> 'H:\coding\lms-platform\backend\node_modules\css-to-react-native\src\__tests__\aspectRatio.js.DELETE.36f5ab91997795c4a0331657e2bcc338'
npm warn tar TAR_ENTRY_ERROR ENOENT: no such file or directory, rename 'H:\coding\lms-platform\backend\node_modules\camelize\LICENSE' -> 'H:\coding\lms-platform\backend\node_modules\camelize\LICENSE.DELETE.64a1ba6d2cfb9b735f84d18f9857bf55'
npm warn tar TAR_ENTRY_ERROR ENOENT: no such file or directory, rename 'H:\coding\lms-platform\backend\node_modules\buffer-from\index.js' -> 'H:\coding\lms-platform\backend\node_modules\buffer-from\index.js.DELETE.7b17f0aa7f3f0bdebf619bfc02fdbe3f'
npm warn tar TAR_ENTRY_ERROR ENOENT: no such file or directory, rename 'H:\coding\lms-platform\backend\node_modules\is-fullwidth-code-point\index.d.ts' -> 'H:\coding\lms-platform\backend\node_modules\is-fullwidth-code-point\index.d.ts.DELETE.89348c7f2004f7d4e2aff301cef19791'
npm warn tar TAR_ENTRY_ERROR ENOENT: no such file or directory, rename 'H:\coding\lms-platform\backend\node_modules\emoji-regex\index.d.ts' -> 'H:\coding\lms-platform\backend\node_modules\emoji-regex\index.d.ts.DELETE.1d69c74629f29f7b1c324aac654420e9'
npm warn tar TAR_ENTRY_ERROR ENOENT: no such file or directory, rename 'H:\coding\lms-platform\backend\node_modules\character-entities-html4\index.js' -> 'H:\coding\lms-platform\backend\node_modules\character-entities-html4\index.js.DELETE.2374ea0abbf7872483f3ba336c47f9cb'
npm warn tar TAR_ENTRY_ERROR ENOENT: no such file or directory, rename 'H:\coding\lms-platform\backend\node_modules\has-flag\index.d.ts' -> 'H:\coding\lms-platform\backend\node_modules\has-flag\index.d.ts.DELETE.fe8d7892c3beb47a6396717b63692d68'
npm warn tar TAR_ENTRY_ERROR ENOENT: no such file or directory, rename 'H:\coding\lms-platform\backend\node_modules\@tokenizer\token\README.md' -> 'H:\coding\lms-platform\backend\node_modules\@tokenizer\token\README.md.DELETE.66cef6fadfc178bc5d877119d7c34802'
npm warn tar TAR_ENTRY_ERROR ENOENT: no such file or directory, rename 'H:\coding\lms-platform\backend\node_modules\is-hotkey\.travis.yml' -> 'H:\coding\lms-platform\backend\node_modules\is-hotkey\.travis.yml.DELETE.212bc456c842e89e669bbbf0235e7825'
npm warn tar TAR_ENTRY_ERROR ENOENT: no such file or directory, rename 'H:\coding\lms-platform\backend\node_modules\@types\is-hotkey\README.md' -> 'H:\coding\lms-platform\backend\node_modules\@types\is-hotkey\README.md.DELETE.bfd212c6f0489099b6a58c291cd620ae'
npm warn tar TAR_ENTRY_ERROR ENOENT: no such file or directory, rename 'H:\coding\lms-platform\backend\node_modules\direction\cli.js' -> 'H:\coding\lms-platform\backend\node_modules\direction\cli.js.DELETE.67c9835ad5367ebcbbd93f2977674508'
npm warn tar TAR_ENTRY_ERROR ENOENT: no such file or directory, rename 'H:\coding\lms-platform\backend\node_modules\@types\lodash\README.md' -> 'H:\coding\lms-platform\backend\node_modules\@types\lodash\README.md.DELETE.a96c81199230d8aad56ae2bad4a04728'
npm warn tar TAR_ENTRY_ERROR ENOENT: no such file or directory, rename 'H:\coding\lms-platform\backend\node_modules\object-inspect\.nycrc' -> 'H:\coding\lms-platform\backend\node_modules\object-inspect\.nycrc.DELETE.aa436797455ddb20e871edac18c04701'
npm warn tar TAR_ENTRY_ERROR ENOENT: no such file or directory, rename 'H:\coding\lms-platform\backend\node_modules\side-channel-list\.eslintrc' -> 'H:\coding\lms-platform\backend\node_modules\side-channel-list\.eslintrc.DELETE.525985d68343a4645e32b638d71500f1'
npm warn tar TAR_ENTRY_ERROR ENOENT: no such file or directory, rename 'H:\coding\lms-platform\backend\node_modules\@img\sharp-win32-x64\index.cjs' -> 'H:\coding\lms-platform\backend\node_modules\@img\sharp-win32-x64\index.cjs.DELETE.3becc81908879177499a2a7a83e9410f'
npm warn tar TAR_ENTRY_ERROR ENOENT: no such file or directory, rename 'H:\coding\lms-platform\backend\node_modules\side-channel-map\.eslintrc' -> 'H:\coding\lms-platform\backend\node_modules\side-channel-map\.eslintrc.DELETE.1a84e6f400ee44dcb3990808858ff0e5'
npm warn tar TAR_ENTRY_ERROR ENOENT: no such file or directory, rename 'H:\coding\lms-platform\backend\node_modules\@types\json-schema\README.md' -> 'H:\coding\lms-platform\backend\node_modules\@types\json-schema\README.md.DELETE.d5262cf9990be44c10496ac5f3feb1b2'
npm warn tar TAR_ENTRY_ERROR ENOENT: no such file or directory, rename 'H:\coding\lms-platform\backend\node_modules\shebang-regex\index.d.ts' -> 'H:\coding\lms-platform\backend\node_modules\shebang-regex\index.d.ts.DELETE.e983d2fbaf0c5752b1af403c4a270b93'
npm warn tar TAR_ENTRY_ERROR ENOENT: no such file or directory, rename 'H:\coding\lms-platform\backend\node_modules\side-channel-weakmap\.eslintrc' -> 'H:\coding\lms-platform\backend\node_modules\side-channel-weakmap\.eslintrc.DELETE.5fe12766ac4b0cea94b1cb6b666f00b0'
npm warn tar TAR_ENTRY_ERROR ENOENT: no such file or directory, rename 'H:\coding\lms-platform\backend\node_modules\package-json-from-dist\dist\commonjs\index.js' -> 'H:\coding\lms-platform\backend\node_modules\package-json-from-dist\dist\commonjs\index.js.DELETE.218c43035d2c3d4fdd894c449ff1e8a7'
npm warn tar TAR_ENTRY_ERROR ENOENT: no such file or directory, rename 'H:\coding\lms-platform\backend\node_modules\is-regex\.eslintrc' -> 'H:\coding\lms-platform\backend\node_modules\is-regex\.eslintrc.DELETE.34dab57613cdcf37e8ac13ef9a5979bc'
npm warn tar TAR_ENTRY_ERROR ENOENT: no such file or directory, rename 'H:\coding\lms-platform\backend\node_modules\global-modules\README.md' -> 'H:\coding\lms-platform\backend\node_modules\global-modules\README.md.DELETE.1fc7dfc1a67efb4d31377207da12938c'
npm warn tar TAR_ENTRY_ERROR ENOENT: no such file or directory, rename 'H:\coding\lms-platform\backend\node_modules\trough\index.js' -> 'H:\coding\lms-platform\backend\node_modules\trough\index.js.DELETE.f357f7714d2ef5f42a6b3a5d2c4fdcf2'
npm warn tar TAR_ENTRY_ERROR ENOENT: no such file or directory, rename 'H:\coding\lms-platform\backend\node_modules\path-is-absolute\index.js' -> 'H:\coding\lms-platform\backend\node_modules\path-is-absolute\index.js.DELETE.a71616058ddf3bb24f5cbeea056711a0'
npm warn tar TAR_ENTRY_ERROR ENOENT: no such file or directory, rename 'H:\coding\lms-platform\backend\node_modules\path-parse\index.js' -> 'H:\coding\lms-platform\backend\node_modules\path-parse\index.js.DELETE.2854a3513cdf1d526b49fb10c1a770e4'
npm warn tar TAR_ENTRY_ERROR ENOENT: no such file or directory, rename 'H:\coding\lms-platform\backend\node_modules\supports-preserve-symlinks-flag\.nycrc' -> 'H:\coding\lms-platform\backend\node_modules\supports-preserve-symlinks-flag\.nycrc.DELETE.3473cf44a3310928760139a8083fe0f2'
npm warn tar TAR_ENTRY_ERROR ENOENT: no such file or directory, rename 'H:\coding\lms-platform\backend\node_modules\is-core-module\.nycrc' -> 'H:\coding\lms-platform\backend\node_modules\is-core-module\.nycrc.DELETE.66fb9095f93c851a529197e34448b8e8'
npm warn tar TAR_ENTRY_ERROR ENOENT: no such file or directory, rename 'H:\coding\lms-platform\backend\node_modules\global-prefix\README.md' -> 'H:\coding\lms-platform\backend\node_modules\global-prefix\README.md.DELETE.e99bdfe213e9f384510fd1bf1f101f67'
npm warn tar TAR_ENTRY_ERROR ENOENT: no such file or directory, rename 'H:\coding\lms-platform\backend\node_modules\utila\.npmignore' -> 'H:\coding\lms-platform\backend\node_modules\utila\.npmignore.DELETE.82c7db7f08c71248d84aff8fccc37835'
npm warn tar TAR_ENTRY_ERROR ENOENT: no such file or directory, rename 'H:\coding\lms-platform\backend\node_modules\is-promise\index.js' -> 'H:\coding\lms-platform\backend\node_modules\is-promise\index.js.DELETE.a4cdad015ea188c2e1ba7cab054cdbd6'
npm warn tar TAR_ENTRY_ERROR ENOENT: no such file or directory, rename 'H:\coding\lms-platform\backend\node_modules\config-chain\index.js' -> 'H:\coding\lms-platform\backend\node_modules\config-chain\index.js.DELETE.4d0c12ff607621b3c1d243e68da021f5'
npm warn tar TAR_ENTRY_ERROR ENOENT: no such file or directory, rename 'H:\coding\lms-platform\backend\node_modules\boolbase\README.md' -> 'H:\coding\lms-platform\backend\node_modules\boolbase\README.md.DELETE.de849a24b91f223ff584b640b20d0f5a'
npm warn tar TAR_ENTRY_ERROR ENOENT: no such file or directory, rename 'H:\coding\lms-platform\backend\node_modules\proto-list\README.md' -> 'H:\coding\lms-platform\backend\node_modules\proto-list\README.md.DELETE.4db843647b814521f488851f011976f7'
npm warn tar TAR_ENTRY_ERROR ENOENT: no such file or directory, rename 'H:\coding\lms-platform\backend\node_modules\dom-converter\LICENSE' -> 'H:\coding\lms-platform\backend\node_modules\dom-converter\LICENSE.DELETE.9bf6814cb43710a942ebcc33cedb6bfa'
npm warn tar TAR_ENTRY_ERROR ENOENT: no such file or directory, rename 'H:\coding\lms-platform\backend\node_modules\esprima\ChangeLog' -> 'H:\coding\lms-platform\backend\node_modules\esprima\ChangeLog.DELETE.be0e524add49ab8828fe6ddafb71be05'
npm warn tar TAR_ENTRY_ERROR ENOENT: no such file or directory, rename 'H:\coding\lms-platform\backend\node_modules\hosted-git-info\git-host-info.js' -> 'H:\coding\lms-platform\backend\node_modules\hosted-git-info\git-host-info.js.DELETE.95a1700f9fd7d3ac6224ea55546bf563'
npm warn tar TAR_ENTRY_ERROR ENOENT: no such file or directory, rename 'H:\coding\lms-platform\backend\node_modules\string_decoder\.travis.yml' -> 'H:\coding\lms-platform\backend\node_modules\string_decoder\.travis.yml.DELETE.44873f4ebbdaca215e49bfbb02e7cf02'
npm warn tar TAR_ENTRY_ERROR ENOENT: no such file or directory, rename 'H:\coding\lms-platform\backend\node_modules\normalize-package-data\AUTHORS' -> 'H:\coding\lms-platform\backend\node_modules\normalize-package-data\AUTHORS.DELETE.09bf3e4b0df410240c92123be1784e8e'
npm warn tar TAR_ENTRY_ERROR ENOENT: no such file or directory, rename 'H:\coding\lms-platform\backend\node_modules\@types\normalize-package-data\README.md' -> 'H:\coding\lms-platform\backend\node_modules\@types\normalize-package-data\README.md.DELETE.3eabdb7ea82c1a346eeccdea041b4e2b'
npm warn tar TAR_ENTRY_ERROR ENOENT: no such file or directory, rename 'H:\coding\lms-platform\backend\node_modules\isarray\.npmignore' -> 'H:\coding\lms-platform\backend\node_modules\isarray\.npmignore.DELETE.c347aa7be7c20031ddd0af58d9812c82'
npm warn tar TAR_ENTRY_ERROR ENOENT: no such file or directory, rename 'H:\coding\lms-platform\backend\node_modules\validate-npm-package-license\index.js' -> 'H:\coding\lms-platform\backend\node_modules\validate-npm-package-license\index.js.DELETE.abb0354dd9e9bca6cecfdb4698afbdca'
npm warn tar TAR_ENTRY_ERROR ENOENT: no such file or directory, rename 'H:\coding\lms-platform\backend\node_modules\find-root\.npmignore' -> 'H:\coding\lms-platform\backend\node_modules\find-root\.npmignore.DELETE.5d52cd5b97edaf135f4371bf24bfb236'
npm warn tar TAR_ENTRY_ERROR ENOENT: no such file or directory, rename 'H:\coding\lms-platform\backend\node_modules\read-pkg\index.d.ts' -> 'H:\coding\lms-platform\backend\node_modules\read-pkg\index.d.ts.DELETE.a450e85f048c49ffa64e81bc41f89d1c'
npm warn tar TAR_ENTRY_ERROR ENOENT: no such file or directory, rename 'H:\coding\lms-platform\backend\node_modules\process-nextick-args\index.js' -> 'H:\coding\lms-platform\backend\node_modules\process-nextick-args\index.js.DELETE.15c8d94d1359fa1b78deca6a3634c17c'
npm warn tar TAR_ENTRY_ERROR ENOENT: no such file or directory, rename 'H:\coding\lms-platform\backend\node_modules\@types\react-transition-group\LICENSE' -> 'H:\coding\lms-platform\backend\node_modules\@types\react-transition-group\LICENSE.DELETE.4963a5d59b489800c1ef7892fdf99227'
npm warn tar TAR_ENTRY_ERROR ENOENT: no such file or directory, rename 'H:\coding\lms-platform\backend\node_modules\use-sync-external-store\index.js' -> 'H:\coding\lms-platform\backend\node_modules\use-sync-external-store\index.js.DELETE.e51773e869cbd511992bcf4c701542fe'
npm warn tar TAR_ENTRY_ERROR ENOENT: no such file or directory, rename 'H:\coding\lms-platform\backend\node_modules\react-remove-scroll-bar\dist\es2015\component.js' -> 'H:\coding\lms-platform\backend\node_modules\react-remove-scroll-bar\dist\es2015\component.js.DELETE.fd8cc0a99ff1d8ba6c652224592e27c5'
npm warn tar TAR_ENTRY_ERROR ENOENT: no such file or directory, rename 'H:\coding\lms-platform\backend\node_modules\microseconds\README.md' -> 'H:\coding\lms-platform\backend\node_modules\microseconds\README.md.DELETE.96e100ee5539477a3470cf77ab7b3fae'
npm warn tar TAR_ENTRY_ERROR ENOENT: no such file or directory, rename 'H:\coding\lms-platform\backend\node_modules\remove-accents\index.js' -> 'H:\coding\lms-platform\backend\node_modules\remove-accents\index.js.DELETE.882fbb5a82e385f9f5df4b7fe09376e1'
npm warn tar TAR_ENTRY_ERROR ENOENT: no such file or directory, rename 'H:\coding\lms-platform\backend\node_modules\@types\use-sync-external-store\README.md' -> 'H:\coding\lms-platform\backend\node_modules\@types\use-sync-external-store\README.md.DELETE.4ee106919eaf8c90ec4a4717299ab183'
npm warn tar TAR_ENTRY_ERROR ENOENT: no such file or directory, rename 'H:\coding\lms-platform\backend\node_modules\big-integer\BigInteger.js' -> 'H:\coding\lms-platform\backend\node_modules\big-integer\BigInteger.js.DELETE.95a50a8e66eb2aea154ea542ec56cbe1'
npm warn tar TAR_ENTRY_ERROR ENOENT: no such file or directory, rename 'H:\coding\lms-platform\backend\node_modules\nano-time\.npmignore' -> 'H:\coding\lms-platform\backend\node_modules\nano-time\.npmignore.DELETE.fcb7ae03f82876dd6805160086b4c4dd'
npm warn tar TAR_ENTRY_ERROR ENOENT: no such file or directory, rename 'H:\coding\lms-platform\backend\node_modules\is-hexadecimal\index.js' -> 'H:\coding\lms-platform\backend\node_modules\is-hexadecimal\index.js.DELETE.50205655dd29f323bb5ba63174946081'
npm warn tar TAR_ENTRY_ERROR ENOENT: no such file or directory, rename 'H:\coding\lms-platform\backend\node_modules\is-alphabetical\index.js' -> 'H:\coding\lms-platform\backend\node_modules\is-alphabetical\index.js.DELETE.82af70baa9df8cd4b2aec614d8962075'
npm warn tar TAR_ENTRY_ERROR ENOENT: no such file or directory, rename 'H:\coding\lms-platform\backend\node_modules\is-alphanumerical\index.js' -> 'H:\coding\lms-platform\backend\node_modules\is-alphanumerical\index.js.DELETE.ac726c798cd2465e54043640771f361e'
npm warn tar TAR_ENTRY_ERROR ENOENT: no such file or directory, rename 'H:\coding\lms-platform\backend\node_modules\js-sha3\README.md' -> 'H:\coding\lms-platform\backend\node_modules\js-sha3\README.md.DELETE.03e0450a7c97ee1a3308e93502756eb7'
npm warn tar TAR_ENTRY_ERROR ENOENT: no such file or directory, rename 'H:\coding\lms-platform\backend\node_modules\character-reference-invalid\index.js' -> 'H:\coding\lms-platform\backend\node_modules\character-reference-invalid\index.js.DELETE.9571a20981f65dc3e1013172c77bdf6b'
npm warn tar TAR_ENTRY_ERROR ENOENT: no such file or directory, rename 'H:\coding\lms-platform\backend\node_modules\character-entities-legacy\index.js' -> 'H:\coding\lms-platform\backend\node_modules\character-entities-legacy\index.js.DELETE.5c781eb233a3ad242ccd7908a715040b'
npm warn tar TAR_ENTRY_ERROR ENOENT: no such file or directory, rename 'H:\coding\lms-platform\backend\node_modules\is-decimal\index.js' -> 'H:\coding\lms-platform\backend\node_modules\is-decimal\index.js.DELETE.aefe88e7fc105f55ed52154e0bee34b4'
npm warn tar TAR_ENTRY_ERROR ENOENT: no such file or directory, rename 'H:\coding\lms-platform\backend\node_modules\micromark-util-combine-extensions\index.js' -> 'H:\coding\lms-platform\backend\node_modules\micromark-util-combine-extensions\index.js.DELETE.01e538b64114fe4a427a1d4187b82922'
npm warn tar TAR_ENTRY_ERROR ENOENT: no such file or directory, rename 'H:\coding\lms-platform\backend\node_modules\micromark-util-resolve-all\index.js' -> 'H:\coding\lms-platform\backend\node_modules\micromark-util-resolve-all\index.js.DELETE.89c93539dbb2e9273bbfad55d1c59b1a'
npm warn tar TAR_ENTRY_ERROR ENOENT: no such file or directory, rename 'H:\coding\lms-platform\backend\node_modules\detect-node\browser.js' -> 'H:\coding\lms-platform\backend\node_modules\detect-node\browser.js.DELETE.a9215abfeeb904c6213c98f7466c9905'
npm warn tar TAR_ENTRY_ERROR ENOENT: no such file or directory, rename 'H:\coding\lms-platform\backend\node_modules\micromark-util-html-tag-name\index.js' -> 'H:\coding\lms-platform\backend\node_modules\micromark-util-html-tag-name\index.js.DELETE.99a07edc8e29466fc9a6d210142c0d68'
npm warn tar TAR_ENTRY_ERROR ENOENT: no such file or directory, rename 'H:\coding\lms-platform\backend\node_modules\@types\debug\README.md' -> 'H:\coding\lms-platform\backend\node_modules\@types\debug\README.md.DELETE.c4635eaf08bf3790d63a6c996804e832'
npm warn tar TAR_ENTRY_ERROR ENOENT: no such file or directory, rename 'H:\coding\lms-platform\backend\node_modules\unist-util-is\index.js' -> 'H:\coding\lms-platform\backend\node_modules\unist-util-is\index.js.DELETE.45e9358f39f5a244c96229400fa97655'
npm warn tar TAR_ENTRY_ERROR ENOENT: no such file or directory, rename 'H:\coding\lms-platform\backend\node_modules\trim-lines\index.js' -> 'H:\coding\lms-platform\backend\node_modules\trim-lines\index.js.DELETE.e80c4be22f87724ec8fc740bf3e751ad'
npm warn tar TAR_ENTRY_ERROR ENOENT: no such file or directory, rename 'H:\coding\lms-platform\backend\node_modules\longest-streak\index.js' -> 'H:\coding\lms-platform\backend\node_modules\longest-streak\index.js.DELETE.50561b502249e4acdfa59eba201b4bf7'
npm warn tar TAR_ENTRY_ERROR ENOENT: no such file or directory, rename 'H:\coding\lms-platform\backend\node_modules\zwitch\index.js' -> 'H:\coding\lms-platform\backend\node_modules\zwitch\index.js.DELETE.a40b0b367e4d4ad904bf659d302aebca'
npm warn tar TAR_ENTRY_ERROR ENOENT: no such file or directory, rename 'H:\coding\lms-platform\backend\node_modules\character-entities\index.js' -> 'H:\coding\lms-platform\backend\node_modules\character-entities\index.js.DELETE.834a03cf15fe7f16e54833ee1553d0b5'
npm warn tar TAR_ENTRY_ERROR ENOENT: no such file or directory, rename 'H:\coding\lms-platform\backend\node_modules\ccount\index.js' -> 'H:\coding\lms-platform\backend\node_modules\ccount\index.js.DELETE.8622f4182d63f7d61c9abc32f01a19cb'
npm warn tar TAR_ENTRY_ERROR ENOENT: no such file or directory, rename 'H:\coding\lms-platform\backend\node_modules\mdast-util-phrasing\index.js' -> 'H:\coding\lms-platform\backend\node_modules\mdast-util-phrasing\index.js.DELETE.5675f413699ceebc100efff4ccb6fd0d'
npm warn tar TAR_ENTRY_ERROR ENOENT: no such file or directory, rename 'H:\coding\lms-platform\backend\node_modules\parse-entities\index.js' -> 'H:\coding\lms-platform\backend\node_modules\parse-entities\index.js.DELETE.2baff0371026595c78fbabd7be656987'
npm warn tar TAR_ENTRY_ERROR ENOENT: no such file or directory, rename 'H:\coding\lms-platform\backend\node_modules\micromark-util-encode\index.js' -> 'H:\coding\lms-platform\backend\node_modules\micromark-util-encode\index.js.DELETE.dd3f3a63902cf6b899d49c428e42e033'
npm warn tar TAR_ENTRY_ERROR ENOENT: no such file or directory, rename 'H:\coding\lms-platform\backend\node_modules\unist-util-stringify-position\index.js' -> 'H:\coding\lms-platform\backend\node_modules\unist-util-stringify-position\index.js.DELETE.9b3a11519ca9f89328bd6cf403002e2e'
npm warn tar TAR_ENTRY_ERROR ENOENT: no such file or directory, rename 'H:\coding\lms-platform\backend\node_modules\micromark-util-types\index.js' -> 'H:\coding\lms-platform\backend\node_modules\micromark-util-types\index.js.DELETE.1da87bc6bc963363936739da9df757ca'
npm warn tar TAR_ENTRY_ERROR ENOENT: no such file or directory, rename 'H:\coding\lms-platform\backend\node_modules\decode-named-character-reference\index.dom.js' -> 'H:\coding\lms-platform\backend\node_modules\decode-named-character-reference\index.dom.js.DELETE.2e499b8e6457d81c961d58430076ce22'
npm warn tar TAR_ENTRY_ERROR ENOENT: no such file or directory, rename 'H:\coding\lms-platform\backend\node_modules\@types\estree-jsx\README.md' -> 'H:\coding\lms-platform\backend\node_modules\@types\estree-jsx\README.md.DELETE.593509322c1af147b6e70821b91980b6'
npm warn tar TAR_ENTRY_ERROR ENOENT: no such file or directory, rename 'H:\coding\lms-platform\backend\node_modules\mdast-util-to-string\index.js' -> 'H:\coding\lms-platform\backend\node_modules\mdast-util-to-string\index.js.DELETE.55dcebf164ac68ea74f011358448a57f'
npm warn tar TAR_ENTRY_ERROR ENOENT: no such file or directory, rename 'H:\coding\lms-platform\backend\node_modules\unist-util-position\index.js' -> 'H:\coding\lms-platform\backend\node_modules\unist-util-position\index.js.DELETE.cf280517c29c58a5a3c985737d3a5099'
npm warn tar TAR_ENTRY_ERROR ENOENT: no such file or directory, rename 'H:\coding\lms-platform\backend\node_modules\vfile-message\index.js' -> 'H:\coding\lms-platform\backend\node_modules\vfile-message\index.js.DELETE.eb5acd46507e7f8d45220b822f70df41'
npm warn tar TAR_ENTRY_ERROR ENOENT: no such file or directory, rename 'H:\coding\lms-platform\backend\node_modules\space-separated-tokens\index.js' -> 'H:\coding\lms-platform\backend\node_modules\space-separated-tokens\index.js.DELETE.cb9c9881c4b5db9f729588d729c6fdac'
npm warn tar TAR_ENTRY_ERROR ENOENT: no such file or directory, rename 'H:\coding\lms-platform\backend\node_modules\mdast-util-mdxjs-esm\index.js' -> 'H:\coding\lms-platform\backend\node_modules\mdast-util-mdxjs-esm\index.js.DELETE.ff92355cabed35a3359e764ee3071363'
npm warn tar TAR_ENTRY_ERROR ENOENT: no such file or directory, rename 'H:\coding\lms-platform\backend\node_modules\mdast-util-mdx-expression\index.js' -> 'H:\coding\lms-platform\backend\node_modules\mdast-util-mdx-expression\index.js.DELETE.e4adab2b4c2e4d1d2995f2b6aeb48b9f'
npm warn tar TAR_ENTRY_ERROR ENOENT: no such file or directory, rename 'H:\coding\lms-platform\backend\node_modules\@types\estree\README.md' -> 'H:\coding\lms-platform\backend\node_modules\@types\estree\README.md.DELETE.215d3c6ce012984d545d2965b91725a4'
npm warn tar TAR_ENTRY_ERROR ENOENT: no such file or directory, rename 'H:\coding\lms-platform\backend\node_modules\comma-separated-tokens\index.js' -> 'H:\coding\lms-platform\backend\node_modules\comma-separated-tokens\index.js.DELETE.4fda4652d1d5634f3e9d1126c16b2488'
npm warn tar TAR_ENTRY_ERROR ENOENT: no such file or directory, rename 'H:\coding\lms-platform\backend\node_modules\@types\unist\README.md' -> 'H:\coding\lms-platform\backend\node_modules\@types\unist\README.md.DELETE.dece8ca3e6371b62467fca38e475395d'
npm warn tar TAR_ENTRY_ERROR ENOENT: no such file or directory, rename 'H:\coding\lms-platform\backend\node_modules\html-url-attributes\index.js' -> 'H:\coding\lms-platform\backend\node_modules\html-url-attributes\index.js.DELETE.b5abb90bcfa16d7f491bb1bb4daff280'
npm warn tar TAR_ENTRY_ERROR ENOENT: no such file or directory, rename 'H:\coding\lms-platform\backend\node_modules\vfile\index.js' -> 'H:\coding\lms-platform\backend\node_modules\vfile\index.js.DELETE.309a36cbca3f7ef9d3f491cfb8dac4e8'
npm warn tar TAR_ENTRY_ERROR ENOENT: no such file or directory, rename 'H:\coding\lms-platform\backend\node_modules\hast-util-to-jsx-runtime\index.js' -> 'H:\coding\lms-platform\backend\node_modules\hast-util-to-jsx-runtime\index.js.DELETE.031615fa4b66a95e99b79ab0c146ab31'
npm warn tar TAR_ENTRY_ERROR ENOENT: no such file or directory, rename 'H:\coding\lms-platform\backend\node_modules\@types\mdast\README.md' -> 'H:\coding\lms-platform\backend\node_modules\@types\mdast\README.md.DELETE.e8cda5fe546205a76b4a55e58620a10a'
npm warn tar TAR_ENTRY_ERROR ENOENT: no such file or directory, rename 'H:\coding\lms-platform\backend\node_modules\hast-util-whitespace\index.js' -> 'H:\coding\lms-platform\backend\node_modules\hast-util-whitespace\index.js.DELETE.8f108ad1f6e010880883628d6f14e5af'
npm warn tar TAR_ENTRY_ERROR ENOENT: no such file or directory, rename 'H:\coding\lms-platform\backend\node_modules\remark-parse\index.js' -> 'H:\coding\lms-platform\backend\node_modules\remark-parse\index.js.DELETE.65875523234fca78bf152d3076d505e3'
npm warn tar TAR_ENTRY_ERROR ENOENT: no such file or directory, rename 'H:\coding\lms-platform\backend\node_modules\intl-messageformat\lib\src\core.js' -> 'H:\coding\lms-platform\backend\node_modules\intl-messageformat\lib\src\core.js.DELETE.859c83fe41302b4e6d05dae5e4d7be1c'
npm warn tar TAR_ENTRY_ERROR ENOENT: no such file or directory, rename 'H:\coding\lms-platform\backend\node_modules\estree-util-is-identifier-name\index.js' -> 'H:\coding\lms-platform\backend\node_modules\estree-util-is-identifier-name\index.js.DELETE.787f0751d36e48efce0a83ee4a9a6d67'
npm warn tar TAR_ENTRY_ERROR ENOENT: no such file or directory, rename 'H:\coding\lms-platform\backend\node_modules\@formatjs\intl\lib\src\create-intl.js' -> 'H:\coding\lms-platform\backend\node_modules\@formatjs\intl\lib\src\create-intl.js.DELETE.1204baf1fb9e73ebacfc10984b69a0f0'
npm warn tar TAR_ENTRY_ERROR ENOENT: no such file or directory, rename 'H:\coding\lms-platform\backend\node_modules\dnd-core\README.md' -> 'H:\coding\lms-platform\backend\node_modules\dnd-core\README.md.DELETE.d79ccd771d3567bdaadb85669a857246'
npm warn tar TAR_ENTRY_ERROR ENOENT: no such file or directory, rename 'H:\coding\lms-platform\backend\node_modules\@types\hast\README.md' -> 'H:\coding\lms-platform\backend\node_modules\@types\hast\README.md.DELETE.2f2e05ce621b3a8d5703c8e0f3e31ef8'
npm warn tar TAR_ENTRY_ERROR ENOENT: no such file or directory, rename 'H:\coding\lms-platform\backend\node_modules\@react-dnd\asap\LICENSE.md' -> 'H:\coding\lms-platform\backend\node_modules\@react-dnd\asap\LICENSE.md.DELETE.a8ef4e12f5a938d3b58e38b2fc531495'
npm warn tar TAR_ENTRY_ERROR ENOENT: no such file or directory, rename 'H:\coding\lms-platform\backend\node_modules\strip-json-comments\index.js' -> 'H:\coding\lms-platform\backend\node_modules\strip-json-comments\index.js.DELETE.776975c1dc727fa9550695dd85235dfb'
npm warn tar TAR_ENTRY_ERROR ENOENT: no such file or directory, rename 'H:\coding\lms-platform\backend\node_modules\mdast-util-mdx-jsx\index.js' -> 'H:\coding\lms-platform\backend\node_modules\mdast-util-mdx-jsx\index.js.DELETE.a1ccc36ae41da88e3c4003ef3ad7165b'
npm warn tar TAR_ENTRY_ERROR ENOENT: no such file or directory, rename 'H:\coding\lms-platform\backend\node_modules\side-channel\.eslintrc' -> 'H:\coding\lms-platform\backend\node_modules\side-channel\.eslintrc.DELETE.1a9d3369855880d308c786543d87a134'
npm warn tar TAR_ENTRY_ERROR ENOENT: no such file or directory, rename 'H:\coding\lms-platform\backend\node_modules\unpipe\README.md' -> 'H:\coding\lms-platform\backend\node_modules\unpipe\README.md.DELETE.f01c9d30eaff03ce7f592366eacf7773'
npm warn tar TAR_ENTRY_ERROR ENOENT: no such file or directory, rename 'H:\coding\lms-platform\backend\node_modules\ini\ini.js' -> 'H:\coding\lms-platform\backend\node_modules\ini\ini.js.DELETE.7895ec4bf5719c780558f01f539dd7bb'
npm warn tar TAR_ENTRY_ERROR ENOENT: no such file or directory, rename 'H:\coding\lms-platform\backend\node_modules\end-of-stream\index.js' -> 'H:\coding\lms-platform\backend\node_modules\end-of-stream\index.js.DELETE.4c921a226ee369be19539f7c56daf9f2'
npm warn tar TAR_ENTRY_ERROR ENOENT: no such file or directory, rename 'H:\coding\lms-platform\backend\node_modules\deep-extend\CHANGELOG.md' -> 'H:\coding\lms-platform\backend\node_modules\deep-extend\CHANGELOG.md.DELETE.b155a50cef39d9f5ff4e11dce31f95db'
npm warn tar TAR_ENTRY_ERROR ENOENT: no such file or directory, rename 'H:\coding\lms-platform\backend\node_modules\ipaddr.js\ipaddr.min.js' -> 'H:\coding\lms-platform\backend\node_modules\ipaddr.js\ipaddr.min.js.DELETE.a7b89194d399a598be8ef1115dbaf3a4'
npm warn tar TAR_ENTRY_ERROR ENOENT: no such file or directory, rename 'H:\coding\lms-platform\backend\node_modules\forwarded\index.js' -> 'H:\coding\lms-platform\backend\node_modules\forwarded\index.js.DELETE.bf35a6505d19f14aa1251345b95d2982'
npm warn tar TAR_ENTRY_ERROR ENOENT: no such file or directory, rename 'H:\coding\lms-platform\backend\node_modules\which-pm\index.js' -> 'H:\coding\lms-platform\backend\node_modules\which-pm\index.js.DELETE.de94a9c47b20cec757a2fbe908ff9f8f'
npm warn tar TAR_ENTRY_ERROR ENOENT: no such file or directory, rename 'H:\coding\lms-platform\backend\node_modules\find-up-simple\index.js' -> 'H:\coding\lms-platform\backend\node_modules\find-up-simple\index.js.DELETE.42f1da33d85c3cea3e43f91aa0903da6'
npm warn tar TAR_ENTRY_ERROR ENOENT: no such file or directory, rename 'H:\coding\lms-platform\backend\node_modules\find-yarn-workspace-root2\core.js' -> 'H:\coding\lms-platform\backend\node_modules\find-yarn-workspace-root2\core.js.DELETE.fc15d091170fe7d4711d0bebe5a674f7'
npm warn tar TAR_ENTRY_ERROR ENOENT: no such file or directory, rename 'H:\coding\lms-platform\backend\node_modules\ansi-regex\index.js' -> 'H:\coding\lms-platform\backend\node_modules\ansi-regex\index.js.DELETE.3e8b7f11c9926d4bde6c4fcaec3cf815'
npm warn tar TAR_ENTRY_ERROR ENOENT: no such file or directory, rename 'H:\coding\lms-platform\backend\node_modules\simple-get\index.js' -> 'H:\coding\lms-platform\backend\node_modules\simple-get\index.js.DELETE.24241675661674c6d21b20215959a01b'
npm warn tar TAR_ENTRY_ERROR ENOENT: no such file or directory, rename 'H:\coding\lms-platform\backend\node_modules\mkdirp-classic\index.js' -> 'H:\coding\lms-platform\backend\node_modules\mkdirp-classic\index.js.DELETE.01555b0af419a4c491934a4741b485ec'
npm warn tar TAR_ENTRY_ERROR ENOENT: no such file or directory, rename 'H:\coding\lms-platform\backend\node_modules\rc\browser.js' -> 'H:\coding\lms-platform\backend\node_modules\rc\browser.js.DELETE.6c3c8b6e70adeb5619a51fc317bf4207'
npm warn tar TAR_ENTRY_ERROR ENOENT: no such file or directory, rename 'H:\coding\lms-platform\backend\node_modules\github-from-package\LICENSE' -> 'H:\coding\lms-platform\backend\node_modules\github-from-package\LICENSE.DELETE.d6a2a87dad4bd8891e4020d24afb558e'
npm warn tar TAR_ENTRY_ERROR ENOENT: no such file or directory, rename 'H:\coding\lms-platform\backend\node_modules\pump\empty.js' -> 'H:\coding\lms-platform\backend\node_modules\pump\empty.js.DELETE.7d71a7dedd20e851e9d8c6181ca166b7'
npm warn tar TAR_ENTRY_ERROR ENOENT: no such file or directory, rename 'H:\coding\lms-platform\backend\node_modules\expand-template\.travis.yml' -> 'H:\coding\lms-platform\backend\node_modules\expand-template\.travis.yml.DELETE.ea6ffc1d15561b45d1fb0ac068555f97'
npm warn tar TAR_ENTRY_ERROR ENOENT: no such file or directory, rename 'H:\coding\lms-platform\backend\node_modules\napi-build-utils\index.js' -> 'H:\coding\lms-platform\backend\node_modules\napi-build-utils\index.js.DELETE.055c936326824f6ab9ba708cb10ecd37'
npm warn tar TAR_ENTRY_ERROR ENOENT: no such file or directory, rename 'H:\coding\lms-platform\backend\node_modules\path-root-regex\README.md' -> 'H:\coding\lms-platform\backend\node_modules\path-root-regex\README.md.DELETE.1ab97c98c89aeaadafba2ab7bba6b215'
npm warn tar TAR_ENTRY_ERROR ENOENT: no such file or directory, rename 'H:\coding\lms-platform\backend\node_modules\unc-path-regex\README.md' -> 'H:\coding\lms-platform\backend\node_modules\unc-path-regex\README.md.DELETE.6737aa19d8d1e1089eca3b98d23bdc8a'
npm warn tar TAR_ENTRY_ERROR ENOENT: no such file or directory, rename 'H:\coding\lms-platform\backend\node_modules\is-unc-path\README.md' -> 'H:\coding\lms-platform\backend\node_modules\is-unc-path\README.md.DELETE.8df7e8bf9d3e8ecc9d9106dc234f6789'
npm warn tar TAR_ENTRY_ERROR ENOENT: no such file or directory, rename 'H:\coding\lms-platform\backend\node_modules\is-windows\index.js' -> 'H:\coding\lms-platform\backend\node_modules\is-windows\index.js.DELETE.db4e0d44e9ad7847f083c22783c5741d'
npm warn tar TAR_ENTRY_ERROR ENOENT: no such file or directory, rename 'H:\coding\lms-platform\backend\node_modules\path-root\README.md' -> 'H:\coding\lms-platform\backend\node_modules\path-root\README.md.DELETE.248b5d281dc84d11e7b5ce478ee2f54a'
npm warn tar TAR_ENTRY_ERROR ENOENT: no such file or directory, rename 'H:\coding\lms-platform\backend\node_modules\is-relative\README.md' -> 'H:\coding\lms-platform\backend\node_modules\is-relative\README.md.DELETE.fd9765ff654ed0a0bc0e7579edee185a'
npm warn tar TAR_ENTRY_ERROR ENOENT: no such file or directory, rename 'H:\coding\lms-platform\backend\node_modules\map-cache\README.md' -> 'H:\coding\lms-platform\backend\node_modules\map-cache\README.md.DELETE.4a8a656d1415022d7e3f3c740dabed7b'
npm warn tar TAR_ENTRY_ERROR ENOENT: no such file or directory, rename 'H:\coding\lms-platform\backend\node_modules\for-in\README.md' -> 'H:\coding\lms-platform\backend\node_modules\for-in\README.md.DELETE.3eaf1cc560e2f7dd3bf0d3243b2026d6'
npm warn tar TAR_ENTRY_ERROR ENOENT: no such file or directory, rename 'H:\coding\lms-platform\backend\node_modules\for-own\README.md' -> 'H:\coding\lms-platform\backend\node_modules\for-own\README.md.DELETE.d5ba1e92932d21b625412f25124609c5'
npm warn tar TAR_ENTRY_ERROR ENOENT: no such file or directory, rename 'H:\coding\lms-platform\backend\node_modules\is-absolute\README.md' -> 'H:\coding\lms-platform\backend\node_modules\is-absolute\README.md.DELETE.9b80a2010d678e40aff6cfee50a64886'
npm warn tar TAR_ENTRY_ERROR ENOENT: no such file or directory, rename 'H:\coding\lms-platform\backend\node_modules\array-slice\index.js' -> 'H:\coding\lms-platform\backend\node_modules\array-slice\index.js.DELETE.5cc4c5d929f5583fd450e416cc57dab6'
npm warn tar TAR_ENTRY_ERROR ENOENT: no such file or directory, rename 'H:\coding\lms-platform\backend\node_modules\cssesc\cssesc.js' -> 'H:\coding\lms-platform\backend\node_modules\cssesc\cssesc.js.DELETE.1f7ea9ee254488b352abaf2cb5a3769f'
npm warn tar TAR_ENTRY_ERROR ENOENT: no such file or directory, rename 'H:\coding\lms-platform\backend\node_modules\util-deprecate\README.md' -> 'H:\coding\lms-platform\backend\node_modules\util-deprecate\README.md.DELETE.61e7242c0eeb5fa7bfa537c903dd062c'
npm warn tar TAR_ENTRY_ERROR ENOENT: no such file or directory, rename 'H:\coding\lms-platform\backend\node_modules\array-each\README.md' -> 'H:\coding\lms-platform\backend\node_modules\array-each\README.md.DELETE.8cedd326ba9ef09a4ef280495347a0b7'
npm warn tar TAR_ENTRY_ERROR ENOENT: no such file or directory, rename 'H:\coding\lms-platform\backend\node_modules\dlv\index.js' -> 'H:\coding\lms-platform\backend\node_modules\dlv\index.js.DELETE.58a9e9a779e4b6abb5cb708e0eaeff58'
npm warn tar TAR_ENTRY_ERROR ENOENT: no such file or directory, rename 'H:\coding\lms-platform\backend\node_modules\@types\picomatch\README.md' -> 'H:\coding\lms-platform\backend\node_modules\@types\picomatch\README.md.DELETE.ca1f5599fca23022a22ecbb950ca7372'
npm warn tar TAR_ENTRY_ERROR ENOENT: no such file or directory, rename 'H:\coding\lms-platform\backend\node_modules\@types\inquirer\README.md' -> 'H:\coding\lms-platform\backend\node_modules\@types\inquirer\README.md.DELETE.50fee095374b37f0b9ceb29fab59cead'
npm warn tar TAR_ENTRY_ERROR ENOENT: no such file or directory, rename 'H:\coding\lms-platform\backend\node_modules\node-plop\src\actions\_common-action-add-file.js' -> 'H:\coding\lms-platform\backend\node_modules\node-plop\src\actions\_common-action-add-file.js.DELETE.04a9f583a13697df810109f23a2f3cb5'
npm warn tar TAR_ENTRY_ERROR ENOENT: no such file or directory, rename 'H:\coding\lms-platform\backend\node_modules\object.pick\README.md' -> 'H:\coding\lms-platform\backend\node_modules\object.pick\README.md.DELETE.1c8bbaf935196a3070c865079732084e'
npm warn tar TAR_ENTRY_ERROR ENOENT: no such file or directory, rename 'H:\coding\lms-platform\backend\node_modules\luxon\src\impl\conversions.js' -> 'H:\coding\lms-platform\backend\node_modules\luxon\src\impl\conversions.js.DELETE.b6a0705dae55bdafcd7623bd1147400a'
npm warn tar TAR_ENTRY_ERROR ENOENT: no such file or directory, rename 'H:\coding\lms-platform\backend\node_modules\motion-dom\dist\cjs\index.js' -> 'H:\coding\lms-platform\backend\node_modules\motion-dom\dist\cjs\index.js.DELETE.983dc2659af0bfcd09a9d5b5973ffd99'
npm warn tar TAR_ENTRY_ERROR ENOENT: no such file or directory, rename 'H:\coding\lms-platform\backend\node_modules\balanced-match\dist\commonjs\index.js' -> 'H:\coding\lms-platform\backend\node_modules\balanced-match\dist\commonjs\index.js.DELETE.391beadab6b51f52b2c9608b694925e2'
npm warn tar TAR_ENTRY_ERROR ENOENT: no such file or directory, rename 'H:\coding\lms-platform\backend\node_modules\motion-utils\dist\cjs\index.js' -> 'H:\coding\lms-platform\backend\node_modules\motion-utils\dist\cjs\index.js.DELETE.7b5458abcf0629630c8953541933a0a1'
npm warn tar TAR_ENTRY_ERROR ENOENT: no such file or directory, rename 'H:\coding\lms-platform\backend\node_modules\flow-estree\dist\generated\HermesESTreeSelectorTypes.js.flow' -> 'H:\coding\lms-platform\backend\node_modules\flow-estree\dist\generated\HermesESTreeSelectorTypes.js.flow.DELETE.63db92f4560f868e7150177287672beb'
npm warn tar TAR_ENTRY_ERROR ENOENT: no such file or directory, rename 'H:\coding\lms-platform\backend\node_modules\flow-parser\dist\transform\astArrayMutationHelpers.js.flow' -> 'H:\coding\lms-platform\backend\node_modules\flow-parser\dist\transform\astArrayMutationHelpers.js.flow.DELETE.5b2824e82913fc3c977e32d1d4dd7a92'
npm warn tar TAR_ENTRY_ERROR ENOENT: no such file or directory, rename 'H:\coding\lms-platform\backend\node_modules\agent-base\dist\src\index.js' -> 'H:\coding\lms-platform\backend\node_modules\agent-base\dist\src\index.js.DELETE.294f50983776153e0e35f0aab02e6218'
npm warn tar TAR_ENTRY_ERROR ENOENT: no such file or directory, rename 'H:\coding\lms-platform\backend\node_modules\path-scurry\dist\commonjs\index.js' -> 'H:\coding\lms-platform\backend\node_modules\path-scurry\dist\commonjs\index.js.DELETE.8e3d669e25a5248394537c779b8ed610'
npm warn tar TAR_ENTRY_ERROR ENOENT: no such file or directory, rename 'H:\coding\lms-platform\backend\node_modules\minipass\dist\commonjs\index.js' -> 'H:\coding\lms-platform\backend\node_modules\minipass\dist\commonjs\index.js.DELETE.c75cc5e652c27df11aebe0d6074976e1'
npm warn tar TAR_ENTRY_ERROR ENOENT: no such file or directory, rename 'H:\coding\lms-platform\backend\node_modules\strtok3\lib\stream\AbstractStreamReader.js' -> 'H:\coding\lms-platform\backend\node_modules\strtok3\lib\stream\AbstractStreamReader.js.DELETE.2b79236603cca69d3c38b0a5d50c111a'
npm warn tar TAR_ENTRY_ERROR ENOENT: no such file or directory, rename 'H:\coding\lms-platform\backend\node_modules\framer-motion\dist\cjs\client.js' -> 'H:\coding\lms-platform\backend\node_modules\framer-motion\dist\cjs\client.js.DELETE.463179cca9a335478499489ab43626b8'
npm warn tar TAR_ENTRY_ERROR UNKNOWN: unknown error, open 'H:\coding\lms-platform\backend\node_modules\@ai-sdk\gateway\dist\index.js'
npm warn tar TAR_ENTRY_ERROR ENOENT: no such file or directory, rename 'H:\coding\lms-platform\backend\node_modules\@tanstack\virtual-core\dist\cjs\index.cjs' -> 'H:\coding\lms-platform\backend\node_modules\@tanstack\virtual-core\dist\cjs\index.cjs.DELETE.301025977184d6147f12c97f149dde11'
npm warn tar TAR_ENTRY_ERROR ENOENT: no such file or directory, rename 'H:\coding\lms-platform\backend\node_modules\undici\lib\llhttp\.gitkeep' -> 'H:\coding\lms-platform\backend\node_modules\undici\lib\llhttp\.gitkeep.DELETE.6d585c0a662775f86ff1660a00a41760'
npm warn tar TAR_ENTRY_ERROR ENOENT: no such file or directory, rename 'H:\coding\lms-platform\backend\node_modules\glob\dist\commonjs\glob.js' -> 'H:\coding\lms-platform\backend\node_modules\glob\dist\commonjs\glob.js.DELETE.baff58bfb445f44b785fa82d35a87657'
npm warn tar TAR_ENTRY_ERROR UNKNOWN: unknown error, open 'H:\coding\lms-platform\backend\node_modules\@ai-sdk\provider-utils\dist\index.js'
npm warn tar TAR_ENTRY_ERROR ENOENT: no such file or directory, rename 'H:\coding\lms-platform\backend\node_modules\date-fns-tz\esm\format\index.js.flow' -> 'H:\coding\lms-platform\backend\node_modules\date-fns-tz\esm\format\index.js.flow.DELETE.1d846cffdf6cb44df5d2fe32acced6d0'
npm warn tar TAR_ENTRY_ERROR UNKNOWN: unknown error, open 'H:\coding\lms-platform\backend\node_modules\slate-react\dist\index.es.js'
npm warn tar TAR_ENTRY_ERROR UNKNOWN: unknown error, open 'H:\coding\lms-platform\backend\node_modules\ai\dist\index.js'
npm warn tar TAR_ENTRY_ERROR UNKNOWN: unknown error, open 'H:\coding\lms-platform\backend\node_modules\slate\dist\index.es.js'
npm warn tar TAR_ENTRY_ERROR UNKNOWN: unknown error, open 'H:\coding\lms-platform\backend\node_modules\express-rate-limit\dist\index.cjs'
npm warn tar TAR_ENTRY_ERROR ENOENT: no such file or directory, rename 'H:\coding\lms-platform\backend\node_modules\minimatch\dist\commonjs\assert-valid-pattern.js' -> 'H:\coding\lms-platform\backend\node_modules\minimatch\dist\commonjs\assert-valid-pattern.js.DELETE.1c2c0238fd41146bbaa2c21d9681fab5'
npm warn tar TAR_ENTRY_ERROR UNKNOWN: unknown error, open 'H:\coding\lms-platform\backend\node_modules\@ai-sdk\react\dist\index.js'
npm warn tar TAR_ENTRY_ERROR UNKNOWN: unknown error, open 'H:\coding\lms-platform\backend\node_modules\sonner\dist\styles.css'
npm warn tar TAR_ENTRY_ERROR UNKNOWN: unknown error, open 'H:\coding\lms-platform\backend\node_modules\react-select\dist\index-665c4ed8.cjs.prod.js'
npm warn tar TAR_ENTRY_ERROR UNKNOWN: unknown error, open 'H:\coding\lms-platform\backend\node_modules\@radix-ui\react-collection\dist\index.js'
npm warn tar TAR_ENTRY_ERROR UNKNOWN: unknown error, open 'H:\coding\lms-platform\backend\node_modules\formik\dist\formik.cjs.development.js'
npm warn tar TAR_ENTRY_ERROR UNKNOWN: unknown error, open 'H:\coding\lms-platform\backend\node_modules\@strapi\typescript-utils\tsconfigs\.tsbuildinfo'
npm warn tar TAR_ENTRY_ERROR UNKNOWN: unknown error, open 'H:\coding\lms-platform\backend\node_modules\react-router-dom\dist\index.js'
npm warn tar TAR_ENTRY_ERROR ENOENT: no such file or directory, rename 'H:\coding\lms-platform\backend\node_modules\y18n\build\index.cjs' -> 'H:\coding\lms-platform\backend\node_modules\y18n\build\index.cjs.DELETE.7ba8b3d6e04504d060ac07824379bf17'
npm warn tar TAR_ENTRY_ERROR ENOENT: no such file or directory, rename 'H:\coding\lms-platform\backend\node_modules\fecha\lib\fecha.js' -> 'H:\coding\lms-platform\backend\node_modules\fecha\lib\fecha.js.DELETE.8852a65f902b2fc8010a980ab7fd6c3c'
npm warn tar TAR_ENTRY_ERROR ENOENT: no such file or directory, rename 'H:\coding\lms-platform\backend\node_modules\triple-beam\config\cli.js' -> 'H:\coding\lms-platform\backend\node_modules\triple-beam\config\cli.js.DELETE.c13daba8d220660fe44b3d366cc49256'
npm warn tar TAR_ENTRY_ERROR EPERM: operation not permitted, unlink 'H:\coding\lms-platform\backend\node_modules\@codemirror\view\dist\index.cjs.DELETE.59817fc4d4dd2409d4af69d6aa6b85cd'
npm warn tar TAR_ENTRY_ERROR ENOENT: no such file or directory, rename 'H:\coding\lms-platform\backend\node_modules\totalist\dist\index.js' -> 'H:\coding\lms-platform\backend\node_modules\totalist\dist\index.js.DELETE.ef79140feef956486bccd10f18442449'
npm warn tar TAR_ENTRY_ERROR ENOENT: no such file or directory, rename 'H:\coding\lms-platform\backend\node_modules\acorn-walk\dist\walk.js' -> 'H:\coding\lms-platform\backend\node_modules\acorn-walk\dist\walk.js.DELETE.52123f02971073f0014caf68de77619f'
npm warn tar TAR_ENTRY_ERROR ENOENT: no such file or directory, rename 'H:\coding\lms-platform\backend\node_modules\@dabh\diagnostics\logger\console.js' -> 'H:\coding\lms-platform\backend\node_modules\@dabh\diagnostics\logger\console.js.DELETE.62d8d4e8c41c6ee1f63290b7f043d6c7'
npm warn tar TAR_ENTRY_ERROR ENOENT: no such file or directory, rename 'H:\coding\lms-platform\backend\node_modules\@discoveryjs\json-ext\cjs\index.cjs' -> 'H:\coding\lms-platform\backend\node_modules\@discoveryjs\json-ext\cjs\index.cjs.DELETE.29d686eea13a3762a24a486a3e2d572e'
npm warn tar TAR_ENTRY_ERROR ENOENT: no such file or directory, rename 'H:\coding\lms-platform\backend\node_modules\@webassemblyjs\utf8\esm\decoder.js' -> 'H:\coding\lms-platform\backend\node_modules\@webassemblyjs\utf8\esm\decoder.js.DELETE.edb48914e6c6c65751bfe9ee9c02c6eb'
npm warn tar TAR_ENTRY_ERROR ENOENT: no such file or directory, rename 'H:\coding\lms-platform\backend\node_modules\@webassemblyjs\wasm-opt\esm\index.js' -> 'H:\coding\lms-platform\backend\node_modules\@webassemblyjs\wasm-opt\esm\index.js.DELETE.42180a54d1dfbce521f651f313a5ec93'
npm warn tar TAR_ENTRY_ERROR ENOENT: no such file or directory, rename 'H:\coding\lms-platform\backend\node_modules\@webassemblyjs\ieee754\esm\index.js' -> 'H:\coding\lms-platform\backend\node_modules\@webassemblyjs\ieee754\esm\index.js.DELETE.9ed1d79ecb5320beb0bf6ccbdeccda77'
npm warn tar TAR_ENTRY_ERROR ENOENT: no such file or directory, rename 'H:\coding\lms-platform\backend\node_modules\@webassemblyjs\helper-wasm-section\esm\create.js' -> 'H:\coding\lms-platform\backend\node_modules\@webassemblyjs\helper-wasm-section\esm\create.js.DELETE.8c8984205ded2203878db80dd104349a'
npm warn tar TAR_ENTRY_ERROR ENOENT: no such file or directory, rename 'H:\coding\lms-platform\backend\node_modules\@webassemblyjs\helper-api-error\esm\index.js' -> 'H:\coding\lms-platform\backend\node_modules\@webassemblyjs\helper-api-error\esm\index.js.DELETE.cc513bc0749589a237d8be6cb9ca5ee6'
npm warn tar TAR_ENTRY_ERROR ENOENT: no such file or directory, rename 'H:\coding\lms-platform\backend\node_modules\@webassemblyjs\helper-buffer\esm\compare.js' -> 'H:\coding\lms-platform\backend\node_modules\@webassemblyjs\helper-buffer\esm\compare.js.DELETE.1345f86a101b291deb9bcf387e3c98be'
npm warn tar TAR_ENTRY_ERROR ENOENT: no such file or directory, rename 'H:\coding\lms-platform\backend\node_modules\@webassemblyjs\helper-wasm-bytecode\esm\index.js' -> 'H:\coding\lms-platform\backend\node_modules\@webassemblyjs\helper-wasm-bytecode\esm\index.js.DELETE.0847c2aa7c3af66ba62d6105054c643b'
npm warn tar TAR_ENTRY_ERROR ENOENT: no such file or directory, rename 'H:\coding\lms-platform\backend\node_modules\@webassemblyjs\helper-numbers\esm\index.js' -> 'H:\coding\lms-platform\backend\node_modules\@webassemblyjs\helper-numbers\esm\index.js.DELETE.fd205d51e66dbf65f19381e6ede3e1d5'
npm warn tar TAR_ENTRY_ERROR ENOENT: no such file or directory, rename 'H:\coding\lms-platform\backend\node_modules\events\tests\add-listeners.js' -> 'H:\coding\lms-platform\backend\node_modules\events\tests\add-listeners.js.DELETE.f6d665f7e74d15fdc758a799b1b96289'
npm warn tar TAR_ENTRY_ERROR ENOENT: no such file or directory, rename 'H:\coding\lms-platform\backend\node_modules\minimizer-webpack-plugin\dist\index.js' -> 'H:\coding\lms-platform\backend\node_modules\minimizer-webpack-plugin\dist\index.js.DELETE.1d79024818254c2306b22133d70e1908'
npm warn tar TAR_ENTRY_ERROR ENOENT: no such file or directory, rename 'H:\coding\lms-platform\backend\node_modules\eslint-scope\lib\definition.js' -> 'H:\coding\lms-platform\backend\node_modules\eslint-scope\lib\definition.js.DELETE.ce7fceeabc88878a5f05f3167b7872a3'
npm warn tar TAR_ENTRY_ERROR ENOENT: no such file or directory, rename 'H:\coding\lms-platform\backend\node_modules\enhanced-resolve\lib\AliasFieldPlugin.js' -> 'H:\coding\lms-platform\backend\node_modules\enhanced-resolve\lib\AliasFieldPlugin.js.DELETE.389f6a0caacda19b7f9729ccc9c6fe02'
npm warn tar TAR_ENTRY_ERROR ENOENT: no such file or directory, rename 'H:\coding\lms-platform\backend\node_modules\@webassemblyjs\wasm-parser\esm\decoder.js' -> 'H:\coding\lms-platform\backend\node_modules\@webassemblyjs\wasm-parser\esm\decoder.js.DELETE.78eaac429ffa26055739c6cb8ff0ad35'
npm warn tar TAR_ENTRY_ERROR ENOENT: no such file or directory, rename 'H:\coding\lms-platform\backend\node_modules\es-module-lexer\dist\lexer.cjs' -> 'H:\coding\lms-platform\backend\node_modules\es-module-lexer\dist\lexer.cjs.DELETE.fb1865c1a18d08f1925370d2e7efc351'
npm warn tar TAR_ENTRY_ERROR ENOENT: no such file or directory, rename 'H:\coding\lms-platform\backend\node_modules\@webassemblyjs\wasm-edit\esm\apply.js' -> 'H:\coding\lms-platform\backend\node_modules\@webassemblyjs\wasm-edit\esm\apply.js.DELETE.eae14db6e0d99c4b8baef69da8b52c84'
npm warn tar TAR_ENTRY_ERROR ENOENT: no such file or directory, rename 'H:\coding\lms-platform\backend\node_modules\@webassemblyjs\floating-point-hex-parser\esm\index.js' -> 'H:\coding\lms-platform\backend\node_modules\@webassemblyjs\floating-point-hex-parser\esm\index.js.DELETE.47ab86b840339e0337a7f458fad57799'
npm warn tar TAR_ENTRY_ERROR ENOENT: no such file or directory, rename 'H:\coding\lms-platform\backend\node_modules\watchpack\lib\DirectoryWatcher.js' -> 'H:\coding\lms-platform\backend\node_modules\watchpack\lib\DirectoryWatcher.js.DELETE.14128d6370846c64c720e760ecd885c6'
npm warn tar TAR_ENTRY_ERROR ENOENT: no such file or directory, rename 'H:\coding\lms-platform\backend\node_modules\detect-node-es\es5\browser.js' -> 'H:\coding\lms-platform\backend\node_modules\detect-node-es\es5\browser.js.DELETE.4b05a632d31621e6fbee972d97e66010'
npm warn tar TAR_ENTRY_ERROR ENOENT: no such file or directory, rename 'H:\coding\lms-platform\backend\node_modules\unist-util-visit-parents\lib\color.js' -> 'H:\coding\lms-platform\backend\node_modules\unist-util-visit-parents\lib\color.js.DELETE.a66149871d6d43cdb32c77c06b25c8b1'
npm warn tar TAR_ENTRY_ERROR ENOENT: no such file or directory, rename 'H:\coding\lms-platform\backend\node_modules\@gerrit0\mini-shiki\dist\shiki.js' -> 'H:\coding\lms-platform\backend\node_modules\@gerrit0\mini-shiki\dist\shiki.js.DELETE.675a70b633d6eb79e848b87e388debd3'
npm warn tar TAR_ENTRY_ERROR ENOENT: no such file or directory, rename 'H:\coding\lms-platform\backend\node_modules\@jridgewell\source-map\types\source-map.d.cts' -> 'H:\coding\lms-platform\backend\node_modules\@jridgewell\source-map\types\source-map.d.cts.DELETE.456ca7cefe65e1da04387958851cf8bc'
npm warn tar TAR_ENTRY_ERROR ENOENT: no such file or directory, rename 'H:\coding\lms-platform\backend\node_modules\inline-style-parser\cjs\index.d.cts' -> 'H:\coding\lms-platform\backend\node_modules\inline-style-parser\cjs\index.d.cts.DELETE.7cadc4104b61b1b44f4cb5b0d2d2c6e6'
npm warn tar TAR_ENTRY_ERROR ENOENT: no such file or directory, rename 'H:\coding\lms-platform\backend\node_modules\@emotion\is-prop-valid\dist\emotion-is-prop-valid.cjs.default.js' -> 'H:\coding\lms-platform\backend\node_modules\@emotion\is-prop-valid\dist\emotion-is-prop-valid.cjs.default.js.DELETE.d83ae060601959a2a71edf595d3daa60'
npm warn tar TAR_ENTRY_ERROR ENOENT: no such file or directory, rename 'H:\coding\lms-platform\backend\node_modules\@webassemblyjs\wast-printer\esm\index.js' -> 'H:\coding\lms-platform\backend\node_modules\@webassemblyjs\wast-printer\esm\index.js.DELETE.002fe5e8114ccbad0ba139c147f42e4d'
npm warn tar TAR_ENTRY_ERROR ENOENT: no such file or directory, rename 'H:\coding\lms-platform\backend\node_modules\style-to-object\cjs\index.js' -> 'H:\coding\lms-platform\backend\node_modules\style-to-object\cjs\index.js.DELETE.02250cde0cde1e72b8ea2b87603768df'
npm warn tar TAR_ENTRY_ERROR ENOENT: no such file or directory, rename 'H:\coding\lms-platform\backend\node_modules\compute-scroll-into-view\umd\compute-scroll-into-view.min.js' -> 'H:\coding\lms-platform\backend\node_modules\compute-scroll-into-view\umd\compute-scroll-into-view.min.js.DELETE.a51768033e1034ed209f3a86d67c034c'
npm warn tar TAR_ENTRY_ERROR ENOENT: no such file or directory, rename 'H:\coding\lms-platform\backend\node_modules\scroll-into-view-if-needed\es\index.js' -> 'H:\coding\lms-platform\backend\node_modules\scroll-into-view-if-needed\es\index.js.DELETE.f75bfa0ae19aae7e247912ed4240b705'
npm warn tar TAR_ENTRY_ERROR ENOENT: no such file or directory, rename 'H:\coding\lms-platform\backend\node_modules\simple-concat\test\basic.js' -> 'H:\coding\lms-platform\backend\node_modules\simple-concat\test\basic.js.DELETE.3f0c8735cfb3e3ea0806913c1812df73'
npm warn tar TAR_ENTRY_ERROR ENOENT: no such file or directory, rename 'H:\coding\lms-platform\backend\node_modules\nth-check\lib\compile.js' -> 'H:\coding\lms-platform\backend\node_modules\nth-check\lib\compile.js.DELETE.9afd29fdeccef15fb7c7e76e94ebcd52'
npm warn tar TAR_ENTRY_ERROR ENOENT: no such file or directory, rename 'H:\coding\lms-platform\backend\node_modules\domhandler\lib\index.js' -> 'H:\coding\lms-platform\backend\node_modules\domhandler\lib\index.js.DELETE.1504700f7b704dc91464a83f59426a98'
npm warn tar TAR_ENTRY_ERROR ENOENT: no such file or directory, rename 'H:\coding\lms-platform\backend\node_modules\htmlparser2\lib\CollectingHandler.js' -> 'H:\coding\lms-platform\backend\node_modules\htmlparser2\lib\CollectingHandler.js.DELETE.dffa23da47fbe871824f0787c93e2ca7'
npm warn tar TAR_ENTRY_ERROR ENOENT: no such file or directory, rename 'H:\coding\lms-platform\backend\node_modules\domutils\lib\feeds.js' -> 'H:\coding\lms-platform\backend\node_modules\domutils\lib\feeds.js.DELETE.2cce2ac6ff13a18c8978c6850086c592'
npm warn tar TAR_ENTRY_ERROR ENOENT: no such file or directory, rename 'H:\coding\lms-platform\backend\node_modules\tiny-invariant\dist\tiny-invariant.cjs.js' -> 'H:\coding\lms-platform\backend\node_modules\tiny-invariant\dist\tiny-invariant.cjs.js.DELETE.19f30d62018398f2f23b2de2e84a00d6'
npm warn tar TAR_ENTRY_ERROR ENOENT: no such file or directory, rename 'H:\coding\lms-platform\backend\node_modules\@pnpm\npm-conf\lib\conf.js' -> 'H:\coding\lms-platform\backend\node_modules\@pnpm\npm-conf\lib\conf.js.DELETE.3a9a1c3a19be4c6c09d6bcf2a7f2b734'
npm warn tar TAR_ENTRY_ERROR ENOENT: no such file or directory, rename 'H:\coding\lms-platform\backend\node_modules\core-util-is\lib\util.js' -> 'H:\coding\lms-platform\backend\node_modules\core-util-is\lib\util.js.DELETE.b0edba5cdbf9e73114a9ff2dc90786fd'
npm warn tar TAR_ENTRY_ERROR ENOENT: no such file or directory, rename 'H:\coding\lms-platform\backend\node_modules\@emotion\unitless\dist\emotion-unitless.cjs.default.js' -> 'H:\coding\lms-platform\backend\node_modules\@emotion\unitless\dist\emotion-unitless.cjs.default.js.DELETE.d43b88a980a1604d4a92a0785e98bb25'
npm warn tar TAR_ENTRY_ERROR ENOENT: no such file or directory, rename 'H:\coding\lms-platform\backend\node_modules\dom-helpers\cjs\activeElement.js' -> 'H:\coding\lms-platform\backend\node_modules\dom-helpers\cjs\activeElement.js.DELETE.d8adadeefe5f847813cc827276832aaf'
npm warn tar TAR_ENTRY_ERROR ENOENT: no such file or directory, rename 'H:\coding\lms-platform\backend\node_modules\babel-plugin-macros\dist\index.js' -> 'H:\coding\lms-platform\backend\node_modules\babel-plugin-macros\dist\index.js.DELETE.fab783a0562a016018fd7d0df52e8cd9'
npm warn tar TAR_ENTRY_ERROR ENOENT: no such file or directory, rename 'H:\coding\lms-platform\backend\node_modules\@emotion\hash\dist\emotion-hash.cjs.default.js' -> 'H:\coding\lms-platform\backend\node_modules\@emotion\hash\dist\emotion-hash.cjs.default.js.DELETE.206ce462084ec796218cdae24a02a607'
npm warn tar TAR_ENTRY_ERROR ENOENT: no such file or directory, rename 'H:\coding\lms-platform\backend\node_modules\@emotion\use-insertion-effect-with-fallbacks\dist\emotion-use-insertion-effect-with-fallbacks.browser.cjs.js' -> 'H:\coding\lms-platform\backend\node_modules\@emotion\use-insertion-effect-with-fallbacks\dist\emotion-use-insertion-effect-with-fallbacks.browser.cjs.js.DELETE.19926e34fdfa19e67ff443477f92c1e7'
npm warn tar TAR_ENTRY_ERROR ENOENT: no such file or directory, rename 'H:\coding\lms-platform\backend\node_modules\@emotion\utils\dist\emotion-utils.browser.cjs.js' -> 'H:\coding\lms-platform\backend\node_modules\@emotion\utils\dist\emotion-utils.browser.cjs.js.DELETE.2b4e33ffd33879f8db99c1fd7af5460b'
npm warn tar TAR_ENTRY_ERROR ENOENT: no such file or directory, rename 'H:\coding\lms-platform\backend\node_modules\@emotion\weak-memoize\dist\emotion-weak-memoize.cjs.default.js' -> 'H:\coding\lms-platform\backend\node_modules\@emotion\weak-memoize\dist\emotion-weak-memoize.cjs.default.js.DELETE.e98d58af650319a579826b86c5b73ba1'
npm warn tar TAR_ENTRY_ERROR ENOENT: no such file or directory, rename 'H:\coding\lms-platform\backend\node_modules\@emotion\memoize\dist\emotion-memoize.cjs.default.js' -> 'H:\coding\lms-platform\backend\node_modules\@emotion\memoize\dist\emotion-memoize.cjs.default.js.DELETE.0b87b946203c6e6691896b32c745fd20'
npm warn tar TAR_ENTRY_ERROR ENOENT: no such file or directory, rename 'H:\coding\lms-platform\backend\node_modules\@emotion\serialize\dist\emotion-serialize.cjs.js' -> 'H:\coding\lms-platform\backend\node_modules\@emotion\serialize\dist\emotion-serialize.cjs.js.DELETE.c5c76db051a444b71bbfdfd38ca23dd4'
npm warn tar TAR_ENTRY_ERROR ENOENT: no such file or directory, rename 'H:\coding\lms-platform\backend\node_modules\use-isomorphic-layout-effect\dist\use-isomorphic-layout-effect.browser.cjs.default.js' -> 'H:\coding\lms-platform\backend\node_modules\use-isomorphic-layout-effect\dist\use-isomorphic-layout-effect.browser.cjs.default.js.DELETE.80b16546dcc5b06476249408c6a8e74f'
npm warn tar TAR_ENTRY_ERROR ENOENT: no such file or directory, rename 'H:\coding\lms-platform\backend\node_modules\@emotion\sheet\dist\emotion-sheet.cjs.js' -> 'H:\coding\lms-platform\backend\node_modules\@emotion\sheet\dist\emotion-sheet.cjs.js.DELETE.ec0cb7b47e295acc8d0a8f9ffa3d48a0'
npm warn tar TAR_ENTRY_ERROR ENOENT: no such file or directory, rename 'H:\coding\lms-platform\backend\node_modules\memoize-one\dist\memoize-one.cjs.js.flow' -> 'H:\coding\lms-platform\backend\node_modules\memoize-one\dist\memoize-one.cjs.js.flow.DELETE.9d8079021a73e594c94bc5070bd0cb03'
npm warn tar TAR_ENTRY_ERROR ENOENT: no such file or directory, rename 'H:\coding\lms-platform\backend\node_modules\@emotion\react\dist\emotion-element-010f37fa.development.edge-light.cjs.js' -> 'H:\coding\lms-platform\backend\node_modules\@emotion\react\dist\emotion-element-010f37fa.development.edge-light.cjs.js.DELETE.275d2643eebd645c197de5c3bb042346'
npm warn tar TAR_ENTRY_ERROR ENOENT: no such file or directory, rename 'H:\coding\lms-platform\backend\node_modules\@emotion\cache\dist\emotion-cache.browser.cjs.default.js' -> 'H:\coding\lms-platform\backend\node_modules\@emotion\cache\dist\emotion-cache.browser.cjs.default.js.DELETE.e1d171e8ddf70367e6ea27b8560945f0'
npm warn tar TAR_ENTRY_ERROR ENOENT: no such file or directory, rename 'H:\coding\lms-platform\backend\node_modules\stylis\src\Enum.js' -> 'H:\coding\lms-platform\backend\node_modules\stylis\src\Enum.js.DELETE.405c75c1ca9883e92ae2b44e993008ed'
npm warn tar TAR_ENTRY_ERROR EPERM: operation not permitted, unlink 'H:\coding\lms-platform\backend\node_modules\@emnapi\runtime\dist\emnapi.cjs.js.DELETE.73cbde4853f3cec9a0098ac76c332397'
npm warn tar TAR_ENTRY_ERROR ENOENT: no such file or directory, rename 'H:\coding\lms-platform\backend\node_modules\micromark-factory-whitespace\dev\index.js' -> 'H:\coding\lms-platform\backend\node_modules\micromark-factory-whitespace\dev\index.js.DELETE.bb9897284e944b6d38c56b827f5173f0'
npm warn tar TAR_ENTRY_ERROR ENOENT: no such file or directory, rename 'H:\coding\lms-platform\backend\node_modules\micromark-factory-label\dev\index.js' -> 'H:\coding\lms-platform\backend\node_modules\micromark-factory-label\dev\index.js.DELETE.db3d6c301292de5bcddea387ffc59271'
npm warn tar TAR_ENTRY_ERROR ENOENT: no such file or directory, rename 'H:\coding\lms-platform\backend\node_modules\micromark-factory-title\dev\index.js' -> 'H:\coding\lms-platform\backend\node_modules\micromark-factory-title\dev\index.js.DELETE.fb0fa0689b770394d8b76486abad4ac3'
npm warn tar TAR_ENTRY_ERROR ENOENT: no such file or directory, rename 'H:\coding\lms-platform\backend\node_modules\micromark-factory-destination\dev\index.js' -> 'H:\coding\lms-platform\backend\node_modules\micromark-factory-destination\dev\index.js.DELETE.4da6c54e0f274bcbf3ac170e02cf48a0'
npm warn tar TAR_ENTRY_ERROR ENOENT: no such file or directory, rename 'H:\coding\lms-platform\backend\node_modules\micromark-util-subtokenize\dev\index.js' -> 'H:\coding\lms-platform\backend\node_modules\micromark-util-subtokenize\dev\index.js.DELETE.edc7cd5361f6b98d8ac420fb3692b626'
npm warn tar TAR_ENTRY_ERROR ENOENT: no such file or directory, rename 'H:\coding\lms-platform\backend\node_modules\micromark-util-chunked\dev\index.js' -> 'H:\coding\lms-platform\backend\node_modules\micromark-util-chunked\dev\index.js.DELETE.1032d4c4dab3ab8b0401d334239cc026'
npm warn tar TAR_ENTRY_ERROR ENOENT: no such file or directory, rename 'H:\coding\lms-platform\backend\node_modules\micromark-factory-space\dev\index.js' -> 'H:\coding\lms-platform\backend\node_modules\micromark-factory-space\dev\index.js.DELETE.5e91f4410ad4e00a095159d0d069b520'
npm warn tar TAR_ENTRY_ERROR ENOENT: no such file or directory, rename 'H:\coding\lms-platform\backend\node_modules\micromark-util-character\dev\index.js' -> 'H:\coding\lms-platform\backend\node_modules\micromark-util-character\dev\index.js.DELETE.a55803936e1d252c1ddb895494d6ed21'
npm warn tar TAR_ENTRY_ERROR ENOENT: no such file or directory, rename 'H:\coding\lms-platform\backend\node_modules\match-sorter\dist\match-sorter.cjs.js' -> 'H:\coding\lms-platform\backend\node_modules\match-sorter\dist\match-sorter.cjs.js.DELETE.88252f39b0002cc0448bd57dd42c4071'
npm warn tar TAR_ENTRY_ERROR ENOENT: no such file or directory, rename 'H:\coding\lms-platform\backend\node_modules\micromark-util-classify-character\dev\index.js' -> 'H:\coding\lms-platform\backend\node_modules\micromark-util-classify-character\dev\index.js.DELETE.76e5ee73b49ff4a9c32d1d40a0b218c7'
npm warn tar TAR_ENTRY_ERROR ENOENT: no such file or directory, rename 'H:\coding\lms-platform\backend\node_modules\micromark-util-sanitize-uri\dev\index.js' -> 'H:\coding\lms-platform\backend\node_modules\micromark-util-sanitize-uri\dev\index.js.DELETE.1f1cd4f13d4257e7aee2ae41a39ebfad'
npm warn tar TAR_ENTRY_ERROR ENOENT: no such file or directory, rename 'H:\coding\lms-platform\backend\node_modules\stringify-entities\lib\core.js' -> 'H:\coding\lms-platform\backend\node_modules\stringify-entities\lib\core.js.DELETE.de9645b7405aed06d5136ad0cc065471'
npm warn tar TAR_ENTRY_ERROR ENOENT: no such file or directory, rename 'H:\coding\lms-platform\backend\node_modules\@ungap\structured-clone\cjs\deserialize.js' -> 'H:\coding\lms-platform\backend\node_modules\@ungap\structured-clone\cjs\deserialize.js.DELETE.1c5ec85b75537249077a93bc93516773'
npm warn tar TAR_ENTRY_ERROR ENOENT: no such file or directory, rename 'H:\coding\lms-platform\backend\node_modules\micromark-util-symbol\lib\codes.js' -> 'H:\coding\lms-platform\backend\node_modules\micromark-util-symbol\lib\codes.js.DELETE.77de8ff12f2dab190d87d34c234e5ce1'
npm warn tar TAR_ENTRY_ERROR ENOENT: no such file or directory, rename 'H:\coding\lms-platform\backend\node_modules\micromark-util-decode-numeric-character-reference\dev\index.js' -> 'H:\coding\lms-platform\backend\node_modules\micromark-util-decode-numeric-character-reference\dev\index.js.DELETE.0166817c1280fc89cf82d22478b5234a'
npm warn tar TAR_ENTRY_ERROR ENOENT: no such file or directory, rename 'H:\coding\lms-platform\backend\node_modules\mdast-util-from-markdown\dev\index.js' -> 'H:\coding\lms-platform\backend\node_modules\mdast-util-from-markdown\dev\index.js.DELETE.46ad847b4f272fd116c9e0b97d0f286c'
npm warn tar TAR_ENTRY_ERROR ENOENT: no such file or directory, rename 'H:\coding\lms-platform\backend\node_modules\property-information\lib\aria.js' -> 'H:\coding\lms-platform\backend\node_modules\property-information\lib\aria.js.DELETE.432cfdb1a9c3964af47e29992219f82e'
npm warn tar TAR_ENTRY_ERROR ENOENT: no such file or directory, rename 'H:\coding\lms-platform\backend\node_modules\style-to-js\cjs\index.js' -> 'H:\coding\lms-platform\backend\node_modules\style-to-js\cjs\index.js.DELETE.62c62ee05076965923100b0d9e27ec3c'
npm warn tar TAR_ENTRY_ERROR ENOENT: no such file or directory, rename 'H:\coding\lms-platform\backend\node_modules\micromark-util-normalize-identifier\dev\index.js' -> 'H:\coding\lms-platform\backend\node_modules\micromark-util-normalize-identifier\dev\index.js.DELETE.fba70215ce11e9c24edaa31cee768c1d'
npm warn tar TAR_ENTRY_ERROR ENOENT: no such file or directory, rename 'H:\coding\lms-platform\backend\node_modules\micromark-util-decode-string\dev\index.js' -> 'H:\coding\lms-platform\backend\node_modules\micromark-util-decode-string\dev\index.js.DELETE.d878280616f626e80b329a2fa6b801e1'
npm warn tar TAR_ENTRY_ERROR ENOENT: no such file or directory, rename 'H:\coding\lms-platform\backend\node_modules\unified\lib\callable-instance.js' -> 'H:\coding\lms-platform\backend\node_modules\unified\lib\callable-instance.js.DELETE.ed6141270332a0dcf7c758e42a8ec81d'
npm warn tar TAR_ENTRY_ERROR ENOENT: no such file or directory, rename 'H:\coding\lms-platform\backend\node_modules\devlop\lib\default.js' -> 'H:\coding\lms-platform\backend\node_modules\devlop\lib\default.js.DELETE.3cfe3238a1879a06bddcf9599f73f56b'
npm warn tar TAR_ENTRY_ERROR ENOENT: no such file or directory, rename 'H:\coding\lms-platform\backend\node_modules\@formatjs\icu-skeleton-parser\lib\date-time.js' -> 'H:\coding\lms-platform\backend\node_modules\@formatjs\icu-skeleton-parser\lib\date-time.js.DELETE.66ced174ce0f9177b6b2c0497a131801'
npm warn tar TAR_ENTRY_ERROR ENOENT: no such file or directory, rename 'H:\coding\lms-platform\backend\node_modules\@formatjs\ecma402-abstract\lib\262.js' -> 'H:\coding\lms-platform\backend\node_modules\@formatjs\ecma402-abstract\lib\262.js.DELETE.1eefd3890abaab152b98c602fe2efef7'
npm warn tar TAR_ENTRY_ERROR ENOENT: no such file or directory, rename 'H:\coding\lms-platform\backend\node_modules\@formatjs\fast-memoize\lib\index.js' -> 'H:\coding\lms-platform\backend\node_modules\@formatjs\fast-memoize\lib\index.js.DELETE.6f95a522dc718d67c32eb3a1eafd7d0a'
npm warn tar TAR_ENTRY_ERROR ENOENT: no such file or directory, rename 'H:\coding\lms-platform\backend\node_modules\react-side-effect\lib\index.es.js' -> 'H:\coding\lms-platform\backend\node_modules\react-side-effect\lib\index.es.js.DELETE.ee246dff5718389346337664e37bea24'
npm warn tar TAR_ENTRY_ERROR ENOENT: no such file or directory, rename 'H:\coding\lms-platform\backend\node_modules\@formatjs\icu-messageformat-parser\lib\date-time-pattern-generator.js' -> 'H:\coding\lms-platform\backend\node_modules\@formatjs\icu-messageformat-parser\lib\date-time-pattern-generator.js.DELETE.9251aec9782ec6ac8071c241baf42798'
npm warn tar TAR_ENTRY_ERROR ENOENT: no such file or directory, rename 'H:\coding\lms-platform\backend\node_modules\upath2\lib\fix.js' -> 'H:\coding\lms-platform\backend\node_modules\upath2\lib\fix.js.DELETE.cf31a5cb3d6b9503f2ff603499ff60be'
npm warn tar TAR_ENTRY_ERROR ENOENT: no such file or directory, rename 'H:\coding\lms-platform\backend\node_modules\detect-libc\lib\detect-libc.js' -> 'H:\coding\lms-platform\backend\node_modules\detect-libc\lib\detect-libc.js.DELETE.936691af4188568c41db4cbe1b82fef9'
npm warn tar TAR_ENTRY_ERROR ENOENT: no such file or directory, rename 'H:\coding\lms-platform\backend\node_modules\source-map-js\lib\array-set.js' -> 'H:\coding\lms-platform\backend\node_modules\source-map-js\lib\array-set.js.DELETE.78c20736438a8a3231bc3f608b7f6108'
npm warn tar TAR_ENTRY_ERROR ENOENT: no such file or directory, rename 'H:\coding\lms-platform\backend\node_modules\nanoid\async\index.browser.cjs' -> 'H:\coding\lms-platform\backend\node_modules\nanoid\async\index.browser.cjs.DELETE.6dd529c2a246262abb13a1d00c063468'
npm warn tar TAR_ENTRY_ERROR ENOENT: no such file or directory, rename 'H:\coding\lms-platform\backend\node_modules\tinyglobby\dist\index.cjs' -> 'H:\coding\lms-platform\backend\node_modules\tinyglobby\dist\index.cjs.DELETE.8fc96f7b222281c5624c433b9c7d754b'
npm warn tar TAR_ENTRY_ERROR ENOENT: no such file or directory, rename 'H:\coding\lms-platform\backend\node_modules\player.style\themes\winamp\assets\BALANCE.BMP' -> 'H:\coding\lms-platform\backend\node_modules\player.style\themes\winamp\assets\BALANCE.BMP.DELETE.2bbfd6c5b3d2996d31850dfe0b6e64aa'
npm warn tar TAR_ENTRY_ERROR ENOENT: no such file or directory, rename 'H:\coding\lms-platform\backend\node_modules\jose\dist\webapi\lib\asn1.js' -> 'H:\coding\lms-platform\backend\node_modules\jose\dist\webapi\lib\asn1.js.DELETE.1e7c7ba41aa4a846d58e688e67f1fb40'
npm warn tar TAR_ENTRY_ERROR ENOENT: no such file or directory, rename 'H:\coding\lms-platform\backend\node_modules\react-intl\lib\src\components\createFormattedComponent.js' -> 'H:\coding\lms-platform\backend\node_modules\react-intl\lib\src\components\createFormattedComponent.js.DELETE.2af29fcd55e512330865f6654050a109'
npm warn tar TAR_ENTRY_ERROR ENOENT: no such file or directory, rename 'H:\coding\lms-platform\backend\node_modules\path-scurry\node_modules\lru-cache\dist\commonjs\browser\diagnostics-channel.js' -> 'H:\coding\lms-platform\backend\node_modules\path-scurry\node_modules\lru-cache\dist\commonjs\browser\diagnostics-channel.js.DELETE.9862b5dc3916e92267ebc82f2a99dc6f'
npm warn tar TAR_ENTRY_ERROR ENOENT: no such file or directory, rename 'H:\coding\lms-platform\backend\node_modules\jwks-rsa\node_modules\jose\dist\browser\lib\aesgcmkw.js' -> 'H:\coding\lms-platform\backend\node_modules\jwks-rsa\node_modules\jose\dist\browser\lib\aesgcmkw.js.DELETE.747fb8683a4c985eb893ca946ca5a826'
npm warn tar TAR_ENTRY_ERROR EPERM: operation not permitted, unlink 'H:\coding\lms-platform\backend\node_modules\he\he.js.DELETE.2247f6d0b63ee64b1e50b9d9af9bb9ff'
npm warn tar TAR_ENTRY_ERROR EPERM: operation not permitted, unlink 'H:\coding\lms-platform\backend\node_modules\router\index.js.DELETE.081a3018ed68de1752e27682af82ade9'
npm warn tar TAR_ENTRY_ERROR EPERM: operation not permitted, unlink 'H:\coding\lms-platform\backend\node_modules\send\index.js.DELETE.1e6bda23bf4237d151c3d02389d7f351'
npm warn tar TAR_ENTRY_ERROR EPERM: operation not permitted, unlink 'H:\coding\lms-platform\backend\node_modules\@swc\core\index.js.DELETE.5182d2318020e4d95c1d916142ca7a33'
npm warn tar TAR_ENTRY_ERROR EPERM: operation not permitted, unlink 'H:\coding\lms-platform\backend\node_modules\csstype\index.js.flow.DELETE.6b9f7eb14fbcc80cce1977d1b33403bc'
npm warn tar TAR_ENTRY_ERROR EPERM: operation not permitted, unlink 'H:\coding\lms-platform\backend\node_modules\file-type\core.js.DELETE.601cec70537ac9c72afba91ecf7a8e01'
npm warn tar TAR_ENTRY_ERROR EPERM: operation not permitted, unlink 'H:\coding\lms-platform\backend\node_modules\castable-video\castable-remote-playback.js.DELETE.f69b75a84cf88d33629451298509d9ac'
npm warn tar TAR_ENTRY_ERROR EPERM: operation not permitted, unlink 'H:\coding\lms-platform\backend\node_modules\json-schema-typed\draft_2019_09.js.DELETE.11e6e5c907a8d184a72b6a4cda468c4d'
npm warn tar TAR_ENTRY_ERROR EPERM: operation not permitted, unlink 'H:\coding\lms-platform\backend\node_modules\helmet\index.cjs.DELETE.d1972512d9ec0a1001674e7668034453'
npm warn tar TAR_ENTRY_ERROR EPERM: operation not permitted, unlink 'H:\coding\lms-platform\backend\node_modules\micromatch\index.js.DELETE.abb3ea1707f1910e9939af04e8eb8b01'
npm warn tar TAR_ENTRY_ERROR EPERM: operation not permitted, unlink 'H:\coding\lms-platform\backend\node_modules\jszip\.jekyll-metadata.DELETE.f0cb7a86596eac7d6a48b02e5aad3a37'
npm warn tar TAR_ENTRY_ERROR EPERM: operation not permitted, unlink 'H:\coding\lms-platform\backend\node_modules\slate\dist\index.js.DELETE.6aac13cdc2c7193d36f4dfa190a710a0'
npm warn tar TAR_ENTRY_ERROR EPERM: operation not permitted, unlink 'H:\coding\lms-platform\backend\node_modules\prettier\index.cjs.DELETE.1944a490ff645c16d001a6a518281de8'
npm warn tar TAR_ENTRY_ERROR EPERM: operation not permitted, unlink 'H:\coding\lms-platform\backend\node_modules\koa-static\History.md.DELETE.e69deb57a0359276a7b177ab4cca05c9'
npm warn tar TAR_ENTRY_ERROR EPERM: operation not permitted, unlink 'H:\coding\lms-platform\backend\node_modules\json-logic-js\LICENSE.DELETE.b7439a9a1ffb966e27f63083b62ab456'
npm warn tar TAR_ENTRY_ERROR EPERM: operation not permitted, unlink 'H:\coding\lms-platform\backend\node_modules\codemirror5\LICENSE.DELETE.fc65c22691ddd67a394aac67e06d64c9'
npm warn tar TAR_ENTRY_ERROR EPERM: operation not permitted, unlink 'H:\coding\lms-platform\backend\node_modules\open\xdg-open.DELETE.05b95d44e9d2a30eef35d4b939c296f9'
npm warn tar TAR_ENTRY_ERROR EPERM: operation not permitted, unlink 'H:\coding\lms-platform\backend\node_modules\@emotion\babel-plugin\node_modules\convert-source-map\index.js.DELETE.3955c58893e9ec068d805918a4866b16'
npm warn tar TAR_ENTRY_ERROR EPERM: operation not permitted, unlink 'H:\coding\lms-platform\backend\node_modules\find-yarn-workspace-root2\node_modules\find-up\index.js.DELETE.ecf2cf8af633193fa0285fd48a10b59e'
npm warn tar TAR_ENTRY_ERROR EPERM: operation not permitted, unlink 'H:\coding\lms-platform\backend\node_modules\resolve-path\node_modules\http-errors\README.md.DELETE.7078240d9be519b3c87aed308dc109e4'
npm warn tar TAR_ENTRY_ERROR EPERM: operation not permitted, unlink 'H:\coding\lms-platform\backend\node_modules\source-map-support\node_modules\source-map\README.md.DELETE.7ca8b52be6315e5a6e8c9d03deaf8316'
npm warn tar TAR_ENTRY_ERROR EPERM: operation not permitted, unlink 'H:\coding\lms-platform\backend\node_modules\clean-css\node_modules\source-map\README.md.DELETE.4b712054c6ab0a0c298644dccc0269d0'
npm warn tar TAR_ENTRY_ERROR EPERM: operation not permitted, unlink 'H:\coding\lms-platform\backend\node_modules\terser\node_modules\commander\index.js.DELETE.e6a201ed9c3baf6863eb9d58c173d3c9'
npm warn tar TAR_ENTRY_ERROR EPERM: operation not permitted, unlink 'H:\coding\lms-platform\backend\node_modules\handlebars\node_modules\source-map\README.md.DELETE.51be917ac059656a6f375c53891ca79e'
npm warn tar TAR_ENTRY_ERROR EPERM: operation not permitted, unlink 'H:\coding\lms-platform\backend\node_modules\koa-compress\node_modules\statuses\README.md.DELETE.1b1d65895c4cad0818cfaa76db6bffd1'
npm warn tar TAR_ENTRY_ERROR EPERM: operation not permitted, unlink 'H:\coding\lms-platform\backend\node_modules\express\node_modules\mime-types\index.js.DELETE.4b8fcb77d02d7919c23c4d8164fcb137'
npm warn tar TAR_ENTRY_ERROR EPERM: operation not permitted, unlink 'H:\coding\lms-platform\backend\node_modules\nodemon\node_modules\minimatch\minimatch.js.DELETE.bc730c6ef754593ef6b35cd75f8d0f85'
npm warn tar TAR_ENTRY_ERROR EPERM: operation not permitted, unlink 'H:\coding\lms-platform\backend\node_modules\fork-ts-checker-webpack-plugin\node_modules\schema-utils\CHANGELOG.md.DELETE.2f8ff1bc15cc23b1c5ad48411285b86f'
npm warn tar TAR_ENTRY_ERROR EPERM: operation not permitted, unlink 'H:\coding\lms-platform\backend\node_modules\prop-types\node_modules\react-is\build-info.json.DELETE.714d22f4b1fe5d6bd37d359995bb79eb'
npm warn tar TAR_ENTRY_ERROR EPERM: operation not permitted, unlink 'H:\coding\lms-platform\backend\node_modules\nodemon\node_modules\supports-color\browser.js.DELETE.037521480ba3d6e61136e0e05c51749f'
npm warn tar TAR_ENTRY_ERROR EPERM: operation not permitted, unlink 'H:\coding\lms-platform\backend\node_modules\cliui\build\index.d.cts.DELETE.3c38739f6c662acabf3faea8aaffac2f'
npm warn tar TAR_ENTRY_ERROR EPERM: operation not permitted, unlink 'H:\coding\lms-platform\backend\node_modules\ansi-html-community\LICENSE.DELETE.79e06bd91d5a1321849208e45e9b16e2'
npm warn tar TAR_ENTRY_ERROR EPERM: operation not permitted, unlink 'H:\coding\lms-platform\backend\node_modules\chrome-trace-event\package.json.DELETE.a93931c58cd9fd8367b27af2dbab9ef6'
npm warn tar TAR_ENTRY_ERROR EPERM: operation not permitted, unlink 'H:\coding\lms-platform\backend\node_modules\acorn\LICENSE.DELETE.932caa36c65c0faafa584029446c2219'
npm warn tar TAR_ENTRY_ERROR EPERM: operation not permitted, unlink 'H:\coding\lms-platform\backend\node_modules\motion-dom\dist\motion-dom.dev.js.DELETE.9f22cbe8c1ef270d9316cabe9a8f0ccd'
npm warn tar TAR_ENTRY_ERROR UNKNOWN: unknown error, open 'H:\coding\lms-platform\backend\node_modules\@strapi\admin\node_modules\use-context-selector\dist\index.modern.js'
npm warn tar TAR_ENTRY_ERROR EPERM: operation not permitted, unlink 'H:\coding\lms-platform\backend\node_modules\uglify-js\bin\uglifyjs.DELETE.ed902b183cef1fab834bb8ac96f9787d'
npm warn tar TAR_ENTRY_ERROR EPERM: operation not permitted, unlink 'H:\coding\lms-platform\backend\node_modules\webpack-sources\lib\CachedSource.js.DELETE.3c8998d7d0edd003335cf3718ad6db35'
npm warn tar TAR_ENTRY_ERROR EPERM: operation not permitted, unlink 'H:\coding\lms-platform\backend\node_modules\get-tsconfig\dist\index.cjs.DELETE.f79aed97f36bf410fc8455716e4f8e1e'
npm warn tar TAR_ENTRY_ERROR EPERM: operation not permitted, unlink 'H:\coding\lms-platform\backend\node_modules\postcss-modules-local-by-default\src\index.js.DELETE.4c8a219a98ff3b4afee56cafdcaf5fb7'
npm warn tar TAR_ENTRY_ERROR EPERM: operation not permitted, unlink 'H:\coding\lms-platform\backend\node_modules\meow\build\dependencies.js.DELETE.14671b7c6aa8fe1d8d70b84d0490ecee'
npm warn tar TAR_ENTRY_ERROR EPERM: operation not permitted, unlink 'H:\coding\lms-platform\backend\node_modules\@codemirror\lint\dist\index.cjs.DELETE.9fff794a6f9f03f05fbc9dff4e65e0bd'
npm warn tar TAR_ENTRY_ERROR EPERM: operation not permitted, unlink 'H:\coding\lms-platform\backend\node_modules\@codemirror\search\dist\index.cjs.DELETE.1c9aedade1ed686fd9b31eb286ecb170'
npm warn tar TAR_ENTRY_ERROR EPERM: operation not permitted, unlink 'H:\coding\lms-platform\backend\node_modules\@codemirror\autocomplete\dist\index.cjs.DELETE.869a762f9b0906fa502be990895beb70'
npm warn tar TAR_ENTRY_ERROR EPERM: operation not permitted, unlink 'H:\coding\lms-platform\backend\node_modules\@mux\mux-video\dist\index.cjs.js.DELETE.6af65671c7175f5cb2198b3441936d7e'
npm warn tar TAR_ENTRY_ERROR EPERM: operation not permitted, unlink 'H:\coding\lms-platform\backend\node_modules\@mux\playback-core\dist\index.cjs.js.DELETE.40361ea199e258aa59535a4b22c14586'
npm warn tar TAR_ENTRY_ERROR EPERM: operation not permitted, unlink 'H:\coding\lms-platform\backend\node_modules\@mux\mux-player\dist\index.cjs.js.DELETE.a94a66254db988caf2368b8f8789348b'
npm warn tar TAR_ENTRY_ERROR EPERM: operation not permitted, unlink 'H:\coding\lms-platform\backend\node_modules\express\lib\application.js.DELETE.a128a3ed1df7ba8f3ca2fc6e8a56fe0b'
npm warn tar TAR_ENTRY_ERROR EPERM: operation not permitted, unlink 'H:\coding\lms-platform\backend\node_modules\sharp\src\common.cc.DELETE.fb3b7497eaaa27a4bef8e45aeb938e53'
npm warn tar TAR_ENTRY_ERROR EPERM: operation not permitted, unlink 'H:\coding\lms-platform\backend\node_modules\@codemirror\commands\dist\index.cjs.DELETE.c038adfbc25c2a059438924dfc10127c'
npm warn tar TAR_ENTRY_ERROR EPERM: operation not permitted, unlink 'H:\coding\lms-platform\backend\node_modules\path-to-regexp\dist.es2015\index.js.DELETE.1d05ba8a738e0a636a178255473da1da'
npm warn tar TAR_ENTRY_ERROR EPERM: operation not permitted, unlink 'H:\coding\lms-platform\backend\node_modules\swr\dist\config-context-s960zqob.js.DELETE.c41c42ca86814b39134ad43ef83b5582'
npm warn tar TAR_ENTRY_ERROR EPERM: operation not permitted, unlink 'H:\coding\lms-platform\backend\node_modules\markdown-it\dist\index.cjs.js.DELETE.4b17b159fd8a7f3c9fb2b3fac21b6eae'
npm warn tar TAR_ENTRY_ERROR EPERM: operation not permitted, unlink 'H:\coding\lms-platform\backend\node_modules\react-helmet\es\Helmet.js.DELETE.f32249d098fd7596ac11a34a93c3804d'
npm warn tar TAR_ENTRY_ERROR EPERM: operation not permitted, unlink 'H:\coding\lms-platform\backend\node_modules\@dnd-kit\core\dist\core.cjs.development.js.DELETE.a8424d710e4ed627ca3697d7bf747e3d'
npm warn tar TAR_ENTRY_ERROR EPERM: operation not permitted, unlink 'H:\coding\lms-platform\backend\node_modules\webpack-bundle-analyzer\lib\analyzer.js.DELETE.f2afeed0996ba50eafd3b1ec26ed36a9'
npm warn tar TAR_ENTRY_ERROR EPERM: operation not permitted, unlink 'H:\coding\lms-platform\backend\node_modules\nodemon\bin\windows-kill.exe.DELETE.296b278f501f5a5f6bf121f8d1057e21'
npm warn tar TAR_ENTRY_ERROR EPERM: operation not permitted, unlink 'H:\coding\lms-platform\backend\node_modules\@floating-ui\dom\dist\floating-ui.dom.esm.js.DELETE.d45f30f9759f5e9d803f1e496351b780'
npm warn tar TAR_ENTRY_ERROR EPERM: operation not permitted, unlink 'H:\coding\lms-platform\backend\node_modules\@lezer\highlight\dist\index.cjs.DELETE.401e1f13d67d91a3ed2489b7654a45b2'
npm warn tar TAR_ENTRY_ERROR EPERM: operation not permitted, unlink 'H:\coding\lms-platform\backend\node_modules\@lezer\lr\dist\index.cjs.DELETE.f95d9943af102ea5a9f89c320f9769b2'
npm warn tar TAR_ENTRY_ERROR EPERM: operation not permitted, unlink 'H:\coding\lms-platform\backend\node_modules\@lezer\common\dist\index.cjs.DELETE.bba48dc19486f3c6238ec0853b4faf41'
npm warn tar TAR_ENTRY_ERROR EPERM: operation not permitted, unlink 'H:\coding\lms-platform\backend\node_modules\@strapi\ui-primitives\dist\index.js.DELETE.377e03014b15afd9ad40228d55f2f565'
npm warn tar TAR_ENTRY_ERROR EPERM: operation not permitted, unlink 'H:\coding\lms-platform\backend\node_modules\@codemirror\language\dist\index.cjs.DELETE.2446a94986abf47faed4483e5ad73543'
npm warn tar TAR_ENTRY_ERROR EPERM: operation not permitted, unlink 'H:\coding\lms-platform\backend\node_modules\react-query\dist\broadcastQueryClient-experimental.development.js.DELETE.64122ce5c892d2211cd3909ddd4fde88'
npm warn tar TAR_ENTRY_ERROR EPERM: operation not permitted, unlink 'H:\coding\lms-platform\backend\node_modules\styled-components\dist\styled-components.browser.cjs.js.DELETE.ff2bbfd22394cf5dc8183294d0866539'
npm warn tar TAR_ENTRY_ERROR ENOENT: no such file or directory, rename 'H:\coding\lms-platform\backend\node_modules\open\index.js' -> 'H:\coding\lms-platform\backend\node_modules\open\index.js.DELETE.66e415497a9c7692eaa6634912d75ca0'
npm warn tar TAR_ENTRY_ERROR EPERM: operation not permitted, unlink 'H:\coding\lms-platform\backend\node_modules\@codemirror\state\dist\index.cjs.DELETE.14ce9774f66d3f77b04ba642113b1676'
npm warn tar TAR_ENTRY_ERROR EPERM: operation not permitted, unlink 'H:\coding\lms-platform\backend\node_modules\tinyglobby\node_modules\fdir\dist\index.cjs.DELETE.879a57d64cc7eb8c2b6bbf9b3bdf3713'
npm warn tar TAR_ENTRY_ERROR ENOENT: no such file or directory, rename 'H:\coding\lms-platform\backend\node_modules\resolve-path\node_modules\http-errors\LICENSE' -> 'H:\coding\lms-platform\backend\node_modules\resolve-path\node_modules\http-errors\LICENSE.DELETE.9021f7d37b211dbba16e75aa004e1cdf'
npm warn tar TAR_ENTRY_ERROR ENOENT: no such file or directory, rename 'H:\coding\lms-platform\backend\node_modules\koa-compress\node_modules\statuses\LICENSE' -> 'H:\coding\lms-platform\backend\node_modules\koa-compress\node_modules\statuses\LICENSE.DELETE.7c64f0a2380ba7d029d5a979053c0dce'
npm warn tar TAR_ENTRY_ERROR ENOENT: no such file or directory, rename 'H:\coding\lms-platform\backend\node_modules\express\node_modules\mime-types\mimeScore.js' -> 'H:\coding\lms-platform\backend\node_modules\express\node_modules\mime-types\mimeScore.js.DELETE.215249b52c1e7d984e45e26bc3152987'
npm warn tar TAR_ENTRY_ERROR ENOENT: no such file or directory, rename 'H:\coding\lms-platform\backend\node_modules\prop-types\node_modules\react-is\index.js' -> 'H:\coding\lms-platform\backend\node_modules\prop-types\node_modules\react-is\index.js.DELETE.fcdd4d661739a89fa89708ea5b5d94b1'
npm warn tar TAR_ENTRY_ERROR ENOENT: no such file or directory, rename 'H:\coding\lms-platform\backend\node_modules\nodemon\node_modules\supports-color\index.js' -> 'H:\coding\lms-platform\backend\node_modules\nodemon\node_modules\supports-color\index.js.DELETE.8691efd7979319411ecb6149df62e840'
npm warn tar TAR_ENTRY_ERROR ENOENT: no such file or directory, rename 'H:\coding\lms-platform\backend\node_modules\uri-js\dist\esnext\schemes\http.js' -> 'H:\coding\lms-platform\backend\node_modules\uri-js\dist\esnext\schemes\http.js.DELETE.1fb2a049debc9f0981d7386ff41b3d9a'
npm warn tar TAR_ENTRY_ERROR ENOENT: no such file or directory, rename 'H:\coding\lms-platform\backend\node_modules\os-paths\dist\cjs\platform-adapters\_base.js' -> 'H:\coding\lms-platform\backend\node_modules\os-paths\dist\cjs\platform-adapters\_base.js.DELETE.7f65bb9b25e0dba8c2bef87d8f0bccb2'
npm warn tar TAR_ENTRY_ERROR ENOENT: no such file or directory, rename 'H:\coding\lms-platform\backend\node_modules\xdg-portable\dist\cjs\platform-adapters\_base.js' -> 'H:\coding\lms-platform\backend\node_modules\xdg-portable\dist\cjs\platform-adapters\_base.js.DELETE.6ac38af170669a1df15cac9c162e81d7'
npm warn tar TAR_ENTRY_ERROR ENOENT: no such file or directory, rename 'H:\coding\lms-platform\backend\node_modules\@img\colour\package.json' -> 'H:\coding\lms-platform\backend\node_modules\@img\colour\package.json.DELETE.6adf2db5e0fd053571d0b27613bfe458'
npm warn tar TAR_ENTRY_ERROR ENOENT: no such file or directory, rename 'H:\coding\lms-platform\backend\node_modules\node-abi\abi_registry.json' -> 'H:\coding\lms-platform\backend\node_modules\node-abi\abi_registry.json.DELETE.7f87a3acd80924fe1a82f844f726c735'
npm warn tar TAR_ENTRY_ERROR ENOENT: no such file or directory, rename 'H:\coding\lms-platform\backend\node_modules\@types\through\index.d.ts' -> 'H:\coding\lms-platform\backend\node_modules\@types\through\index.d.ts.DELETE.e608dd0f7f78cb57b7399e48362e2119'
npm warn tar TAR_ENTRY_ERROR ENOENT: no such file or directory, rename 'H:\coding\lms-platform\backend\node_modules\expand-tilde\LICENSE' -> 'H:\coding\lms-platform\backend\node_modules\expand-tilde\LICENSE.DELETE.80ce27cd0a12216a829badd6c72c81e0'
npm warn tar TAR_ENTRY_ERROR ENOENT: no such file or directory, rename 'H:\coding\lms-platform\backend\node_modules\detect-file\LICENSE' -> 'H:\coding\lms-platform\backend\node_modules\detect-file\LICENSE.DELETE.773f79bdfeeaebd8b0067241fae206bc'
npm warn tar TAR_ENTRY_ERROR ENOENT: no such file or directory, rename 'H:\coding\lms-platform\backend\node_modules\parse-filepath\LICENSE' -> 'H:\coding\lms-platform\backend\node_modules\parse-filepath\LICENSE.DELETE.f18ac5ae892f73b4232401797df79a8a'
npm warn tar TAR_ENTRY_ERROR ENOENT: no such file or directory, rename 'H:\coding\lms-platform\backend\node_modules\extend\.eslintrc' -> 'H:\coding\lms-platform\backend\node_modules\extend\.eslintrc.DELETE.8c03ae1ab9e1d234c19d2b58aab7fdeb'
npm warn tar TAR_ENTRY_ERROR ENOENT: no such file or directory, rename 'H:\coding\lms-platform\backend\node_modules\resolve-dir\LICENSE' -> 'H:\coding\lms-platform\backend\node_modules\resolve-dir\LICENSE.DELETE.cbfcee4e1ae451456508058e81ae04b1'
npm warn tar TAR_ENTRY_ERROR ENOENT: no such file or directory, rename 'H:\coding\lms-platform\backend\node_modules\fined\package.json' -> 'H:\coding\lms-platform\backend\node_modules\fined\package.json.DELETE.cfb96f335ea38f28c3f70038af35a3de'
npm warn tar TAR_ENTRY_ERROR ENOENT: no such file or directory, rename 'H:\coding\lms-platform\backend\node_modules\@types\fined\index.d.ts' -> 'H:\coding\lms-platform\backend\node_modules\@types\fined\index.d.ts.DELETE.a59dfef3c957cb2ad12be4c511b09c08'
npm warn tar TAR_ENTRY_ERROR ENOENT: no such file or directory, rename 'H:\coding\lms-platform\backend\node_modules\v8flags\index.js' -> 'H:\coding\lms-platform\backend\node_modules\v8flags\index.js.DELETE.9242cf550567eb4da289ad23842e8c2b'
npm warn tar TAR_ENTRY_ERROR ENOENT: no such file or directory, rename 'H:\coding\lms-platform\backend\node_modules\@types\liftoff\index.d.ts' -> 'H:\coding\lms-platform\backend\node_modules\@types\liftoff\index.d.ts.DELETE.051c50a771a99685394b0b6ee125eea5'
npm warn tar TAR_ENTRY_ERROR ENOENT: no such file or directory, rename 'H:\coding\lms-platform\backend\node_modules\path-exists\license' -> 'H:\coding\lms-platform\backend\node_modules\path-exists\license.DELETE.f9151bf8c0ccbebbfd8f1cf74ec7f1d9'
npm warn tar TAR_ENTRY_ERROR ENOENT: no such file or directory, rename 'H:\coding\lms-platform\backend\node_modules\object.defaults\LICENSE' -> 'H:\coding\lms-platform\backend\node_modules\object.defaults\LICENSE.DELETE.430d439098c476d6fcf97fefc9185cab'
npm warn tar TAR_ENTRY_ERROR ENOENT: no such file or directory, rename 'H:\coding\lms-platform\backend\node_modules\pause\index.js' -> 'H:\coding\lms-platform\backend\node_modules\pause\index.js.DELETE.444f1eed22adf1481a95ea080111435f'
npm warn tar TAR_ENTRY_ERROR ENOENT: no such file or directory, rename 'H:\coding\lms-platform\backend\node_modules\locate-path\license' -> 'H:\coding\lms-platform\backend\node_modules\locate-path\license.DELETE.09602adc79bae0d4cc57ef103b5e2815'
npm warn tar TAR_ENTRY_ERROR ENOENT: no such file or directory, rename 'H:\coding\lms-platform\backend\node_modules\utils-merge\README.md' -> 'H:\coding\lms-platform\backend\node_modules\utils-merge\README.md.DELETE.404a59b4ff0d8d8f51f54854a76d986a'
npm warn tar TAR_ENTRY_ERROR ENOENT: no such file or directory, rename 'H:\coding\lms-platform\backend\node_modules\p-limit\package.json' -> 'H:\coding\lms-platform\backend\node_modules\p-limit\package.json.DELETE.bfb5d628ae6afef1e18dee859c9479a6'
npm warn tar TAR_ENTRY_ERROR ENOENT: no such file or directory, rename 'H:\coding\lms-platform\backend\node_modules\find-up\license' -> 'H:\coding\lms-platform\backend\node_modules\find-up\license.DELETE.d4a595f38f29f86517d3623aabc94cbe'
npm warn tar TAR_ENTRY_ERROR ENOENT: no such file or directory, rename 'H:\coding\lms-platform\backend\node_modules\p-try\index.js' -> 'H:\coding\lms-platform\backend\node_modules\p-try\index.js.DELETE.f18d7ac280ca9686ffec19b2add233bf'
npm warn tar TAR_ENTRY_ERROR ENOENT: no such file or directory, rename 'H:\coding\lms-platform\backend\node_modules\passport-strategy\LICENSE' -> 'H:\coding\lms-platform\backend\node_modules\passport-strategy\LICENSE.DELETE.c5507ecc61ea872caf37229bc4b93461'
npm warn tar TAR_ENTRY_ERROR ENOENT: no such file or directory, rename 'H:\coding\lms-platform\backend\node_modules\is-arrayish\README.md' -> 'H:\coding\lms-platform\backend\node_modules\is-arrayish\README.md.DELETE.61e70a8cd90fff3335832aa507c33d06'
npm warn tar TAR_ENTRY_ERROR ENOENT: no such file or directory, rename 'H:\coding\lms-platform\backend\node_modules\error-ex\package.json' -> 'H:\coding\lms-platform\backend\node_modules\error-ex\package.json.DELETE.8dbf97d9a4721d93c9d31379f4f1c06a'
npm warn tar TAR_ENTRY_ERROR ENOENT: no such file or directory, rename 'H:\coding\lms-platform\backend\node_modules\indent-string\index.js' -> 'H:\coding\lms-platform\backend\node_modules\indent-string\index.js.DELETE.4d70f630d6797f70abeacf28e9455fbe'
npm warn tar TAR_ENTRY_ERROR ENOENT: no such file or directory, rename 'H:\coding\lms-platform\backend\node_modules\callsites\index.js' -> 'H:\coding\lms-platform\backend\node_modules\callsites\index.js.DELETE.d48cd07eadf42bb3e098b24c78a70adf'
npm warn tar TAR_ENTRY_ERROR ENOENT: no such file or directory, rename 'H:\coding\lms-platform\backend\node_modules\restore-cursor\index.js' -> 'H:\coding\lms-platform\backend\node_modules\restore-cursor\index.js.DELETE.7f188739abbe3525a5729425965fd67e'
npm warn tar TAR_ENTRY_ERROR ENOENT: no such file or directory, rename 'H:\coding\lms-platform\backend\node_modules\clean-stack\index.js' -> 'H:\coding\lms-platform\backend\node_modules\clean-stack\index.js.DELETE.b98d31e9b3c3143d092b7d1b0768777e'
npm warn tar TAR_ENTRY_ERROR ENOENT: no such file or directory, rename 'H:\coding\lms-platform\backend\node_modules\is-unicode-supported\package.json' -> 'H:\coding\lms-platform\backend\node_modules\is-unicode-supported\package.json.DELETE.d29945ddfc8a8e2ee32087cf64d62fe0'
npm warn tar TAR_ENTRY_ERROR ENOENT: no such file or directory, rename 'H:\coding\lms-platform\backend\node_modules\is-wsl\package.json' -> 'H:\coding\lms-platform\backend\node_modules\is-wsl\package.json.DELETE.274971fe8f326a563ee0c79d1032a583'
npm warn tar TAR_ENTRY_ERROR ENOENT: no such file or directory, rename 'H:\coding\lms-platform\backend\node_modules\wcwidth\LICENSE' -> 'H:\coding\lms-platform\backend\node_modules\wcwidth\LICENSE.DELETE.16f067db1f8ceecef547216bbfa1eb68'
npm warn tar TAR_ENTRY_ERROR ENOENT: no such file or directory, rename 'H:\coding\lms-platform\backend\node_modules\aggregate-error\package.json' -> 'H:\coding\lms-platform\backend\node_modules\aggregate-error\package.json.DELETE.b774676b0cceaae0c0c1ebaef5cbb413'
npm warn tar TAR_ENTRY_ERROR ENOENT: no such file or directory, rename 'H:\coding\lms-platform\backend\node_modules\undefsafe\LICENSE' -> 'H:\coding\lms-platform\backend\node_modules\undefsafe\LICENSE.DELETE.1dd10536e4503d957f3fae47f413af9d'
npm warn tar TAR_ENTRY_ERROR ENOENT: no such file or directory, rename 'H:\coding\lms-platform\backend\node_modules\cli-cursor\index.js' -> 'H:\coding\lms-platform\backend\node_modules\cli-cursor\index.js.DELETE.db79eb5d92077902c9f10e7fb117e21f'
npm warn tar TAR_ENTRY_ERROR ENOENT: no such file or directory, rename 'H:\coding\lms-platform\backend\node_modules\sorted-array-functions\index.js' -> 'H:\coding\lms-platform\backend\node_modules\sorted-array-functions\index.js.DELETE.bf360bf3c4d0dcb13ed58bf133b01303'
npm warn tar TAR_ENTRY_ERROR ENOENT: no such file or directory, rename 'H:\coding\lms-platform\backend\node_modules\ee-first\LICENSE' -> 'H:\coding\lms-platform\backend\node_modules\ee-first\LICENSE.DELETE.be01f26b7c03574106f3ec6a6f28ecad'
npm warn tar TAR_ENTRY_ERROR ENOENT: no such file or directory, rename 'H:\coding\lms-platform\backend\node_modules\thenify-all\LICENSE' -> 'H:\coding\lms-platform\backend\node_modules\thenify-all\LICENSE.DELETE.68ca0ac49d941996019ca035cb77e6f3'
npm warn tar TAR_ENTRY_ERROR ENOENT: no such file or directory, rename 'H:\coding\lms-platform\backend\node_modules\cli-spinners\package.json' -> 'H:\coding\lms-platform\backend\node_modules\cli-spinners\package.json.DELETE.01566527f2f833dd786e903f29ccf71f'
npm warn tar TAR_ENTRY_ERROR ENOENT: no such file or directory, rename 'H:\coding\lms-platform\backend\node_modules\any-promise\README.md' -> 'H:\coding\lms-platform\backend\node_modules\any-promise\README.md.DELETE.b360b3904f823ad161a9a9c154844cb7'
npm warn tar TAR_ENTRY_ERROR ENOENT: no such file or directory, rename 'H:\coding\lms-platform\backend\node_modules\mimic-fn\index.js' -> 'H:\coding\lms-platform\backend\node_modules\mimic-fn\index.js.DELETE.a5991f7f5be883fd28fd27dbfcd2c339'
npm warn tar TAR_ENTRY_ERROR ENOENT: no such file or directory, rename 'H:\coding\lms-platform\backend\node_modules\define-lazy-prop\index.js' -> 'H:\coding\lms-platform\backend\node_modules\define-lazy-prop\index.js.DELETE.038e4b53dee900aba85dc0cb8f6593cb'
npm warn tar TAR_ENTRY_ERROR ENOENT: no such file or directory, rename 'H:\coding\lms-platform\backend\node_modules\long-timeout\example.js' -> 'H:\coding\lms-platform\backend\node_modules\long-timeout\example.js.DELETE.50a52ac81e8cab5b71b5775071a0ec07'
npm warn tar TAR_ENTRY_ERROR ENOENT: no such file or directory, rename 'H:\coding\lms-platform\backend\node_modules\log-symbols\index.js' -> 'H:\coding\lms-platform\backend\node_modules\log-symbols\index.js.DELETE.29c38cf66b335520502ae865b9897a9e'
npm warn tar TAR_ENTRY_ERROR ENOENT: no such file or directory, rename 'H:\coding\lms-platform\backend\node_modules\lodash.clonedeep\LICENSE' -> 'H:\coding\lms-platform\backend\node_modules\lodash.clonedeep\LICENSE.DELETE.34f6141525dcd9934066c5101a4af693'
npm warn tar TAR_ENTRY_ERROR ENOENT: no such file or directory, rename 'H:\coding\lms-platform\backend\node_modules\@types\http-assert\index.d.ts' -> 'H:\coding\lms-platform\backend\node_modules\@types\http-assert\index.d.ts.DELETE.a06e3ae5873ab4b8d66043fb93a2a706'
npm warn tar TAR_ENTRY_ERROR ENOENT: no such file or directory, rename 'H:\coding\lms-platform\backend\node_modules\safe-regex-test\LICENSE' -> 'H:\coding\lms-platform\backend\node_modules\safe-regex-test\LICENSE.DELETE.67feb973f5b806901d24c9812516f0d1'
npm warn tar TAR_ENTRY_ERROR ENOENT: no such file or directory, rename 'H:\coding\lms-platform\backend\node_modules\ieee754\package.json' -> 'H:\coding\lms-platform\backend\node_modules\ieee754\package.json.DELETE.0e7f8d79d5704f733bead0b36fd3e960'
npm warn tar TAR_ENTRY_ERROR ENOENT: no such file or directory, rename 'H:\coding\lms-platform\backend\node_modules\formidable\README.md' -> 'H:\coding\lms-platform\backend\node_modules\formidable\README.md.DELETE.7ea31afa653c4c8b07173603533028e6'
npm warn tar TAR_ENTRY_ERROR ENOENT: no such file or directory, rename 'H:\coding\lms-platform\backend\node_modules\@types\koa-compose\index.d.ts' -> 'H:\coding\lms-platform\backend\node_modules\@types\koa-compose\index.d.ts.DELETE.bf6f666ee985c0f8fb44483e20b61257'
npm warn tar TAR_ENTRY_ERROR ENOENT: no such file or directory, rename 'H:\coding\lms-platform\backend\node_modules\deep-equal\index.js' -> 'H:\coding\lms-platform\backend\node_modules\deep-equal\index.js.DELETE.7cf9e0d2bc96bfbb4ca6e1aebe73d23d'
npm warn tar TAR_ENTRY_ERROR ENOENT: no such file or directory, rename 'H:\coding\lms-platform\backend\node_modules\ylru\package.json' -> 'H:\coding\lms-platform\backend\node_modules\ylru\package.json.DELETE.2b057fa62117f10763c56458831daf6e'
npm warn tar TAR_ENTRY_ERROR ENOENT: no such file or directory, rename 'H:\coding\lms-platform\backend\node_modules\tildify\index.js' -> 'H:\coding\lms-platform\backend\node_modules\tildify\index.js.DELETE.689ebe681a513866e38f048562bba914'
npm warn tar TAR_ENTRY_ERROR ENOENT: no such file or directory, rename 'H:\coding\lms-platform\backend\node_modules\http-assert\package.json' -> 'H:\coding\lms-platform\backend\node_modules\http-assert\package.json.DELETE.939595d273e595d5a0a64992e9472a2e'
npm warn tar TAR_ENTRY_ERROR ENOENT: no such file or directory, rename 'H:\coding\lms-platform\backend\node_modules\cache-content-type\index.js' -> 'H:\coding\lms-platform\backend\node_modules\cache-content-type\index.js.DELETE.4603284a33289218c5343b27027e715d'
npm warn tar TAR_ENTRY_ERROR ENOENT: no such file or directory, rename 'H:\coding\lms-platform\backend\node_modules\destroy\package.json' -> 'H:\coding\lms-platform\backend\node_modules\destroy\package.json.DELETE.8b3dea8c52a11b63515414cc236775d7'
npm warn tar TAR_ENTRY_ERROR ENOENT: no such file or directory, rename 'H:\coding\lms-platform\backend\node_modules\@types\formidable\LICENSE' -> 'H:\coding\lms-platform\backend\node_modules\@types\formidable\LICENSE.DELETE.e57c254a7d51c22205d1d2b9fd8b5bd2'
npm warn tar TAR_ENTRY_ERROR ENOENT: no such file or directory, rename 'H:\coding\lms-platform\backend\node_modules\only\index.js' -> 'H:\coding\lms-platform\backend\node_modules\only\index.js.DELETE.65d42edff648ba5dc961a58d65846af8'
npm warn tar TAR_ENTRY_ERROR ENOENT: no such file or directory, rename 'H:\coding\lms-platform\backend\node_modules\koa-convert\package.json' -> 'H:\coding\lms-platform\backend\node_modules\koa-convert\package.json.DELETE.a956b53d53a1505fa31d60d4a415c5d6'
npm warn tar TAR_ENTRY_ERROR ENOENT: no such file or directory, rename 'H:\coding\lms-platform\backend\node_modules\interpret\index.js' -> 'H:\coding\lms-platform\backend\node_modules\interpret\index.js.DELETE.cb11933c030e994e6429c5a69d102e3a'
npm warn tar TAR_ENTRY_ERROR ENOENT: no such file or directory, rename 'H:\coding\lms-platform\backend\node_modules\pg-connection-string\package.json' -> 'H:\coding\lms-platform\backend\node_modules\pg-connection-string\package.json.DELETE.ef1bfd5c33c2973d583227a070792e82'
npm warn tar TAR_ENTRY_ERROR ENOENT: no such file or directory, rename 'H:\coding\lms-platform\backend\node_modules\get-package-type\cache.cjs' -> 'H:\coding\lms-platform\backend\node_modules\get-package-type\cache.cjs.DELETE.7a6590da01b38627af29656f6b919642'
npm warn tar TAR_ENTRY_ERROR ENOENT: no such file or directory, rename 'H:\coding\lms-platform\backend\node_modules\safe-buffer\package.json' -> 'H:\coding\lms-platform\backend\node_modules\safe-buffer\package.json.DELETE.258d99e23e578e9657a0093f20c8551e'
npm warn tar TAR_ENTRY_ERROR ENOENT: no such file or directory, rename 'H:\coding\lms-platform\backend\node_modules\esm\index.js' -> 'H:\coding\lms-platform\backend\node_modules\esm\index.js.DELETE.c0ae85b13fd394be84c4f47ca4a1584b'
npm warn tar TAR_ENTRY_ERROR ENOENT: no such file or directory, rename 'H:\coding\lms-platform\backend\node_modules\ecdsa-sig-formatter\LICENSE' -> 'H:\coding\lms-platform\backend\node_modules\ecdsa-sig-formatter\LICENSE.DELETE.984f88b8b7bfb324401b43f8bc58bfad'
npm warn tar TAR_ENTRY_ERROR ENOENT: no such file or directory, rename 'H:\coding\lms-platform\backend\node_modules\@types\http-errors\index.d.ts' -> 'H:\coding\lms-platform\backend\node_modules\@types\http-errors\index.d.ts.DELETE.8903651f948d3e44cb410889f2183c27'
npm warn tar TAR_ENTRY_ERROR ENOENT: no such file or directory, rename 'H:\coding\lms-platform\backend\node_modules\@types\send\index.d.ts' -> 'H:\coding\lms-platform\backend\node_modules\@types\send\index.d.ts.DELETE.bbd80e697153b4e2faad1de2e9839c33'
npm warn tar TAR_ENTRY_ERROR ENOENT: no such file or directory, rename 'H:\coding\lms-platform\backend\node_modules\colorette\package.json' -> 'H:\coding\lms-platform\backend\node_modules\colorette\package.json.DELETE.809c4905093f6226a2c7cf66591f668b'
npm warn tar TAR_ENTRY_ERROR ENOENT: no such file or directory, rename 'H:\coding\lms-platform\backend\node_modules\getopts\package.json' -> 'H:\coding\lms-platform\backend\node_modules\getopts\package.json.DELETE.b516d58d09eeceb28258ad7c5c8a46aa'
npm warn tar TAR_ENTRY_ERROR ENOENT: no such file or directory, rename 'H:\coding\lms-platform\backend\node_modules\@types\connect\index.d.ts' -> 'H:\coding\lms-platform\backend\node_modules\@types\connect\index.d.ts.DELETE.4a8a9568573db98ff772d44b4f5fd6c0'
npm warn tar TAR_ENTRY_ERROR ENOENT: no such file or directory, rename 'H:\coding\lms-platform\backend\node_modules\@types\co-body\index.d.ts' -> 'H:\coding\lms-platform\backend\node_modules\@types\co-body\index.d.ts.DELETE.541b4f8eb8e95b087deff05250acf6ec'
npm warn tar TAR_ENTRY_ERROR ENOENT: no such file or directory, rename 'H:\coding\lms-platform\backend\node_modules\buffer-equal-constant-time\README.md' -> 'H:\coding\lms-platform\backend\node_modules\buffer-equal-constant-time\README.md.DELETE.f4131422c94638f7f0f3515766082d0d'
npm warn tar TAR_ENTRY_ERROR ENOENT: no such file or directory, rename 'H:\coding\lms-platform\backend\node_modules\@types\ms\index.d.ts' -> 'H:\coding\lms-platform\backend\node_modules\@types\ms\index.d.ts.DELETE.33d7726afce0b468c9b40b3694bd44cb'
npm warn tar TAR_ENTRY_ERROR ENOENT: no such file or directory, rename 'H:\coding\lms-platform\backend\node_modules\lodash.once\LICENSE' -> 'H:\coding\lms-platform\backend\node_modules\lodash.once\LICENSE.DELETE.856664861f702ed729ea277dee1e3ada'
npm warn tar TAR_ENTRY_ERROR ENOENT: no such file or directory, rename 'H:\coding\lms-platform\backend\node_modules\@types\qs\index.d.ts' -> 'H:\coding\lms-platform\backend\node_modules\@types\qs\index.d.ts.DELETE.cf50a5ad6a9cc9d9fa6ec545b4fc77f4'
npm warn tar TAR_ENTRY_ERROR ENOENT: no such file or directory, rename 'H:\coding\lms-platform\backend\node_modules\lodash.isplainobject\LICENSE' -> 'H:\coding\lms-platform\backend\node_modules\lodash.isplainobject\LICENSE.DELETE.9ac2da06f144c236b56442f9bf86c6f1'
npm warn tar TAR_ENTRY_ERROR ENOENT: no such file or directory, rename 'H:\coding\lms-platform\backend\node_modules\lodash.isstring\LICENSE' -> 'H:\coding\lms-platform\backend\node_modules\lodash.isstring\LICENSE.DELETE.71d9a624a4b152d8d04782f79ba0181d'
npm warn tar TAR_ENTRY_ERROR ENOENT: no such file or directory, rename 'H:\coding\lms-platform\backend\node_modules\lodash.isboolean\LICENSE' -> 'H:\coding\lms-platform\backend\node_modules\lodash.isboolean\LICENSE.DELETE.6b2d94015a4385d1600d5eabc1d65e90'
npm warn tar TAR_ENTRY_ERROR ENOENT: no such file or directory, rename 'H:\coding\lms-platform\backend\node_modules\@types\express\index.d.ts' -> 'H:\coding\lms-platform\backend\node_modules\@types\express\index.d.ts.DELETE.84ba812c12545c0081dc2f96e03aa0e2'
npm warn tar TAR_ENTRY_ERROR ENOENT: no such file or directory, rename 'H:\coding\lms-platform\backend\node_modules\lodash.isnumber\LICENSE' -> 'H:\coding\lms-platform\backend\node_modules\lodash.isnumber\LICENSE.DELETE.1245626de72ea45cd4214807d4b67a23'
npm warn tar TAR_ENTRY_ERROR ENOENT: no such file or directory, rename 'H:\coding\lms-platform\backend\node_modules\pkg-dir\license' -> 'H:\coding\lms-platform\backend\node_modules\pkg-dir\license.DELETE.36005ba40503f8a9f503a67cadafa113'
npm warn tar TAR_ENTRY_ERROR ENOENT: no such file or directory, rename 'H:\coding\lms-platform\backend\node_modules\jwa\package.json' -> 'H:\coding\lms-platform\backend\node_modules\jwa\package.json.DELETE.7283e5ecfe5c5141ce30de8928633f88'
npm warn tar TAR_ENTRY_ERROR ENOENT: no such file or directory, rename 'H:\coding\lms-platform\backend\node_modules\@types\jsonwebtoken\index.d.ts' -> 'H:\coding\lms-platform\backend\node_modules\@types\jsonwebtoken\index.d.ts.DELETE.f0e5ce978acad0614b9aeaa7e46eea88'
npm warn tar TAR_ENTRY_ERROR ENOENT: no such file or directory, rename 'H:\coding\lms-platform\backend\node_modules\lodash.isinteger\LICENSE' -> 'H:\coding\lms-platform\backend\node_modules\lodash.isinteger\LICENSE.DELETE.2e3126e5a2c83fc91674de5858378be9'
npm warn tar TAR_ENTRY_ERROR ENOENT: no such file or directory, rename 'H:\coding\lms-platform\backend\node_modules\koa-send\package.json' -> 'H:\coding\lms-platform\backend\node_modules\koa-send\package.json.DELETE.3739d5c09763b8e268b8ad34e1571f4b'
npm warn tar TAR_ENTRY_ERROR ENOENT: no such file or directory, rename 'H:\coding\lms-platform\backend\node_modules\isobject\LICENSE' -> 'H:\coding\lms-platform\backend\node_modules\isobject\LICENSE.DELETE.f8e764145fad6128efe324e95ff06a22'
npm warn tar TAR_ENTRY_ERROR ENOENT: no such file or directory, rename 'H:\coding\lms-platform\backend\node_modules\is-plain-object\LICENSE' -> 'H:\coding\lms-platform\backend\node_modules\is-plain-object\LICENSE.DELETE.7b7c6bbec0305a3125ed81dc29298f33'
npm warn tar TAR_ENTRY_ERROR ENOENT: no such file or directory, rename 'H:\coding\lms-platform\backend\node_modules\shallow-clone\LICENSE' -> 'H:\coding\lms-platform\backend\node_modules\shallow-clone\LICENSE.DELETE.de417e73b85ff8f76f48f75afaf2f9df'
npm warn tar TAR_ENTRY_ERROR ENOENT: no such file or directory, rename 'H:\coding\lms-platform\backend\node_modules\clone-deep\LICENSE' -> 'H:\coding\lms-platform\backend\node_modules\clone-deep\LICENSE.DELETE.784d9c9b6c827682abdcb41deddb6978'
npm warn tar TAR_ENTRY_ERROR ENOENT: no such file or directory, rename 'H:\coding\lms-platform\backend\node_modules\lodash.includes\LICENSE' -> 'H:\coding\lms-platform\backend\node_modules\lodash.includes\LICENSE.DELETE.379e50f7b96e634212b2699366050b66'
npm warn tar TAR_ENTRY_ERROR ENOENT: no such file or directory, rename 'H:\coding\lms-platform\backend\node_modules\lie\lie.d.ts' -> 'H:\coding\lms-platform\backend\node_modules\lie\lie.d.ts.DELETE.fca6af1f86a4f647cc5a9f2466f6da97'
npm warn tar TAR_ENTRY_ERROR ENOENT: no such file or directory, rename 'H:\coding\lms-platform\backend\node_modules\find-cache-dir\license' -> 'H:\coding\lms-platform\backend\node_modules\find-cache-dir\license.DELETE.d90cc6a9f354a247132e512ea2303709'
npm warn tar TAR_ENTRY_ERROR ENOENT: no such file or directory, rename 'H:\coding\lms-platform\backend\node_modules\tsscmp\appveyor.yml' -> 'H:\coding\lms-platform\backend\node_modules\tsscmp\appveyor.yml.DELETE.3b30c88df4637385543f29a95356a340'
npm warn tar TAR_ENTRY_ERROR ENOENT: no such file or directory, rename 'H:\coding\lms-platform\backend\node_modules\stream-slice\README.md' -> 'H:\coding\lms-platform\backend\node_modules\stream-slice\README.md.DELETE.f1fa13588dd5a58bc60e179ba895361a'
npm warn tar TAR_ENTRY_ERROR ENOENT: no such file or directory, rename 'H:\coding\lms-platform\backend\node_modules\kind-of\package.json' -> 'H:\coding\lms-platform\backend\node_modules\kind-of\package.json.DELETE.297357c9ef51bdfa067a496b5a47903b'
npm warn tar TAR_ENTRY_ERROR ENOENT: no such file or directory, rename 'H:\coding\lms-platform\backend\node_modules\setimmediate\LICENSE.txt' -> 'H:\coding\lms-platform\backend\node_modules\setimmediate\LICENSE.txt.DELETE.88a8430ebc28b3e5cae307a20527e2f6'
npm warn tar TAR_ENTRY_ERROR ENOENT: no such file or directory, rename 'H:\coding\lms-platform\backend\node_modules\commondir\index.js' -> 'H:\coding\lms-platform\backend\node_modules\commondir\index.js.DELETE.43c7a2e94291c5cbff539b0440d1afc0'
npm warn tar TAR_ENTRY_ERROR ENOENT: no such file or directory, rename 'H:\coding\lms-platform\backend\node_modules\base64-js\index.js' -> 'H:\coding\lms-platform\backend\node_modules\base64-js\index.js.DELETE.1237bf7554cd74c2f004e9852396f247'
npm warn tar TAR_ENTRY_ERROR ENOENT: no such file or directory, rename 'H:\coding\lms-platform\backend\node_modules\yoctocolors-cjs\package.json' -> 'H:\coding\lms-platform\backend\node_modules\yoctocolors-cjs\package.json.DELETE.f4fbc17aa8936a656bec01aa30846055'
npm warn tar TAR_ENTRY_ERROR ENOENT: no such file or directory, rename 'H:\coding\lms-platform\backend\node_modules\ansi-escapes\package.json' -> 'H:\coding\lms-platform\backend\node_modules\ansi-escapes\package.json.DELETE.a058e13c48450b1295efb78bbf29508c'
npm warn tar TAR_ENTRY_ERROR ENOENT: no such file or directory, rename 'H:\coding\lms-platform\backend\node_modules\inherits\inherits.js' -> 'H:\coding\lms-platform\backend\node_modules\inherits\inherits.js.DELETE.22b9e4657412703309f0bdc07bfa3676'
npm warn tar TAR_ENTRY_ERROR UNKNOWN: unknown error, open 'H:\coding\lms-platform\backend\node_modules\@tanstack\react-virtual\dist\cjs\index.d.cts'
npm warn tar TAR_ENTRY_ERROR UNKNOWN: unknown error, open 'H:\coding\lms-platform\backend\node_modules\motion\dist\cjs\index.js'
npm warn tar TAR_ENTRY_ERROR ENOENT: no such file or directory, rename 'H:\coding\lms-platform\backend\node_modules\safer-buffer\LICENSE' -> 'H:\coding\lms-platform\backend\node_modules\safer-buffer\LICENSE.DELETE.56bd949c30e51fda039f96d10296e2ce'
npm warn tar TAR_ENTRY_ERROR ENOENT: no such file or directory, rename 'H:\coding\lms-platform\backend\node_modules\convert-source-map\package.json' -> 'H:\coding\lms-platform\backend\node_modules\convert-source-map\package.json.DELETE.7660384c4ba58c68a18590a9d6f10799'
npm warn tar TAR_ENTRY_ERROR ENOENT: no such file or directory, rename 'H:\coding\lms-platform\backend\node_modules\punycode.js\package.json' -> 'H:\coding\lms-platform\backend\node_modules\punycode.js\package.json.DELETE.51dabe50bd95e5ee23ed0b17ff7b77a2'
npm warn tar TAR_ENTRY_ERROR ENOENT: no such file or directory, rename 'H:\coding\lms-platform\backend\node_modules\big.js\big.min.js' -> 'H:\coding\lms-platform\backend\node_modules\big.js\big.min.js.DELETE.ef79ce638dea0ce0acd7e548c98ae7c6'
npm warn tar TAR_ENTRY_ERROR ENOENT: no such file or directory, rename 'H:\coding\lms-platform\backend\node_modules\router\lib\layer.js' -> 'H:\coding\lms-platform\backend\node_modules\router\lib\layer.js.DELETE.817bce30f6cab74c24b6a2beacacae82'
npm warn tar TAR_ENTRY_ERROR ENOENT: no such file or directory, rename 'H:\coding\lms-platform\backend\node_modules\webpack-sources\lib\CompatSource.js' -> 'H:\coding\lms-platform\backend\node_modules\webpack-sources\lib\CompatSource.js.DELETE.ac01db2827b4e8aeb51184c19db32919'
npm warn tar TAR_ENTRY_ERROR ENOENT: no such file or directory, rename 'H:\coding\lms-platform\backend\node_modules\get-tsconfig\dist\index.d.cts' -> 'H:\coding\lms-platform\backend\node_modules\get-tsconfig\dist\index.d.cts.DELETE.953995225f67be5d16041daf4f77189d'
npm warn tar TAR_ENTRY_ERROR EPERM: operation not permitted, unlink 'H:\coding\lms-platform\backend\node_modules\human-signals\build\src\core.js.DELETE.0a16c2a9e925f3d7eb2093e4e1975cdc'
npm warn tar TAR_ENTRY_ERROR EPERM: operation not permitted, unlink 'H:\coding\lms-platform\backend\node_modules\node-releases\data\processed\envs.json.DELETE.da548e599abc329de50d39c5235826e3'
npm warn tar TAR_ENTRY_ERROR EPERM: operation not permitted, unlink 'H:\coding\lms-platform\backend\node_modules\koa-session\dist\commonjs\context.js.DELETE.66f45ddf9481cce81506f07d6e96c65c'
npm warn tar TAR_ENTRY_ERROR EPERM: operation not permitted, unlink 'H:\coding\lms-platform\backend\node_modules\zod\v4\core\api.cjs.DELETE.19a13dd95bec98d97b02c8abe97b7542'
npm warn tar TAR_ENTRY_ERROR UNKNOWN: unknown error, open 'H:\coding\lms-platform\backend\node_modules\invariant\CHANGELOG.md'
npm warn tar TAR_ENTRY_ERROR ENOENT: no such file or directory, rename 'H:\coding\lms-platform\backend\node_modules\codemirror5\bin\source-highlight' -> 'H:\coding\lms-platform\backend\node_modules\codemirror5\bin\source-highlight.DELETE.485939d66f56811bd1b74ef3b41fed86'
npm warn tar TAR_ENTRY_ERROR UNKNOWN: unknown error, open 'H:\coding\lms-platform\backend\node_modules\is-localhost-ip\package.json'
npm warn tar TAR_ENTRY_ERROR UNKNOWN: unknown error, open 'H:\coding\lms-platform\backend\node_modules\@types\node\assert.d.ts'
npm warn tar TAR_ENTRY_ERROR ENOENT: no such file or directory, rename 'H:\coding\lms-platform\backend\node_modules\router\node_modules\path-to-regexp\package.json' -> 'H:\coding\lms-platform\backend\node_modules\router\node_modules\path-to-regexp\package.json.DELETE.34323954eb61c553a27c45c43f2f45a3'
npm warn tar TAR_ENTRY_ERROR ENOENT: no such file or directory, rename 'H:\coding\lms-platform\backend\node_modules\type-is\node_modules\content-type\package.json' -> 'H:\coding\lms-platform\backend\node_modules\type-is\node_modules\content-type\package.json.DELETE.6475d8135c83bd042119520ff83c8e1b'
npm warn tar TAR_ENTRY_ERROR ENOENT: no such file or directory, rename 'H:\coding\lms-platform\backend\node_modules\slate\node_modules\is-plain-object\package.json' -> 'H:\coding\lms-platform\backend\node_modules\slate\node_modules\is-plain-object\package.json.DELETE.75270a0e1c8afddd2ccad112239b16a5'
npm warn tar TAR_ENTRY_ERROR ENOENT: no such file or directory, rename 'H:\coding\lms-platform\backend\node_modules\through2\node_modules\readable-stream\lib\_stream_passthrough.js' -> 'H:\coding\lms-platform\backend\node_modules\through2\node_modules\readable-stream\lib\_stream_passthrough.js.DELETE.ac451cf9da4eaca7d754e31972dbc201'
npm warn tar TAR_ENTRY_ERROR ENOENT: no such file or directory, rename 'H:\coding\lms-platform\backend\node_modules\@radix-ui\react-portal\node_modules\@radix-ui\react-compose-refs\dist\index.d.ts' -> 'H:\coding\lms-platform\backend\node_modules\@radix-ui\react-portal\node_modules\@radix-ui\react-compose-refs\dist\index.d.ts.DELETE.f494ee385681f3dc2700eeb17020ce77'
npm warn tar TAR_ENTRY_ERROR ENOENT: no such file or directory, rename 'H:\coding\lms-platform\backend\node_modules\@radix-ui\react-popper\node_modules\@radix-ui\react-use-callback-ref\dist\index.d.ts' -> 'H:\coding\lms-platform\backend\node_modules\@radix-ui\react-popper\node_modules\@radix-ui\react-use-callback-ref\dist\index.d.ts.DELETE.9928b056b8de56bae7bb957119d75289'
npm warn tar TAR_ENTRY_ERROR ENOENT: no such file or directory, rename 'H:\coding\lms-platform\backend\node_modules\@radix-ui\react-scroll-area\node_modules\@radix-ui\react-primitive\dist\index.d.ts' -> 'H:\coding\lms-platform\backend\node_modules\@radix-ui\react-scroll-area\node_modules\@radix-ui\react-primitive\dist\index.d.ts.DELETE.d3b780c23344a7e1614e919a3e79f56e'
npm warn tar TAR_ENTRY_ERROR ENOENT: no such file or directory, rename 'H:\coding\lms-platform\backend\node_modules\@radix-ui\react-dialog\node_modules\@radix-ui\react-primitive\dist\index.d.ts' -> 'H:\coding\lms-platform\backend\node_modules\@radix-ui\react-dialog\node_modules\@radix-ui\react-primitive\dist\index.d.ts.DELETE.7bce1f9ca5a04ebb5acc38cd549e717c'
npm warn tar TAR_ENTRY_ERROR ENOENT: no such file or directory, rename 'H:\coding\lms-platform\backend\node_modules\@react-dnd\shallowequal\dist\index.js.map' -> 'H:\coding\lms-platform\backend\node_modules\@react-dnd\shallowequal\dist\index.js.map.DELETE.18855fd2136c907f1d08ada8fec2e788'
npm warn tar TAR_ENTRY_ERROR ENOENT: no such file or directory, rename 'H:\coding\lms-platform\backend\node_modules\renderkid\lib\layout\block\blockAppendor\_BlockAppendor.js' -> 'H:\coding\lms-platform\backend\node_modules\renderkid\lib\layout\block\blockAppendor\_BlockAppendor.js.DELETE.9423df981c070dd7f14139e79169275a'
npm warn tar TAR_ENTRY_ERROR ENOENT: no such file or directory, rename 'H:\coding\lms-platform\backend\node_modules\nanospinner\dist\index.js' -> 'H:\coding\lms-platform\backend\node_modules\nanospinner\dist\index.js.DELETE.a3140e624b2536e033544bdf5e25136e'
npm warn tar TAR_ENTRY_ERROR ENOENT: no such file or directory, rename 'H:\coding\lms-platform\backend\node_modules\parse-path\package.json' -> 'H:\coding\lms-platform\backend\node_modules\parse-path\package.json.DELETE.04899e1edbb015de9cfea9936e911f4b'
npm warn tar TAR_ENTRY_ERROR ENOENT: no such file or directory, rename 'H:\coding\lms-platform\backend\node_modules\bl\test\convert.js' -> 'H:\coding\lms-platform\backend\node_modules\bl\test\convert.js.DELETE.ad618a7f6b0268c09bcdd7380752ad6c'
npm warn tar TAR_ENTRY_ERROR ENOENT: no such file or directory, rename 'H:\coding\lms-platform\backend\node_modules\touch\bin\nodetouch.js' -> 'H:\coding\lms-platform\backend\node_modules\touch\bin\nodetouch.js.DELETE.7a3cd5304e1b3ca8423f29eef552ee3f'
npm warn tar TAR_ENTRY_ERROR ENOENT: no such file or directory, rename 'H:\coding\lms-platform\backend\node_modules\cron-parser\lib\expression.js' -> 'H:\coding\lms-platform\backend\node_modules\cron-parser\lib\expression.js.DELETE.c305d2c6454e9996c6af17e637f00de9'
npm warn tar TAR_ENTRY_ERROR ENOENT: no such file or directory, rename 'H:\coding\lms-platform\backend\node_modules\simple-update-notifier\package.json' -> 'H:\coding\lms-platform\backend\node_modules\simple-update-notifier\package.json.DELETE.c61edf61dfea76a2173902d0204a7b14'
npm warn tar TAR_ENTRY_ERROR ENOENT: no such file or directory, rename 'H:\coding\lms-platform\backend\node_modules\fs-monkey\lib\index.js' -> 'H:\coding\lms-platform\backend\node_modules\fs-monkey\lib\index.js.DELETE.2c169025d14117a46277c38ad95b825c'
npm warn tar TAR_ENTRY_ERROR ENOENT: no such file or directory, rename 'H:\coding\lms-platform\backend\node_modules\request-ip\package.json' -> 'H:\coding\lms-platform\backend\node_modules\request-ip\package.json.DELETE.8d3efbc231ad3ee3c471540bd18c85e5'
npm warn tar TAR_ENTRY_ERROR ENOENT: no such file or directory, rename 'H:\coding\lms-platform\backend\node_modules\uc.micro\README.md' -> 'H:\coding\lms-platform\backend\node_modules\uc.micro\README.md.DELETE.f87871ade8c9f84eb5dfb93850c9ae59'
npm warn tar TAR_ENTRY_ERROR ENOENT: no such file or directory, rename 'H:\coding\lms-platform\backend\node_modules\tarn\dist\Pool.js' -> 'H:\coding\lms-platform\backend\node_modules\tarn\dist\Pool.js.DELETE.b4e0518fd735a5be935e7f24c2ce41af'
npm warn tar TAR_ENTRY_ERROR ENOENT: no such file or directory, rename 'H:\coding\lms-platform\backend\node_modules\rechoir\index.js' -> 'H:\coding\lms-platform\backend\node_modules\rechoir\index.js.DELETE.11d34d2cecc93a8e0a6f681f7834ea4f'
npm warn tar TAR_ENTRY_ERROR ENOENT: no such file or directory, rename 'H:\coding\lms-platform\backend\node_modules\@hapi\bourne\LICENSE.md' -> 'H:\coding\lms-platform\backend\node_modules\@hapi\bourne\LICENSE.md.DELETE.a43ce2617d591a976fe27eda6235daf4'
npm warn tar TAR_ENTRY_ERROR ENOENT: no such file or directory, rename 'H:\coding\lms-platform\backend\node_modules\jws\index.js' -> 'H:\coding\lms-platform\backend\node_modules\jws\index.js.DELETE.c573c16ee316f8a83440d449bdb87607'
npm warn tar TAR_ENTRY_ERROR ENOENT: no such file or directory, rename 'H:\coding\lms-platform\backend\node_modules\@babel\helper-string-parser\lib\index.js' -> 'H:\coding\lms-platform\backend\node_modules\@babel\helper-string-parser\lib\index.js.DELETE.b253757209db8d9c891c8ac70d148ca9'
npm warn tar TAR_ENTRY_ERROR ENOENT: no such file or directory, rename 'H:\coding\lms-platform\backend\node_modules\@babel\helper-skip-transparent-expression-wrappers\lib\index.js' -> 'H:\coding\lms-platform\backend\node_modules\@babel\helper-skip-transparent-expression-wrappers\lib\index.js.DELETE.fd5263ca6ba48846257a829573ac8278'
npm warn tar TAR_ENTRY_ERROR ENOENT: no such file or directory, rename 'H:\coding\lms-platform\backend\node_modules\@babel\plugin-syntax-jsx\lib\index.js' -> 'H:\coding\lms-platform\backend\node_modules\@babel\plugin-syntax-jsx\lib\index.js.DELETE.56405a408bd50dc1fe0966fa8126ef7d'
npm warn tar TAR_ENTRY_ERROR ENOENT: no such file or directory, rename 'H:\coding\lms-platform\backend\node_modules\@babel\plugin-transform-typescript\lib\const-enum.js' -> 'H:\coding\lms-platform\backend\node_modules\@babel\plugin-transform-typescript\lib\const-enum.js.DELETE.c14006e0e129e6b17713c2bfb1b67b8b'
npm warn tar TAR_ENTRY_ERROR ENOENT: no such file or directory, rename 'H:\coding\lms-platform\backend\node_modules\@babel\plugin-syntax-typescript\lib\index.js' -> 'H:\coding\lms-platform\backend\node_modules\@babel\plugin-syntax-typescript\lib\index.js.DELETE.0192169e6e882753ac63400fa3bb26fa'
npm warn tar TAR_ENTRY_ERROR ENOENT: no such file or directory, rename 'H:\coding\lms-platform\backend\node_modules\@babel\helper-replace-supers\lib\index.js' -> 'H:\coding\lms-platform\backend\node_modules\@babel\helper-replace-supers\lib\index.js.DELETE.291e78500ab864620a29f505c2db71ef'
npm warn tar TAR_ENTRY_ERROR ENOENT: no such file or directory, rename 'H:\coding\lms-platform\backend\node_modules\@babel\plugin-syntax-flow\lib\index.js' -> 'H:\coding\lms-platform\backend\node_modules\@babel\plugin-syntax-flow\lib\index.js.DELETE.ea045e203ecd87c530b9f6cf41856839'
npm warn tar TAR_ENTRY_ERROR ENOENT: no such file or directory, rename 'H:\coding\lms-platform\backend\node_modules\@babel\helper-plugin-utils\lib\index.js' -> 'H:\coding\lms-platform\backend\node_modules\@babel\helper-plugin-utils\lib\index.js.DELETE.acecaa13f2b7af36bcbe023ae26eff38'
npm warn tar TAR_ENTRY_ERROR ENOENT: no such file or directory, rename 'H:\coding\lms-platform\backend\node_modules\@babel\helper-module-imports\lib\import-builder.js' -> 'H:\coding\lms-platform\backend\node_modules\@babel\helper-module-imports\lib\import-builder.js.DELETE.fca0fbb962e5f1b02f4f399c4a74a027'
npm warn tar TAR_ENTRY_ERROR ENOENT: no such file or directory, rename 'H:\coding\lms-platform\backend\node_modules\@babel\helper-annotate-as-pure\lib\index.js' -> 'H:\coding\lms-platform\backend\node_modules\@babel\helper-annotate-as-pure\lib\index.js.DELETE.3e32fce5439806668e86cc10ecea5cce'
npm warn tar TAR_ENTRY_ERROR ENOENT: no such file or directory, rename 'H:\coding\lms-platform\backend\node_modules\@jridgewell\resolve-uri\package.json' -> 'H:\coding\lms-platform\backend\node_modules\@jridgewell\resolve-uri\package.json.DELETE.8a47456551c43665cb088e88c0a42ace'
npm warn tar TAR_ENTRY_ERROR ENOENT: no such file or directory, rename 'H:\coding\lms-platform\backend\node_modules\@jridgewell\sourcemap-codec\types\sourcemap-codec.d.cts' -> 'H:\coding\lms-platform\backend\node_modules\@jridgewell\sourcemap-codec\types\sourcemap-codec.d.cts.DELETE.bca6624c8f86740b266b51a3e80fe283'
npm warn tar TAR_ENTRY_ERROR ENOENT: no such file or directory, rename 'H:\coding\lms-platform\backend\node_modules\@babel\helper-create-class-features-plugin\lib\decorators-2018-09.js' -> 'H:\coding\lms-platform\backend\node_modules\@babel\helper-create-class-features-plugin\lib\decorators-2018-09.js.DELETE.0f66d15bf4c90acb7254365d3021b331'
npm warn tar TAR_ENTRY_ERROR ENOENT: no such file or directory, rename 'H:\coding\lms-platform\backend\node_modules\pirates\package.json' -> 'H:\coding\lms-platform\backend\node_modules\pirates\package.json.DELETE.a1bd58f8dc5beeb7f5578596ff2ee69b'
npm warn tar TAR_ENTRY_ERROR ENOENT: no such file or directory, rename 'H:\coding\lms-platform\backend\node_modules\@babel\helper-member-expression-to-functions\lib\index.js' -> 'H:\coding\lms-platform\backend\node_modules\@babel\helper-member-expression-to-functions\lib\index.js.DELETE.34ab0cb9c83257ff0d5e1e61ebb9fe3d'
npm warn tar TAR_ENTRY_ERROR ENOENT: no such file or directory, rename 'H:\coding\lms-platform\backend\node_modules\@babel\helper-module-transforms\lib\dynamic-import.js' -> 'H:\coding\lms-platform\backend\node_modules\@babel\helper-module-transforms\lib\dynamic-import.js.DELETE.b7929592179b9f5a3efa97249504c0f0'
npm warn tar TAR_ENTRY_ERROR ENOENT: no such file or directory, rename 'H:\coding\lms-platform\backend\node_modules\@babel\generator\lib\buffer.js' -> 'H:\coding\lms-platform\backend\node_modules\@babel\generator\lib\buffer.js.DELETE.973b0be5292bd4e8af043b9f3d6e36cf'
npm warn tar TAR_ENTRY_ERROR ENOENT: no such file or directory, rename 'H:\coding\lms-platform\backend\node_modules\@babel\helper-validator-option\lib\find-suggestion.js' -> 'H:\coding\lms-platform\backend\node_modules\@babel\helper-validator-option\lib\find-suggestion.js.DELETE.eb8bebbbd723bd5365a9b17557ba9566'
npm warn tar TAR_ENTRY_ERROR ENOENT: no such file or directory, rename 'H:\coding\lms-platform\backend\node_modules\co-body\index.js' -> 'H:\coding\lms-platform\backend\node_modules\co-body\index.js.DELETE.a6eb8b225e57ec892a23ba76c764ca9a'
npm warn tar TAR_ENTRY_ERROR ENOENT: no such file or directory, rename 'H:\coding\lms-platform\backend\node_modules\@babel\helper-compilation-targets\lib\debug.js' -> 'H:\coding\lms-platform\backend\node_modules\@babel\helper-compilation-targets\lib\debug.js.DELETE.46b3dd300ca6e471d6903eaab72fe719'
npm warn tar TAR_ENTRY_ERROR ENOENT: no such file or directory, rename 'H:\coding\lms-platform\backend\node_modules\readable-stream\lib\_stream_passthrough.js' -> 'H:\coding\lms-platform\backend\node_modules\readable-stream\lib\_stream_passthrough.js.DELETE.8e3d359f7b9daeff161579a10a7870b2'
npm warn tar TAR_ENTRY_ERROR ENOENT: no such file or directory, rename 'H:\coding\lms-platform\backend\node_modules\@babel\helpers\lib\helpers-generated.js' -> 'H:\coding\lms-platform\backend\node_modules\@babel\helpers\lib\helpers-generated.js.DELETE.c9eb5b557903aa73a3acb2f46f3e0058'
npm warn tar TAR_ENTRY_ERROR ENOENT: no such file or directory, rename 'H:\coding\lms-platform\backend\node_modules\@jridgewell\gen-mapping\types\set-array.d.cts' -> 'H:\coding\lms-platform\backend\node_modules\@jridgewell\gen-mapping\types\set-array.d.cts.DELETE.2f293b82b4dea5e29234c76ca95b6a02'
npm warn tar TAR_ENTRY_ERROR ENOENT: no such file or directory, rename 'H:\coding\lms-platform\backend\node_modules\@babel\plugin-transform-nullish-coalescing-operator\lib\index.js' -> 'H:\coding\lms-platform\backend\node_modules\@babel\plugin-transform-nullish-coalescing-operator\lib\index.js.DELETE.e69fd30acb5f0af58a34c40eac6fe618'
npm warn tar TAR_ENTRY_ERROR ENOENT: no such file or directory, rename 'H:\coding\lms-platform\backend\node_modules\@jridgewell\remapping\types\remapping.d.cts' -> 'H:\coding\lms-platform\backend\node_modules\@jridgewell\remapping\types\remapping.d.cts.DELETE.b486ed049ad23609555dc2f0d6c3bafb'
npm warn tar TAR_ENTRY_ERROR ENOENT: no such file or directory, rename 'H:\coding\lms-platform\backend\node_modules\@babel\plugin-transform-optional-chaining\lib\index.js' -> 'H:\coding\lms-platform\backend\node_modules\@babel\plugin-transform-optional-chaining\lib\index.js.DELETE.9c3500858ba32857b0be6b9f447f4382'
npm warn tar TAR_ENTRY_ERROR ENOENT: no such file or directory, rename 'H:\coding\lms-platform\backend\node_modules\@babel\plugin-transform-modules-commonjs\lib\dynamic-import.js' -> 'H:\coding\lms-platform\backend\node_modules\@babel\plugin-transform-modules-commonjs\lib\dynamic-import.js.DELETE.43753d611c77a83a1c0fde81d626275c'
npm warn tar TAR_ENTRY_ERROR ENOENT: no such file or directory, rename 'H:\coding\lms-platform\backend\node_modules\@babel\plugin-transform-private-methods\lib\index.js' -> 'H:\coding\lms-platform\backend\node_modules\@babel\plugin-transform-private-methods\lib\index.js.DELETE.862b31aaf378aa1adbb0e79ade9ba4a9'
npm warn tar TAR_ENTRY_ERROR ENOENT: no such file or directory, rename 'H:\coding\lms-platform\backend\node_modules\@babel\plugin-transform-class-properties\lib\index.js' -> 'H:\coding\lms-platform\backend\node_modules\@babel\plugin-transform-class-properties\lib\index.js.DELETE.44acc4688aebe2c295adfd7cf6d8f37a'
npm warn tar TAR_ENTRY_ERROR ENOENT: no such file or directory, rename 'H:\coding\lms-platform\backend\node_modules\gensync\index.js.flow' -> 'H:\coding\lms-platform\backend\node_modules\gensync\index.js.flow.DELETE.39c08bf170e56322a4a6cb31f4346849'
npm warn tar TAR_ENTRY_ERROR ENOENT: no such file or directory, rename 'H:\coding\lms-platform\backend\node_modules\token-types\README.md' -> 'H:\coding\lms-platform\backend\node_modules\token-types\README.md.DELETE.f3e0e6296d39a746140c4755b0db4a93'
npm warn tar TAR_ENTRY_ERROR ENOENT: no such file or directory, rename 'H:\coding\lms-platform\backend\node_modules\icss-utils\src\index.js' -> 'H:\coding\lms-platform\backend\node_modules\icss-utils\src\index.js.DELETE.c57238faaff15cf73e4d698070455773'
npm warn tar TAR_ENTRY_ERROR ENOENT: no such file or directory, rename 'H:\coding\lms-platform\backend\node_modules\@vercel\oidc\dist\get-vercel-oidc-token.js' -> 'H:\coding\lms-platform\backend\node_modules\@vercel\oidc\dist\get-vercel-oidc-token.js.DELETE.6544104aab537b478fb19ea129607cd1'
npm warn tar TAR_ENTRY_ERROR EPERM: operation not permitted, unlink 'H:\coding\lms-platform\backend\node_modules\@mux\playback-core\dist\playback-core.js.DELETE.9c440710337e055c3b4319c6cdaf955f'
npm warn tar TAR_ENTRY_ERROR ENOENT: no such file or directory, rename 'H:\coding\lms-platform\backend\node_modules\@ai-sdk\provider\dist\index.js.map' -> 'H:\coding\lms-platform\backend\node_modules\@ai-sdk\provider\dist\index.js.map.DELETE.8e4df3971059fbecf07878c17cbf045d'
npm warn tar TAR_ENTRY_ERROR ENOENT: no such file or directory, rename 'H:\coding\lms-platform\backend\node_modules\handlebars\bin\.eslintrc.js' -> 'H:\coding\lms-platform\backend\node_modules\handlebars\bin\.eslintrc.js.DELETE.3569f82dfd7617654962d437de8f10f4'
npm warn tar TAR_ENTRY_ERROR ENOENT: no such file or directory, rename 'H:\coding\lms-platform\backend\node_modules\ansi-html\index.js' -> 'H:\coding\lms-platform\backend\node_modules\ansi-html\index.js.DELETE.55060d5883047df0170617ea3993f310'
npm warn tar TAR_ENTRY_ERROR ENOENT: no such file or directory, rename 'H:\coding\lms-platform\backend\node_modules\tar\dist\esm\create.js' -> 'H:\coding\lms-platform\backend\node_modules\tar\dist\esm\create.js.DELETE.141a929c23cb435dc70822fb47b0d3f0'
npm warn tar TAR_ENTRY_ERROR ENOENT: no such file or directory, rename 'H:\coding\lms-platform\backend\node_modules\@radix-ui\react-use-effect-event\dist\index.js.map' -> 'H:\coding\lms-platform\backend\node_modules\@radix-ui\react-use-effect-event\dist\index.js.map.DELETE.37f622302ce97905e41e93bf0365bbca'
npm warn tar TAR_ENTRY_ERROR ENOENT: no such file or directory, rename 'H:\coding\lms-platform\backend\node_modules\@radix-ui\react-slot\dist\index.js.map' -> 'H:\coding\lms-platform\backend\node_modules\@radix-ui\react-slot\dist\index.js.map.DELETE.8563a19910c7821138ec9480c026eca6'
npm warn tar TAR_ENTRY_ERROR ENOENT: no such file or directory, rename 'H:\coding\lms-platform\backend\node_modules\@radix-ui\react-roving-focus\dist\index.js.map' -> 'H:\coding\lms-platform\backend\node_modules\@radix-ui\react-roving-focus\dist\index.js.map.DELETE.62f4317102c274e4a02a1402449b6778'
npm warn tar TAR_ENTRY_ERROR ENOENT: no such file or directory, rename 'H:\coding\lms-platform\backend\node_modules\@radix-ui\react-toggle-group\dist\index.js.map' -> 'H:\coding\lms-platform\backend\node_modules\@radix-ui\react-toggle-group\dist\index.js.map.DELETE.6ee7a790f55c9a332e4e262d95096cc0'
npm warn tar TAR_ENTRY_ERROR ENOENT: no such file or directory, rename 'H:\coding\lms-platform\backend\node_modules\@radix-ui\react-toolbar\dist\index.js.map' -> 'H:\coding\lms-platform\backend\node_modules\@radix-ui\react-toolbar\dist\index.js.map.DELETE.ed37a5e9cede746cfa64e46fb2840463'
npm warn tar TAR_ENTRY_ERROR ENOENT: no such file or directory, rename 'H:\coding\lms-platform\backend\node_modules\jscodeshift\node_modules\signal-exit\dist\mjs\browser.js' -> 'H:\coding\lms-platform\backend\node_modules\jscodeshift\node_modules\signal-exit\dist\mjs\browser.js.DELETE.302415eef607236553881cc27854d6a2'
npm warn tar TAR_ENTRY_ERROR ENOENT: no such file or directory, rename 'H:\coding\lms-platform\backend\node_modules\jscodeshift\node_modules\write-file-atomic\LICENSE.md' -> 'H:\coding\lms-platform\backend\node_modules\jscodeshift\node_modules\write-file-atomic\LICENSE.md.DELETE.2b146a72fedac10e1fc36675d07cfa35'
npm warn tar TAR_ENTRY_ERROR ENOENT: no such file or directory, rename 'H:\coding\lms-platform\backend\node_modules\fork-ts-checker-webpack-plugin\node_modules\ajv\scripts\prepare-tests' -> 'H:\coding\lms-platform\backend\node_modules\fork-ts-checker-webpack-plugin\node_modules\ajv\scripts\prepare-tests.DELETE.1f43f751060333e140505d37d8dd4276'
npm warn tar TAR_ENTRY_ERROR ENOENT: no such file or directory, rename 'H:\coding\lms-platform\backend\node_modules\@radix-ui\react-menu\node_modules\@radix-ui\react-use-callback-ref\dist\index.d.ts' -> 'H:\coding\lms-platform\backend\node_modules\@radix-ui\react-menu\node_modules\@radix-ui\react-use-callback-ref\dist\index.d.ts.DELETE.6921fd4cb178fd368d34ad51d4be19ce'
npm warn tar TAR_ENTRY_ERROR ENOENT: no such file or directory, rename 'H:\coding\lms-platform\backend\node_modules\@radix-ui\react-popper\node_modules\@radix-ui\react-primitive\dist\index.d.ts' -> 'H:\coding\lms-platform\backend\node_modules\@radix-ui\react-popper\node_modules\@radix-ui\react-primitive\dist\index.d.ts.DELETE.0f82b35779c78a0f1c76e5dada1620ea'
npm warn tar TAR_ENTRY_ERROR ENOENT: no such file or directory, rename 'H:\coding\lms-platform\backend\node_modules\@strapi\ui-primitives\node_modules\@radix-ui\react-use-callback-ref\dist\index.d.ts' -> 'H:\coding\lms-platform\backend\node_modules\@strapi\ui-primitives\node_modules\@radix-ui\react-use-callback-ref\dist\index.d.ts.DELETE.a73b9e4c6fe011fd4e366a614e0b139e'
npm warn tar TAR_ENTRY_ERROR ENOENT: no such file or directory, rename 'H:\coding\lms-platform\backend\node_modules\@radix-ui\react-presence\node_modules\@radix-ui\react-use-layout-effect\dist\index.d.ts' -> 'H:\coding\lms-platform\backend\node_modules\@radix-ui\react-presence\node_modules\@radix-ui\react-use-layout-effect\dist\index.d.ts.DELETE.0a71820a50a9d2a129954b872eef382e'
npm warn tar TAR_ENTRY_ERROR ENOENT: no such file or directory, rename 'H:\coding\lms-platform\backend\node_modules\@strapi\ui-primitives\node_modules\@radix-ui\react-use-controllable-state\dist\index.d.ts' -> 'H:\coding\lms-platform\backend\node_modules\@strapi\ui-primitives\node_modules\@radix-ui\react-use-controllable-state\dist\index.d.ts.DELETE.edae7223ca569f6c47aa59223f18255c'
npm warn tar TAR_ENTRY_ERROR UNKNOWN: unknown error, open 'H:\coding\lms-platform\backend\node_modules\fork-ts-checker-webpack-plugin\node_modules\minimatch\package.json'
npm warn tar TAR_ENTRY_ERROR ENOENT: no such file or directory, rename 'H:\coding\lms-platform\backend\node_modules\@radix-ui\react-tooltip\node_modules\@radix-ui\react-use-callback-ref\dist\index.d.ts' -> 'H:\coding\lms-platform\backend\node_modules\@radix-ui\react-tooltip\node_modules\@radix-ui\react-use-callback-ref\dist\index.d.ts.DELETE.71a4fdef6e60834a46fe39b4651ee380'
npm warn tar TAR_ENTRY_ERROR ENOENT: no such file or directory, rename 'H:\coding\lms-platform\backend\node_modules\@radix-ui\react-tooltip\node_modules\@radix-ui\react-use-controllable-state\dist\index.d.ts' -> 'H:\coding\lms-platform\backend\node_modules\@radix-ui\react-tooltip\node_modules\@radix-ui\react-use-controllable-state\dist\index.d.ts.DELETE.5718d6ab346421d9f141262c24e856d1'
npm warn tar TAR_ENTRY_ERROR ENOENT: no such file or directory, rename 'H:\coding\lms-platform\backend\node_modules\@radix-ui\react-switch\node_modules\@radix-ui\primitive\dist\index.d.ts' -> 'H:\coding\lms-platform\backend\node_modules\@radix-ui\react-switch\node_modules\@radix-ui\primitive\dist\index.d.ts.DELETE.8f47d193048cd0ad8a87addd92f046f8'
npm warn tar TAR_ENTRY_ERROR ENOENT: no such file or directory, rename 'H:\coding\lms-platform\backend\node_modules\@radix-ui\react-dropdown-menu\node_modules\@radix-ui\react-compose-refs\dist\index.d.ts' -> 'H:\coding\lms-platform\backend\node_modules\@radix-ui\react-dropdown-menu\node_modules\@radix-ui\react-compose-refs\dist\index.d.ts.DELETE.009ccfed0d7f5770790159d112eaeaf0'
npm warn tar TAR_ENTRY_ERROR ENOENT: no such file or directory, rename 'H:\coding\lms-platform\backend\node_modules\tar\node_modules\yallist\dist\esm\index.js' -> 'H:\coding\lms-platform\backend\node_modules\tar\node_modules\yallist\dist\esm\index.js.DELETE.c0cea3545da3823f7e2cd54c6eb90554'
npm warn tar TAR_ENTRY_ERROR ENOENT: no such file or directory, rename 'H:\coding\lms-platform\backend\node_modules\cliui\build\lib\index.js' -> 'H:\coding\lms-platform\backend\node_modules\cliui\build\lib\index.js.DELETE.5521cabb361ee25d68fa1a2ca20feb5f'
npm warn tar TAR_ENTRY_ERROR EPERM: operation not permitted, unlink 'H:\coding\lms-platform\backend\node_modules\html-minifier-terser\cli.js.DELETE.75f5243abbf2a499ac28eb0944bbb065'
npm warn tar TAR_ENTRY_ERROR EPERM: operation not permitted, unlink 'H:\coding\lms-platform\backend\node_modules\depd\index.js.DELETE.55196d88a9abf2f275f770170a69e269'
npm warn tar TAR_ENTRY_ERROR EPERM: operation not permitted, unlink 'H:\coding\lms-platform\backend\node_modules\content-disposition\package.json.DELETE.32cc737adf185e96213294065b7941c7'
npm warn tar TAR_ENTRY_ERROR EPERM: operation not permitted, unlink 'H:\coding\lms-platform\backend\node_modules\color-convert\conversions.js.DELETE.5245f7e455418d3d70dde1af59dced14'
npm warn tar TAR_ENTRY_ERROR EPERM: operation not permitted, unlink 'H:\coding\lms-platform\backend\node_modules\electron-to-chromium\full-chromium-versions.js.DELETE.db201543ca62826735672782e5d9ad4a'
npm warn tar TAR_ENTRY_ERROR EPERM: operation not permitted, unlink 'H:\coding\lms-platform\backend\node_modules\type-fest\readme.md.DELETE.945c019b224f0d374ad8666e261eb4b7'
npm warn tar TAR_ENTRY_ERROR EPERM: operation not permitted, unlink 'H:\coding\lms-platform\backend\node_modules\@strapi\core\dist\migrations\database\5.0.0-discard-drafts.js.DELETE.6d7727c7d7e8b72ab18b2809c054d0ba'
npm warn tar TAR_ENTRY_ERROR EPERM: operation not permitted, unlink 'H:\coding\lms-platform\backend\node_modules\cli-progress\README.md.DELETE.2252a466d5d9edc0c584df372bb27a04'
npm warn tar TAR_ENTRY_ERROR EPERM: operation not permitted, unlink 'H:\coding\lms-platform\backend\node_modules\@pmmmwh\react-refresh-webpack-plugin\README.md.DELETE.a7ce778616c8e0a2012e9fed9bce43b1'
npm warn tar TAR_ENTRY_ERROR EPERM: operation not permitted, unlink 'H:\coding\lms-platform\backend\node_modules\tar-stream\headers.js.DELETE.3e874844c87f15c26201865abe0380ce'
npm warn tar TAR_ENTRY_ERROR EPERM: operation not permitted, unlink 'H:\coding\lms-platform\backend\node_modules\koa-send\node_modules\statuses\LICENSE.DELETE.3c52ffd7a451d394218ab1edcab3b025'
npm warn tar TAR_ENTRY_ERROR EPERM: operation not permitted, unlink 'H:\coding\lms-platform\backend\node_modules\resolve-path\node_modules\statuses\LICENSE.DELETE.00967f08b0df29f6b95f30a4b8fe4f1e'
npm warn tar TAR_ENTRY_ERROR EPERM: operation not permitted, unlink 'H:\coding\lms-platform\backend\node_modules\read-pkg-up\node_modules\type-fest\readme.md.DELETE.d9482d2fa550eacfe388950e3e313943'
npm warn tar TAR_ENTRY_ERROR EPERM: operation not permitted, unlink 'H:\coding\lms-platform\backend\node_modules\ansi-escapes\node_modules\type-fest\readme.md.DELETE.055b50cd9bb4f163b62c7d9414e7ddb6'
npm warn tar TAR_ENTRY_ERROR ENOENT: no such file or directory, rename 'H:\coding\lms-platform\backend\node_modules\@types\json-schema\package.json' -> 'H:\coding\lms-platform\backend\node_modules\@types\json-schema\package.json.DELETE.d6fa6713a32d3b5781c47c0ee13ce54b'
npm warn tar TAR_ENTRY_ERROR EPERM: operation not permitted, unlink 'H:\coding\lms-platform\backend\node_modules\mime-types\node_modules\mime-db\db.json.DELETE.58d5915e55871da90ae55fd473ff5c45'
npm warn tar TAR_ENTRY_ERROR EPERM: operation not permitted, unlink 'H:\coding\lms-platform\backend\node_modules\koa\node_modules\statuses\LICENSE.DELETE.1b0adb32a93df40501b8d25d48b746d4'
npm warn tar TAR_ENTRY_ERROR EPERM: operation not permitted, unlink 'H:\coding\lms-platform\backend\node_modules\@img\sharp-wasm32\lib\sharp-wasm32-0.35.3.node.js.DELETE.42f53a4961007613bb5b3a463d48864b'
npm warn tar TAR_ENTRY_ERROR ENOENT: no such file or directory, rename 'H:\coding\lms-platform\backend\node_modules\@types\hast\package.json' -> 'H:\coding\lms-platform\backend\node_modules\@types\hast\package.json.DELETE.53d3f4da73b99c8cad59afa4be554862'
npm warn tar TAR_ENTRY_ERROR ENOENT: no such file or directory, rename 'H:\coding\lms-platform\backend\node_modules\@types\inquirer\package.json' -> 'H:\coding\lms-platform\backend\node_modules\@types\inquirer\package.json.DELETE.6a496bf34cf74dfa3b420b8b9dafa602'
npm warn tar TAR_ENTRY_ERROR EPERM: operation not permitted, unlink 'H:\coding\lms-platform\backend\node_modules\fast-json-stable-stringify\benchmark\index.js.DELETE.af6d99219eb9c2e4cade21b9b85c2d41'
npm warn tar TAR_ENTRY_ERROR EPERM: operation not permitted, unlink 'H:\coding\lms-platform\backend\node_modules\js-yaml\lib\type\bool.js.DELETE.2294d86913f7bb10573d79780f93042f'
npm warn tar TAR_ENTRY_ERROR EPERM: operation not permitted, unlink 'H:\coding\lms-platform\backend\node_modules\@juggle\resize-observer\lib\algorithms\calculateBoxSize.js.DELETE.e681577210361b415dc81d6e2a9ff910'
npm warn tar TAR_ENTRY_ERROR EPERM: operation not permitted, unlink 'H:\coding\lms-platform\backend\node_modules\ast-types\lib\def\babel.js.DELETE.289ce746da22605dec0e66edeaf16a65'
npm warn tar TAR_ENTRY_ERROR EPERM: operation not permitted, unlink 'H:\coding\lms-platform\backend\node_modules\@pnpm\config.env-replace\dist\index.js.DELETE.44e46e8091fa7a67e9677aaa14c23fc4'
npm warn tar TAR_ENTRY_ERROR EPERM: operation not permitted, unlink 'H:\coding\lms-platform\backend\node_modules\@borewit\text-codec\README.md.DELETE.648c6837d696ac6a4de8390cc7096886'
npm warn tar TAR_ENTRY_ERROR EPERM: operation not permitted, unlink 'H:\coding\lms-platform\backend\node_modules\mdast-util-to-hast\lib\handlers\break.js.DELETE.6fd39bf4876203c6b80283ddb6aafb9f'
npm warn tar TAR_ENTRY_ERROR EPERM: operation not permitted, unlink 'H:\coding\lms-platform\backend\node_modules\@pnpm\network.ca-file\dist\index.js.DELETE.692e736e918ef092a3bf3b9e676b6cd9'
npm warn tar TAR_ENTRY_ERROR EPERM: operation not permitted, unlink 'H:\coding\lms-platform\backend\node_modules\ajv-keywords\dist\definitions\_required.js.DELETE.41225eb8169e5e9130634c3d5cf9bf43'
npm warn tar TAR_ENTRY_ERROR EPERM: operation not permitted, unlink 'H:\coding\lms-platform\backend\node_modules\@react-dnd\invariant\dist\index.js.map.DELETE.9bf017a7172ca2b60647a73f5874cb3a'
npm warn tar TAR_ENTRY_ERROR EPERM: operation not permitted, unlink 'H:\coding\lms-platform\backend\node_modules\title-case\dist\index.js.map.DELETE.9117eddc53e84952f939787ec7667f07'
npm warn tar TAR_ENTRY_ERROR UNKNOWN: unknown error, open 'H:\coding\lms-platform\backend\node_modules\send\README.md'
npm warn tar TAR_ENTRY_ERROR EPERM: operation not permitted, unlink 'H:\coding\lms-platform\backend\node_modules\yargs\build\index.cjs.DELETE.a9369b9f36a2924bdad165a3e118f720'
npm warn tar TAR_ENTRY_ERROR EPERM: operation not permitted, unlink 'H:\coding\lms-platform\backend\node_modules\form-data\lib\form_data.js.DELETE.afab5948d9e61f1aae725130e60966e5'
npm warn tar TAR_ENTRY_ERROR EPERM: operation not permitted, unlink 'H:\coding\lms-platform\backend\node_modules\dom-accessibility-api\dist\accessible-name-and-description.js.DELETE.ca5e6459c109f3ed35812b5a87dd2fd2'
npm warn tar TAR_ENTRY_ERROR EPERM: operation not permitted, unlink 'H:\coding\lms-platform\backend\node_modules\ajv-formats\dist\index.js.DELETE.98e78add0a4e1ed16ba7225bf641f29c'
npm warn tar TAR_ENTRY_ERROR EPERM: operation not permitted, unlink 'H:\coding\lms-platform\backend\node_modules\json-schema\lib\validate.js.DELETE.980c62b1e4329cad3cd9c373ab7066b9'
npm warn tar TAR_ENTRY_ERROR EPERM: operation not permitted, unlink 'H:\coding\lms-platform\backend\node_modules\react-markdown\lib\index.js.DELETE.163c546391403b81b2a73aad6e683b7f'
npm warn tar TAR_ENTRY_ERROR UNKNOWN: unknown error, open 'H:\coding\lms-platform\backend\node_modules\castable-video\castable-video.js'
npm warn tar TAR_ENTRY_ERROR EPERM: operation not permitted, unlink 'H:\coding\lms-platform\backend\node_modules\dompurify\LICENSE-MPL.DELETE.11f3fcee7dc4c7dcefa2fd7c9c446dc4'
npm warn tar TAR_ENTRY_ERROR EPERM: operation not permitted, unlink 'H:\coding\lms-platform\backend\node_modules\error-stack-parser\error-stack-parser.js.DELETE.50ac0c45629629cf6cfcba7321daf5f2'
npm warn tar TAR_ENTRY_ERROR EPERM: operation not permitted, unlink 'H:\coding\lms-platform\backend\node_modules\markdown-it-deflist\dist\markdown-it-deflist.js.DELETE.0996a37dec5fe9d9a84216f9400d0d93'
npm warn tar TAR_ENTRY_ERROR EPERM: operation not permitted, unlink 'H:\coding\lms-platform\backend\node_modules\markdown-it-footnote\dist\markdown-it-footnote.js.DELETE.be507957ee20b3011b0d4e1a69e9e416'
npm warn tar TAR_ENTRY_ERROR EPERM: operation not permitted, unlink 'H:\coding\lms-platform\backend\node_modules\html-webpack-plugin\lib\cached-child-compiler.js.DELETE.37077525438fb908e01aac3da81f061b'
npm warn tar TAR_ENTRY_ERROR EPERM: operation not permitted, unlink 'H:\coding\lms-platform\backend\node_modules\@dnd-kit\sortable\dist\sortable.cjs.development.js.DELETE.b475df50684f9ef87c893f352f2e3adc'
npm warn tar TAR_ENTRY_ERROR UNKNOWN: unknown error, open 'H:\coding\lms-platform\backend\node_modules\micromatch\README.md'
npm warn tar TAR_ENTRY_ERROR EPERM: operation not permitted, unlink 'H:\coding\lms-platform\backend\node_modules\chokidar\lib\fsevents-handler.js.DELETE.9b8a0b4149360170a8499e109545a20f'
npm warn tar TAR_ENTRY_ERROR EPERM: operation not permitted, unlink 'H:\coding\lms-platform\backend\node_modules\@radix-ui\react-menu\dist\index.d.ts.DELETE.7c8d54d1302b807747bb60cd110cf81e'
npm warn tar TAR_ENTRY_ERROR EPERM: operation not permitted, unlink 'H:\coding\lms-platform\backend\node_modules\git-url-parse\package.json.DELETE.199c93e79029869ea09c90c4c0e41fdb'
npm warn tar TAR_ENTRY_ERROR EPERM: operation not permitted, unlink 'H:\coding\lms-platform\backend\node_modules\react-refresh\cjs\react-refresh-babel.development.js.DELETE.17ab27e537eff288c8db7bdf355b0c21'
npm warn tar TAR_ENTRY_ERROR EPERM: operation not permitted, unlink 'H:\coding\lms-platform\backend\node_modules\@floating-ui\react-dom\dist\floating-ui.react-dom.umd.js.DELETE.c7bd09cac7b67204062c101fe627c16a'
npm warn tar TAR_ENTRY_ERROR EPERM: operation not permitted, unlink 'H:\coding\lms-platform\backend\node_modules\commander\lib\command.js.DELETE.a72d1f5d8660883a7b83297d07a3bcd4'
npm warn tar TAR_ENTRY_ERROR EPERM: operation not permitted, unlink 'H:\coding\lms-platform\backend\node_modules\scheduler\cjs\scheduler-unstable_mock.development.js.DELETE.2eb7b1a2258085f33230bf5c3d0ff56f'
npm warn tar TAR_ENTRY_ERROR EPERM: operation not permitted, unlink 'H:\coding\lms-platform\backend\node_modules\@swc\helpers\cjs\_apply_decs_2203_r.cjs.DELETE.f43a2b144def073e6648a207024fc970'
npm warn tar TAR_ENTRY_ERROR EPERM: operation not permitted, unlink 'H:\coding\lms-platform\backend\node_modules\koa\lib\context.js.DELETE.c9b098a4b950f28afd4ef17aea4676aa'
npm warn tar TAR_ENTRY_ERROR UNKNOWN: unknown error, open 'H:\coding\lms-platform\backend\node_modules\koa-static\Readme.md'
npm warn tar TAR_ENTRY_ERROR UNKNOWN: unknown error, open 'H:\coding\lms-platform\backend\node_modules\@emotion\babel-plugin\node_modules\convert-source-map\README.md'
npm warn tar TAR_ENTRY_ERROR UNKNOWN: unknown error, open 'H:\coding\lms-platform\backend\node_modules\find-yarn-workspace-root2\node_modules\find-up\readme.md'
npm warn tar TAR_ENTRY_ERROR ENOENT: no such file or directory, rename 'H:\coding\lms-platform\backend\node_modules\koa-send\node_modules\http-errors\HISTORY.md' -> 'H:\coding\lms-platform\backend\node_modules\koa-send\node_modules\http-errors\HISTORY.md.DELETE.e1098992a1d90eb0808438b3fc2b32ff'
npm warn tar TAR_ENTRY_ERROR UNKNOWN: unknown error, open 'H:\coding\lms-platform\backend\node_modules\source-map-support\node_modules\source-map\source-map.js'
npm warn tar TAR_ENTRY_ERROR UNKNOWN: unknown error, open 'H:\coding\lms-platform\backend\node_modules\clean-css\node_modules\source-map\source-map.js'
npm warn tar TAR_ENTRY_ERROR UNKNOWN: unknown error, open 'H:\coding\lms-platform\backend\node_modules\terser\node_modules\commander\CHANGELOG.md'
npm warn tar TAR_ENTRY_ERROR UNKNOWN: unknown error, open 'H:\coding\lms-platform\backend\node_modules\nodemon\node_modules\minimatch\README.md'
npm warn tar TAR_ENTRY_ERROR UNKNOWN: unknown error, open 'H:\coding\lms-platform\backend\node_modules\handlebars\node_modules\source-map\source-map.js'
npm warn tar TAR_ENTRY_ERROR EPERM: operation not permitted, unlink 'H:\coding\lms-platform\backend\node_modules\webpack-bundle-analyzer\node_modules\commander\lib\command.js.DELETE.7f0460c7b4bdb7789584ed325a1e3b3c'
npm warn deprecated inflight@1.0.6: This module is not supported, and leaks memory. Do not use it. Check out lru-cache if you want a good and tested way to coalesce async requests by a key value, which is much more comprehensive and powerful.
npm warn tar TAR_ENTRY_ERROR UNKNOWN: unknown error, open 'H:\coding\lms-platform\backend\node_modules\fork-ts-checker-webpack-plugin\node_modules\schema-utils\README.md'
npm warn tar TAR_ENTRY_ERROR UNKNOWN: unknown error, open 'H:\coding\lms-platform\backend\node_modules\react-dom\node_modules\scheduler\cjs\scheduler-unstable_mock.development.js'
npm warn tar TAR_ENTRY_ERROR ENOENT: no such file or directory, rename 'H:\coding\lms-platform\backend\node_modules\ts-type\lib\type\base.js' -> 'H:\coding\lms-platform\backend\node_modules\ts-type\lib\type\base.js.DELETE.10089ff0b6d02578affbd8340ceac05e'
npm warn tar TAR_ENTRY_ERROR UNKNOWN: unknown error, open 'H:\coding\lms-platform\backend\node_modules\@webassemblyjs\wasm-gen\esm\index.js'
npm warn tar TAR_ENTRY_ERROR UNKNOWN: unknown error, open 'H:\coding\lms-platform\backend\node_modules\domelementtype\lib\index.js'
npm warn tar TAR_ENTRY_ERROR UNKNOWN: unknown error, open 'H:\coding\lms-platform\backend\node_modules\dom-serializer\lib\foreignNames.js'
npm warn tar TAR_ENTRY_ERROR UNKNOWN: unknown error, open 'H:\coding\lms-platform\backend\node_modules\css-select\lib\attributes.js'
npm warn tar TAR_ENTRY_ERROR UNKNOWN: unknown error, open 'H:\coding\lms-platform\backend\node_modules\@emotion\babel-plugin\src\core-macro.js'
npm warn tar TAR_ENTRY_ERROR ENOENT: no such file or directory, rename 'H:\coding\lms-platform\backend\node_modules\koa\node_modules\statuses\index.js' -> 'H:\coding\lms-platform\backend\node_modules\koa\node_modules\statuses\index.js.DELETE.bc0ac0cbf1a9427d8a5225b9e6baea39'
npm warn tar TAR_ENTRY_ERROR UNKNOWN: unknown error, open 'H:\coding\lms-platform\backend\node_modules\file-selector\dist\file-selector.js'
npm warn tar TAR_ENTRY_ERROR UNKNOWN: unknown error, open 'H:\coding\lms-platform\backend\node_modules\micromark-core-commonmark\lib\attention.js'
npm warn tar TAR_ENTRY_ERROR UNKNOWN: unknown error, open 'H:\coding\lms-platform\backend\node_modules\parse-passwd\index.js'
npm warn tar TAR_ENTRY_ERROR UNKNOWN: unknown error, open 'H:\coding\lms-platform\backend\node_modules\no-case\dist\index.js'
npm warn tar TAR_ENTRY_ERROR UNKNOWN: unknown error, open 'H:\coding\lms-platform\backend\node_modules\pstree.remy\tests\fixtures\out2'
npm warn tar TAR_ENTRY_ERROR UNKNOWN: unknown error, open 'H:\coding\lms-platform\backend\node_modules\limiter\test\ratelimiter-test.js'
npm warn tar TAR_ENTRY_ERROR UNKNOWN: unknown error, open 'H:\coding\lms-platform\backend\node_modules\pako\lib\zlib\adler32.js'
npm warn tar TAR_ENTRY_ERROR UNKNOWN: unknown error, open 'H:\coding\lms-platform\backend\node_modules\@babel\types\lib\asserts\assertNode.js'
npm warn tar TAR_ENTRY_ERROR UNKNOWN: unknown error, open 'H:\coding\lms-platform\backend\node_modules\@babel\core\lib\config\cache-contexts.js'
npm warn tar TAR_ENTRY_ERROR UNKNOWN: unknown error, open 'H:\coding\lms-platform\backend\node_modules\param-case\dist\index.js'
npm warn tar TAR_ENTRY_ERROR UNKNOWN: unknown error, open 'H:\coding\lms-platform\backend\node_modules\jsesc\jsesc.js'
npm warn tar TAR_ENTRY_ERROR UNKNOWN: unknown error, open 'H:\coding\lms-platform\backend\node_modules\baseline-browser-mapping\dist\index.js'
npm warn tar TAR_ENTRY_ERROR UNKNOWN: unknown error, open 'H:\coding\lms-platform\backend\node_modules\@uiw\codemirror-extensions-basic-setup\package.json'
npm warn tar TAR_ENTRY_ERROR UNKNOWN: unknown error, open 'H:\coding\lms-platform\backend\node_modules\react-window\src\areEqual.js'
npm warn tar TAR_ENTRY_ERROR UNKNOWN: unknown error, open 'H:\coding\lms-platform\backend\node_modules\yup\es\boolean.js'
npm warn tar TAR_ENTRY_ERROR ENOENT: no such file or directory, rename 'H:\coding\lms-platform\backend\node_modules\@strapi\utils\dist\async.js' -> 'H:\coding\lms-platform\backend\node_modules\@strapi\utils\dist\async.js.DELETE.f64a6ce15ed7ba1429a79e3d070d4184'
npm warn tar TAR_ENTRY_ERROR ENOENT: no such file or directory, rename 'H:\coding\lms-platform\backend\node_modules\fast-json-stable-stringify\index.js' -> 'H:\coding\lms-platform\backend\node_modules\fast-json-stable-stringify\index.js.DELETE.c03bf11b94defc0c09015d6bea9a49b6'
npm warn tar TAR_ENTRY_ERROR ENOENT: no such file or directory, unlink 'H:\coding\lms-platform\backend\node_modules\vite\node_modules\esbuild\lib\main.js.DELETE.8c268d372a85942db17f0453986955e7'
npm warn tar TAR_ENTRY_ERROR UNKNOWN: unknown error, open 'H:\coding\lms-platform\backend\node_modules\@discoveryjs\json-ext\cjs\stringify-chunked.cjs'
npm warn tar TAR_ENTRY_ERROR ENOENT: no such file or directory, rename 'H:\coding\lms-platform\backend\node_modules\@pnpm\config.env-replace\dist\preview-1680634751300.js' -> 'H:\coding\lms-platform\backend\node_modules\@pnpm\config.env-replace\dist\preview-1680634751300.js.DELETE.94d7a1184535b819a14875206fe0298f'
npm warn tar TAR_ENTRY_ERROR ENOENT: no such file or directory, rename 'H:\coding\lms-platform\backend\node_modules\mdast-util-to-hast\lib\handlers\code.js' -> 'H:\coding\lms-platform\backend\node_modules\mdast-util-to-hast\lib\handlers\code.js.DELETE.05b1ed29ad360478af40061ca9580c6b'
npm warn tar TAR_ENTRY_ERROR ENOENT: no such file or directory, rename 'H:\coding\lms-platform\backend\node_modules\@pnpm\network.ca-file\preview-1668994697977.js' -> 'H:\coding\lms-platform\backend\node_modules\@pnpm\network.ca-file\preview-1668994697977.js.DELETE.bf7bc4e1ddffb7c30eefb3e47249daa7'
npm warn tar TAR_ENTRY_ERROR ENOENT: no such file or directory, rename 'H:\coding\lms-platform\backend\node_modules\ajv-keywords\dist\definitions\_types.js' -> 'H:\coding\lms-platform\backend\node_modules\ajv-keywords\dist\definitions\_types.js.DELETE.ac422d88b6540e6cd1d095ac944c3924'
npm warn tar TAR_ENTRY_ERROR ENOENT: no such file or directory, rename 'H:\coding\lms-platform\backend\node_modules\@react-dnd\invariant\package.json' -> 'H:\coding\lms-platform\backend\node_modules\@react-dnd\invariant\package.json.DELETE.a5a9adef40b8f03582166108d214513e'
npm warn tar TAR_ENTRY_ERROR EPERM: operation not permitted, unlink 'H:\coding\lms-platform\backend\node_modules\lru-cache\README.md.DELETE.ff8538a4301943af06ce445b39375952'
npm warn tar TAR_ENTRY_ERROR ENOENT: no such file or directory, rename 'H:\coding\lms-platform\backend\node_modules\title-case\README.md' -> 'H:\coding\lms-platform\backend\node_modules\title-case\README.md.DELETE.8a6ca230b6485501f7c59ed8ea5cd232'
npm warn tar TAR_ENTRY_ERROR EPERM: operation not permitted, unlink 'H:\coding\lms-platform\backend\node_modules\parse-url\src\index.js.DELETE.52db0a4eb0cbc8be54c096cf36507e72'
npm warn tar TAR_ENTRY_ERROR ENOENT: no such file or directory, rename 'H:\coding\lms-platform\backend\node_modules\html-minifier-terser\src\htmlminifier.js' -> 'H:\coding\lms-platform\backend\node_modules\html-minifier-terser\src\htmlminifier.js.DELETE.14e556f7075adb16eca5fcb717bc3032'
npm warn tar TAR_ENTRY_ERROR EPERM: operation not permitted, unlink 'H:\coding\lms-platform\backend\node_modules\iconv-lite\encodings\dbcs-codec.js.DELETE.b0012932c8a6faa6230c1bcf1fe974d4'
npm warn tar TAR_ENTRY_ERROR EPERM: operation not permitted, unlink 'H:\coding\lms-platform\backend\node_modules\@ucast\core\dist\es5m\index.js.DELETE.71d536286a967e46470c957238688275'
npm warn tar TAR_ENTRY_ERROR ENOENT: no such file or directory, rename 'H:\coding\lms-platform\backend\node_modules\@strapi\ui-primitives\README.md' -> 'H:\coding\lms-platform\backend\node_modules\@strapi\ui-primitives\README.md.DELETE.2c152b5d1aaf3d2738d191c98583c203'
npm warn tar TAR_ENTRY_ERROR ENOENT: no such file or directory, rename 'H:\coding\lms-platform\backend\node_modules\json5\lib\index.js' -> 'H:\coding\lms-platform\backend\node_modules\json5\lib\index.js.DELETE.185ba1d16fd19575bb1faf3abae72652'
npm warn tar TAR_ENTRY_ERROR EPERM: operation not permitted, unlink 'H:\coding\lms-platform\backend\node_modules\@strapi\icons\dist\symbols-index.js.DELETE.ffa1a9951039b373b1a5c918c5d16a8a'
npm warn tar TAR_ENTRY_ERROR EPERM: operation not permitted, unlink 'H:\coding\lms-platform\backend\node_modules\micromark\lib\compile.js.DELETE.6f709c56de0bb0f23c5755a65ce0a1ba'
npm warn tar TAR_ENTRY_ERROR EPERM: operation not permitted, unlink 'H:\coding\lms-platform\backend\node_modules\react-router\dist\react-router.development.js.DELETE.63b76dc48994f3073e7e0170b8fd7405'
npm warn tar TAR_ENTRY_ERROR ENOENT: no such file or directory, rename 'H:\coding\lms-platform\backend\node_modules\mdast-util-from-markdown\index.js' -> 'H:\coding\lms-platform\backend\node_modules\mdast-util-from-markdown\index.js.DELETE.87fa58d8bb6c6e44213366648b9cf174'
npm warn tar TAR_ENTRY_ERROR ENOENT: no such file or directory, rename 'H:\coding\lms-platform\backend\node_modules\@lezer\lr\dist\constants.js' -> 'H:\coding\lms-platform\backend\node_modules\@lezer\lr\dist\constants.js.DELETE.d797d50a93cfdbf6c201b68e513e9aa7'
npm warn tar TAR_ENTRY_ERROR ENOENT: no such file or directory, rename 'H:\coding\lms-platform\backend\node_modules\inquirer\lib\ui\baseUI.js' -> 'H:\coding\lms-platform\backend\node_modules\inquirer\lib\ui\baseUI.js.DELETE.b79e2bd707d3d42cd4ddbda4e1c0e7fc'
npm warn tar TAR_ENTRY_ERROR EPERM: operation not permitted, unlink 'H:\coding\lms-platform\backend\node_modules\react-query\dist\createAsyncStoragePersistor-experimental.development.js.DELETE.00a39633701115a086d1dab24817deb8'
npm warn tar TAR_ENTRY_ERROR EPERM: operation not permitted, unlink 'H:\coding\lms-platform\backend\node_modules\react-select\dist\index-d1cb43f3.cjs.dev.js.DELETE.ba8ce10b7c820f5bdd25ccc294acdcda'
npm http fetch GET 200 https://registry.npmjs.org/react-router 84122ms (cache revalidated)
npm http fetch GET 200 https://registry.npmjs.org/vite 84246ms (cache revalidated)
npm http fetch GET 200 https://registry.npmjs.org/esbuild 84385ms (cache revalidated)
npm warn tar TAR_ENTRY_ERROR EPERM: operation not permitted, unlink 'H:\coding\lms-platform\backend\node_modules\tar-stream\node_modules\readable-stream\lib\_stream_readable.js.DELETE.5466c972e37adc44eec9819004cc5d36'
npm warn tar TAR_ENTRY_ERROR ENOENT: no such file or directory, rename 'H:\coding\lms-platform\backend\node_modules\js-yaml\lib\common.js' -> 'H:\coding\lms-platform\backend\node_modules\js-yaml\lib\common.js.DELETE.d10ce3dd3217451e5a0b94352b27c188'
npm warn tar TAR_ENTRY_ERROR EPERM: operation not permitted, unlink 'H:\coding\lms-platform\backend\node_modules\@isaacs\fs-minipass\dist\esm\index.js.DELETE.5cbd09fa00f2b030ec9da76c014c1484'
npm http fetch GET 200 https://registry.npmjs.org/@ai-sdk%2fprovider-utils 87252ms (cache revalidated)
npm warn tar TAR_ENTRY_ERROR EPERM: operation not permitted, unlink 'H:\coding\lms-platform\backend\node_modules\@emnapi\runtime\dist\emnapi.esm-bundler.js.DELETE.2dd418a86a711558fcf7c18638de2a3c'
npm warn tar TAR_ENTRY_ERROR EPERM: operation not permitted, unlink 'H:\coding\lms-platform\backend\node_modules\@babel\plugin-transform-flow-strip-types\lib\index.js.map.DELETE.09783c9de24f5c07ecf22b5e1c1fe898'
npm warn tar TAR_ENTRY_ERROR EPERM: operation not permitted, unlink 'H:\coding\lms-platform\backend\node_modules\@babel\preset-typescript\lib\index.js.map.DELETE.75acae85e9cc63cb233164c4b9e68ef8'
npm warn tar TAR_ENTRY_ERROR EPERM: operation not permitted, unlink 'H:\coding\lms-platform\backend\node_modules\tunnel-agent\index.js.DELETE.4d4e599059911b8fff3edfbeecda6cb5'
npm warn tar TAR_ENTRY_ERROR EPERM: operation not permitted, unlink 'H:\coding\lms-platform\backend\node_modules\type-is\HISTORY.md.DELETE.2e28132c708c46f7da9fbc90bf776dbc'
npm warn tar TAR_ENTRY_ERROR EPERM: operation not permitted, unlink 'H:\coding\lms-platform\backend\node_modules\serve-static\README.md.DELETE.b7630404f960d9f48562eefd8a11c4f4'
npm warn tar TAR_ENTRY_ERROR EPERM: operation not permitted, unlink 'H:\coding\lms-platform\backend\node_modules\finalhandler\HISTORY.md.DELETE.8f8de9f0d24d6d1caaeac2f796311d3a'
npm warn tar TAR_ENTRY_ERROR EPERM: operation not permitted, unlink 'H:\coding\lms-platform\backend\node_modules\uint8array-extras\readme.md.DELETE.9f606e8e2753a4fed643eac1fecee663'
npm warn tar TAR_ENTRY_ERROR EPERM: operation not permitted, unlink 'H:\coding\lms-platform\backend\node_modules\cookie\README.md.DELETE.1606abf0af837f34deee3ab05087638a'
npm warn tar TAR_ENTRY_ERROR EPERM: operation not permitted, unlink 'H:\coding\lms-platform\backend\node_modules\to-regex-range\README.md.DELETE.d44d37aec12c61ad3fcbdf9361d369db'
npm warn tar TAR_ENTRY_ERROR EPERM: operation not permitted, unlink 'H:\coding\lms-platform\backend\node_modules\fill-range\README.md.DELETE.a3423804d417e0e61770db6259404b00'
npm warn tar TAR_ENTRY_ERROR EPERM: operation not permitted, unlink 'H:\coding\lms-platform\backend\node_modules\is-glob\README.md.DELETE.07a621e36273bfedaa88565d592a0951'
npm warn tar TAR_ENTRY_ERROR EPERM: operation not permitted, unlink 'H:\coding\lms-platform\backend\node_modules\readdirp\README.md.DELETE.c957ee5d22c6f8dfdf77b2b078c5cb2f'
npm warn tar TAR_ENTRY_ERROR EPERM: operation not permitted, unlink 'H:\coding\lms-platform\backend\node_modules\update-browserslist-db\index.js.DELETE.f7b7b08294b8ff776315f529bb1d11c9'
npm warn tar TAR_ENTRY_ERROR EPERM: operation not permitted, unlink 'H:\coding\lms-platform\backend\node_modules\raw-body\README.md.DELETE.67b49df21991a8d1a9dfb9a8b70ca557'
npm warn tar TAR_ENTRY_ERROR ENOENT: no such file or directory, rename 'H:\coding\lms-platform\backend\node_modules\@codemirror\autocomplete\dist\index.js' -> 'H:\coding\lms-platform\backend\node_modules\@codemirror\autocomplete\dist\index.js.DELETE.c4f1a09d3f14141837f858eea12f88b6'
npm warn tar TAR_ENTRY_ERROR EPERM: operation not permitted, unlink 'H:\coding\lms-platform\backend\node_modules\mini-css-extract-plugin\dist\index.js.DELETE.a68c65f7554f29d9b2510d516ee637d3'
npm warn tar TAR_ENTRY_ERROR EPERM: operation not permitted, unlink 'H:\coding\lms-platform\backend\node_modules\fast-safe-stringify\test-stable.js.DELETE.90804c2489c01d0af63d5b71d54a4772'
npm warn tar TAR_ENTRY_ERROR ENOENT: no such file or directory, rename 'H:\coding\lms-platform\backend\node_modules\@codemirror\commands\dist\index.js' -> 'H:\coding\lms-platform\backend\node_modules\@codemirror\commands\dist\index.js.DELETE.4a392ee184d3da516c53c2bd95e85c41'
npm warn tar TAR_ENTRY_ERROR ENOENT: no such file or directory, rename 'H:\coding\lms-platform\backend\node_modules\prettier\plugins\acorn.js' -> 'H:\coding\lms-platform\backend\node_modules\prettier\plugins\acorn.js.DELETE.f6d503032a7f039d46aabdbe5157d822'
npm warn tar TAR_ENTRY_ERROR EPERM: operation not permitted, unlink 'H:\coding\lms-platform\backend\node_modules\@lezer\highlight\dist\index.js.DELETE.6d44f231802405c703e25c8ed13ea126'
npm warn tar TAR_ENTRY_ERROR ENOENT: no such file or directory, rename 'H:\coding\lms-platform\backend\node_modules\@lezer\common\dist\index.js' -> 'H:\coding\lms-platform\backend\node_modules\@lezer\common\dist\index.js.DELETE.0eb62e647f3f356c84395681c0a15ff8'
npm warn tar TAR_ENTRY_ERROR EPERM: operation not permitted, unlink 'H:\coding\lms-platform\backend\node_modules\mime-types\HISTORY.md.DELETE.e3703f52b4494f6b569e44fcd709ca19'
npm warn tar TAR_ENTRY_ERROR EPERM: operation not permitted, unlink 'H:\coding\lms-platform\backend\node_modules\@radix-ui\react-primitive\dist\index.mjs.map.DELETE.e39a4552064bd3129c4093b84f51eb15'
npm warn tar TAR_ENTRY_ERROR ENOENT: no such file or directory, rename 'H:\coding\lms-platform\backend\node_modules\invariant\invariant.js.flow' -> 'H:\coding\lms-platform\backend\node_modules\invariant\invariant.js.flow.DELETE.646a5a7fe5a11962d419ff9347f8ffac'
npm warn tar TAR_ENTRY_ERROR EPERM: operation not permitted, unlink 'H:\coding\lms-platform\backend\node_modules\ora\readme.md.DELETE.562bbfbf5fc6bbb2d32a53892097bde4'
npm warn tar TAR_ENTRY_ERROR ENOENT: no such file or directory, rename 'H:\coding\lms-platform\backend\node_modules\is-localhost-ip\index.d.ts' -> 'H:\coding\lms-platform\backend\node_modules\is-localhost-ip\index.d.ts.DELETE.02206564ee0cbcb1d7bb9ce3ccba42de'
npm warn tar TAR_ENTRY_ERROR ENOENT: no such file or directory, rename 'H:\coding\lms-platform\backend\node_modules\styled-components\dist\styled-components.cjs.js' -> 'H:\coding\lms-platform\backend\node_modules\styled-components\dist\styled-components.cjs.js.DELETE.0d7178e40157105315fe4c8b4e149060'
npm warn tar TAR_ENTRY_ERROR EPERM: operation not permitted, unlink 'H:\coding\lms-platform\backend\node_modules\@types\react\experimental.d.ts.DELETE.3ea8e2e9e01e68c87e52017965d1b5b4'
npm warn tar TAR_ENTRY_ERROR EPERM: operation not permitted, unlink 'H:\coding\lms-platform\backend\node_modules\koa-send\node_modules\depd\History.md.DELETE.6219faa2dbe04901f312bc9a3b443c68'
npm warn tar TAR_ENTRY_ERROR EPERM: operation not permitted, unlink 'H:\coding\lms-platform\backend\node_modules\lru-memoizer\node_modules\lru-cache\README.md.DELETE.12328ea64886b71cb36e5f3752646030'
npm warn tar TAR_ENTRY_ERROR ENOENT: no such file or directory, rename 'H:\coding\lms-platform\backend\node_modules\@babel\register\node_modules\make-dir\readme.md' -> 'H:\coding\lms-platform\backend\node_modules\@babel\register\node_modules\make-dir\readme.md.DELETE.f57fae97b7c2ce630ed2c191d733b2e8'
npm warn tar TAR_ENTRY_ERROR ENOENT: no such file or directory, rename 'H:\coding\lms-platform\backend\node_modules\@sindresorhus\transliterate\node_modules\escape-string-regexp\readme.md' -> 'H:\coding\lms-platform\backend\node_modules\@sindresorhus\transliterate\node_modules\escape-string-regexp\readme.md.DELETE.8ca1db1414848260993173c57267ada6'
npm warn tar TAR_ENTRY_ERROR ENOENT: no such file or directory, rename 'H:\coding\lms-platform\backend\node_modules\pretty-format\node_modules\ansi-styles\index.d.ts' -> 'H:\coding\lms-platform\backend\node_modules\pretty-format\node_modules\ansi-styles\index.d.ts.DELETE.ef70cecbf6a326d4e6ca33bb30221705'
npm warn tar TAR_ENTRY_ERROR ENOENT: no such file or directory, rename 'H:\coding\lms-platform\backend\node_modules\read-pkg-up\node_modules\find-up\readme.md' -> 'H:\coding\lms-platform\backend\node_modules\read-pkg-up\node_modules\find-up\readme.md.DELETE.d7fc73d86219fbb052969deb4b8490cd'
npm warn tar TAR_ENTRY_ERROR EPERM: operation not permitted, unlink 'H:\coding\lms-platform\backend\node_modules\koa\node_modules\content-disposition\HISTORY.md.DELETE.f1c1ba7eaeda04869c1eee0073dc32f7'
npm warn tar TAR_ENTRY_ERROR EPERM: operation not permitted, unlink 'H:\coding\lms-platform\backend\node_modules\koa\node_modules\http-errors\node_modules\depd\History.md.DELETE.12965105b81fd77a5d778e31acb175e1'
npm warn tar TAR_ENTRY_ERROR EPERM: operation not permitted, unlink 'H:\coding\lms-platform\backend\node_modules\mdurl\README.md.DELETE.79e94ccc62ff22a9a665e4004a698bc0'
npm warn tar TAR_ENTRY_ERROR ENOENT: no such file or directory, rename 'H:\coding\lms-platform\backend\node_modules\asap\browser-raw.js' -> 'H:\coding\lms-platform\backend\node_modules\asap\browser-raw.js.DELETE.f316ee0e8ef341f6a7bdbba8affaba0a'
npm warn tar TAR_ENTRY_ERROR EPERM: operation not permitted, unlink 'H:\coding\lms-platform\backend\node_modules\buffer\AUTHORS.md.DELETE.cdd9e5832e467f27643de5ff917cb4f5'
npm warn tar TAR_ENTRY_ERROR EPERM: operation not permitted, unlink 'H:\coding\lms-platform\backend\node_modules\source-map-support\source-map-support.js.DELETE.a2f74071ea762c94cb2246c479937354'
npm warn tar TAR_ENTRY_ERROR EPERM: operation not permitted, unlink 'H:\coding\lms-platform\backend\node_modules\tmp\README.md.DELETE.5223b1453e4ae8328a7f7a821228cf6e'
npm warn tar TAR_ENTRY_ERROR EPERM: operation not permitted, unlink 'H:\coding\lms-platform\backend\node_modules\human-signals\build\src\realtime.js.DELETE.7749bf87061f5aa3285d00d3647bc39e'
npm warn tar TAR_ENTRY_ERROR EPERM: operation not permitted, unlink 'H:\coding\lms-platform\backend\node_modules\linkify-it\README.md.DELETE.d3be44578c50e7b5b22cecba59050979'
npm warn tar TAR_ENTRY_ERROR ENOENT: no such file or directory, rename 'H:\coding\lms-platform\backend\node_modules\cookies\README.md' -> 'H:\coding\lms-platform\backend\node_modules\cookies\README.md.DELETE.44f03a2bdd8a6aac6d14ba49e710ce62'
npm warn tar TAR_ENTRY_ERROR EPERM: operation not permitted, unlink 'H:\coding\lms-platform\backend\node_modules\@mux\playback-core\dist\index.cjs.js.map.DELETE.66bb597c1ffba069526976c7b01364d4'
npm warn tar TAR_ENTRY_ERROR EPERM: operation not permitted, unlink 'H:\coding\lms-platform\backend\node_modules\jszip\lib\reader\ArrayReader.js.DELETE.8044751bc5c82d2ac514c629f1109917'
npm warn tar TAR_ENTRY_ERROR EPERM: operation not permitted, unlink 'H:\coding\lms-platform\backend\node_modules\swr\dist\_internal\events.js.DELETE.ea83497c98de2edf7801cf19ba2d8752'
npm warn tar TAR_ENTRY_ERROR EPERM: operation not permitted, unlink 'H:\coding\lms-platform\backend\node_modules\@floating-ui\core\dist\floating-ui.core.umd.min.js.DELETE.0390ca919f50818ab7323b7a4a07753f'
npm warn tar TAR_ENTRY_ERROR EPERM: operation not permitted, unlink 'H:\coding\lms-platform\backend\node_modules\castable-video\node_modules\custom-media-element\README.md.DELETE.a925eb55d1f4012341cc3c3ce92866c5'
npm warn tar TAR_ENTRY_ERROR EPERM: operation not permitted, unlink 'H:\coding\lms-platform\backend\node_modules\react-window\node_modules\memoize-one\dist\memoize-one.cjs.js.DELETE.96ae5e253f6eb11917a1a5912f2ad284'
npm warn tar TAR_ENTRY_ERROR EPERM: operation not permitted, unlink 'H:\coding\lms-platform\backend\node_modules\dot-case\dist.es2015\index.spec.js.DELETE.4882a81bc4b0e2d505e9e2de37803a46'
npm warn tar TAR_ENTRY_ERROR EPERM: operation not permitted, unlink 'H:\coding\lms-platform\backend\node_modules\lower-case\dist.es2015\index.spec.js.DELETE.58260fc9a6ef951b76763cae80771409'
npm warn tar TAR_ENTRY_ERROR EPERM: operation not permitted, unlink 'H:\coding\lms-platform\backend\node_modules\@formatjs\intl-listformat\locale-data\ak.js.DELETE.f05851977c2f8d85d94e91aff7c32781'
npm warn tar TAR_ENTRY_ERROR EPERM: operation not permitted, unlink 'H:\coding\lms-platform\backend\node_modules\@remix-run\router\dist\router.js.DELETE.ce8a094832a757007b4b6408932e743b'
npm warn tar TAR_ENTRY_ERROR EPERM: operation not permitted, unlink 'H:\coding\lms-platform\backend\node_modules\change-case\dist\index.js.map.DELETE.8cff8fd719fba84e810b17fe71ae7528'
npm warn tar TAR_ENTRY_ERROR EPERM: operation not permitted, unlink 'H:\coding\lms-platform\backend\node_modules\is-ssh\README.md.DELETE.8ce58e0c97a55030cbb2568768fa0662'
npm warn tar TAR_ENTRY_ERROR UNKNOWN: unknown error, open 'H:\coding\lms-platform\backend\node_modules\hoist-non-react-statics\src\index.js'
npm warn tar TAR_ENTRY_ERROR UNKNOWN: unknown error, open 'H:\coding\lms-platform\backend\node_modules\depd\Readme.md'
npm warn tar TAR_ENTRY_ERROR EPERM: operation not permitted, unlink 'H:\coding\lms-platform\backend\node_modules\postcss-modules-scope\CHANGELOG.md.DELETE.0d399cdb92ff067c2bc3436b3d2e2f24'
npm warn tar TAR_ENTRY_ERROR EPERM: operation not permitted, unlink 'H:\coding\lms-platform\backend\node_modules\postcss\lib\container.js.DELETE.ab905f505265609872a376aa8a853feb'
npm warn tar TAR_ENTRY_ERROR UNKNOWN: unknown error, open 'H:\coding\lms-platform\backend\node_modules\color-convert\LICENSE'
npm warn tar TAR_ENTRY_ERROR EPERM: operation not permitted, unlink 'H:\coding\lms-platform\backend\node_modules\picomatch\lib\parse.js.DELETE.be4b6bb3d273a4d3c290055a4bffc1d4'
npm warn tar TAR_ENTRY_ERROR EPERM: operation not permitted, unlink 'H:\coding\lms-platform\backend\node_modules\@babel\helper-validator-identifier\lib\identifier.js.map.DELETE.541cef8499c75c52a2d1138e5882eec0'
npm warn tar TAR_ENTRY_ERROR EPERM: operation not permitted, unlink 'H:\coding\lms-platform\backend\node_modules\mux-embed\dist\mux.cjs.js.DELETE.03e3a401bd2ee95ee3a42316537cde29'
npm warn tar TAR_ENTRY_ERROR EPERM: operation not permitted, unlink 'H:\coding\lms-platform\backend\node_modules\codemirror\dist\index.js.DELETE.2d78edd36cdc5e6c41c87aa909c0a219'
npm warn tar TAR_ENTRY_ERROR EPERM: operation not permitted, unlink 'H:\coding\lms-platform\backend\node_modules\@strapi\provider-upload-local\dist\index.d.ts.map.DELETE.b40a68933bea5114f929625d59218b19'
npm warn tar TAR_ENTRY_ERROR EPERM: operation not permitted, unlink 'H:\coding\lms-platform\backend\node_modules\byte-size\dist\index.js.DELETE.7e82ea5eac3ab12d5881e689a9664eb6'
npm warn tar TAR_ENTRY_ERROR EPERM: operation not permitted, unlink 'H:\coding\lms-platform\backend\node_modules\@babel\code-frame\lib\index.js.map.DELETE.f0dc7f303006e634bb362b6497bb7fd3'
npm warn tar TAR_ENTRY_ERROR EPERM: operation not permitted, unlink 'H:\coding\lms-platform\backend\node_modules\cors\README.md.DELETE.c6049c8fa6fbe31d1540f7d3f59afb02'
npm warn tar TAR_ENTRY_ERROR EPERM: operation not permitted, unlink 'H:\coding\lms-platform\backend\node_modules\resolve.exports\readme.md.DELETE.ca53eeb80fa5df85ed417ee2766a1dfd'
npm warn tar TAR_ENTRY_ERROR EPERM: operation not permitted, unlink 'H:\coding\lms-platform\backend\node_modules\tslib\tslib.es6.js.DELETE.31949e22d559b6ee20ada88b1d9a3413'
npm warn tar TAR_ENTRY_ERROR EPERM: operation not permitted, unlink 'H:\coding\lms-platform\backend\node_modules\eventsource-parser\dist\index.d.cts.DELETE.8c6b5c4b5dc6af5b4c3d7f84db961b39'
npm warn tar TAR_ENTRY_ERROR EPERM: operation not permitted, unlink 'H:\coding\lms-platform\backend\node_modules\esbuild-register\dist\node.js.DELETE.b5efbe2e3a2b6d0c12463211cac15769'
npm warn tar TAR_ENTRY_ERROR EPERM: operation not permitted, unlink 'H:\coding\lms-platform\backend\node_modules\@dnd-kit\utilities\dist\utilities.cjs.production.min.js.DELETE.781f09da8c6ceb4a604b57cde397e4bf'
npm warn tar TAR_ENTRY_ERROR EPERM: operation not permitted, unlink 'H:\coding\lms-platform\backend\node_modules\outdent\lib-module\index.js.DELETE.0e88067045faaf071bcd57ee5cb61145'
npm warn tar TAR_ENTRY_ERROR EPERM: operation not permitted, unlink 'H:\coding\lms-platform\backend\node_modules\aria-hidden\dist\es2019\index.js.DELETE.74245d215a990352f61e54328d627947'
npm warn tar TAR_ENTRY_ERROR EPERM: operation not permitted, unlink 'H:\coding\lms-platform\backend\node_modules\eventsource\example\eventsource-polyfill.js.DELETE.c7c5677406c9beee708830254f9b6cfd'
npm warn tar TAR_ENTRY_ERROR UNKNOWN: unknown error, open 'H:\coding\lms-platform\backend\node_modules\cli-progress\package.json'
npm warn tar TAR_ENTRY_ERROR EPERM: operation not permitted, unlink 'H:\coding\lms-platform\backend\node_modules\@radix-ui\react-scroll-area\dist\index.d.ts.map.DELETE.27619c6cbfe9d648268e772b48ecf251'
npm warn tar TAR_ENTRY_ERROR EPERM: operation not permitted, unlink 'H:\coding\lms-platform\backend\node_modules\@radix-ui\react-dropdown-menu\dist\index.d.ts.map.DELETE.be256e4db078fc697e3ae2b123918f0d'
npm warn tar TAR_ENTRY_ERROR UNKNOWN: unknown error, open 'H:\coding\lms-platform\backend\node_modules\webpack-bundle-analyzer\lib\tree\BaseFolder.js'
npm warn tar TAR_ENTRY_ERROR UNKNOWN: unknown error, open 'H:\coding\lms-platform\backend\node_modules\tar-stream\pack.js'
npm warn tar TAR_ENTRY_ERROR ENOENT: no such file or directory, rename 'H:\coding\lms-platform\backend\node_modules\react-helmet\package.json' -> 'H:\coding\lms-platform\backend\node_modules\react-helmet\package.json.DELETE.754fcc6cbcab8bb8b1e5cf9e28b57959'
npm warn tar TAR_ENTRY_ERROR EPERM: operation not permitted, unlink 'H:\coding\lms-platform\backend\node_modules\motion\dist\motion.dev.js.DELETE.ef66d5c2f73b82372dee888f9d8ba61c'
npm warn tar TAR_ENTRY_ERROR ENOENT: no such file or directory, rename 'H:\coding\lms-platform\backend\node_modules\koa2-ratelimit\src\MongodbStore.js' -> 'H:\coding\lms-platform\backend\node_modules\koa2-ratelimit\src\MongodbStore.js.DELETE.17dbe6046fc1464bad9953d538e34361'
npm warn tar TAR_ENTRY_ERROR EPERM: operation not permitted, unlink 'H:\coding\lms-platform\backend\node_modules\tinyglobby\node_modules\picomatch\lib\parse.js.DELETE.905dcc1f79b0b2dc11d58520aa60241f'
npm warn tar TAR_ENTRY_ERROR UNKNOWN: unknown error, open 'H:\coding\lms-platform\backend\node_modules\resolve-path\node_modules\statuses\HISTORY.md'
npm warn tar TAR_ENTRY_ERROR UNKNOWN: unknown error, open 'H:\coding\lms-platform\backend\node_modules\koa-send\node_modules\statuses\HISTORY.md'
npm warn tar TAR_ENTRY_ERROR EPERM: operation not permitted, unlink 'H:\coding\lms-platform\backend\node_modules\@babel\register\node_modules\semver\semver.js.DELETE.c6f2407724e84ff2a868584a82b6e1a0'
npm warn tar TAR_ENTRY_ERROR EPERM: operation not permitted, unlink 'H:\coding\lms-platform\backend\node_modules\find-cache-dir\node_modules\semver\semver.js.DELETE.27e40ae919bad6fec3c1717995fa70c5'
npm warn tar TAR_ENTRY_ERROR EPERM: operation not permitted, unlink 'H:\coding\lms-platform\backend\node_modules\make-dir\node_modules\semver\semver.js.DELETE.993ad28fcd6a59c63056f20ed3fc6ef2'
npm warn tar TAR_ENTRY_ERROR EPERM: operation not permitted, unlink 'H:\coding\lms-platform\backend\node_modules\body-parser\node_modules\content-type\dist\index.js.map.DELETE.e696896a1a6c256e0723e56992628f9e'
npm warn tar TAR_ENTRY_ERROR EPERM: operation not permitted, unlink 'H:\coding\lms-platform\backend\node_modules\negotiator\node_modules\content-type\dist\index.js.map.DELETE.5ce4278b1cadb06b76ed747299ae8b0c'
npm warn tar TAR_ENTRY_ERROR ENOENT: no such file or directory, rename 'H:\coding\lms-platform\backend\node_modules\nodemon\node_modules\balanced-match\.github\FUNDING.yml' -> 'H:\coding\lms-platform\backend\node_modules\nodemon\node_modules\balanced-match\.github\FUNDING.yml.DELETE.aafceb32c3b733fe81308675ff3a1322'
npm warn tar TAR_ENTRY_ERROR ENOENT: no such file or directory, rename 'H:\coding\lms-platform\backend\node_modules\router\node_modules\path-to-regexp\Readme.md' -> 'H:\coding\lms-platform\backend\node_modules\router\node_modules\path-to-regexp\Readme.md.DELETE.3307d5206a22f3ef510d9b290cb2b2cc'
npm warn tar TAR_ENTRY_ERROR ENOENT: no such file or directory, rename 'H:\coding\lms-platform\backend\node_modules\through2\node_modules\readable-stream\lib\_stream_transform.js' -> 'H:\coding\lms-platform\backend\node_modules\through2\node_modules\readable-stream\lib\_stream_transform.js.DELETE.d6d9c099d2dd9fb5a02b191596235400'
npm warn tar TAR_ENTRY_ERROR EPERM: operation not permitted, unlink 'H:\coding\lms-platform\backend\node_modules\@strapi\ui-primitives\node_modules\aria-hidden\dist\es2019\index.js.DELETE.1588e4ce343111f680732a74c7a84faf'
npm warn tar TAR_ENTRY_ERROR ENOENT: no such file or directory, rename 'H:\coding\lms-platform\backend\node_modules\ansi-html-community\README.md' -> 'H:\coding\lms-platform\backend\node_modules\ansi-html-community\README.md.DELETE.72ee449dd8ecc62ecf7a1e49b60694aa'
npm warn tar TAR_ENTRY_ERROR ENOENT: no such file or directory, rename 'H:\coding\lms-platform\backend\node_modules\@shikijs\types\LICENSE' -> 'H:\coding\lms-platform\backend\node_modules\@shikijs\types\LICENSE.DELETE.1edda038069167a7c959fed7a2a3ad7d'
npm warn tar TAR_ENTRY_ERROR ENOENT: no such file or directory, rename 'H:\coding\lms-platform\backend\node_modules\unified\package.json' -> 'H:\coding\lms-platform\backend\node_modules\unified\package.json.DELETE.9ca0ae1190d4f0161c346c8810b7a91b'
npm warn tar TAR_ENTRY_ERROR ENOENT: no such file or directory, rename 'H:\coding\lms-platform\backend\node_modules\flagged-respawn\lib\reorder.js' -> 'H:\coding\lms-platform\backend\node_modules\flagged-respawn\lib\reorder.js.DELETE.be8a3a013f6721ff06f95a030ad7fc25'
npm warn tar TAR_ENTRY_ERROR UNKNOWN: unknown error, open 'H:\coding\lms-platform\backend\node_modules\homedir-polyfill\README.md'
npm warn tar TAR_ENTRY_ERROR ENOENT: no such file or directory, rename 'H:\coding\lms-platform\backend\node_modules\unist-util-visit\lib\index.d.ts.map' -> 'H:\coding\lms-platform\backend\node_modules\unist-util-visit\lib\index.d.ts.map.DELETE.bc0cfea856e7a713f520f613ec8357ee'
npm warn tar TAR_ENTRY_ERROR UNKNOWN: unknown error, open 'H:\coding\lms-platform\backend\node_modules\pstree.remy\lib\index.js'
npm warn tar TAR_ENTRY_ERROR UNKNOWN: unknown error, open 'H:\coding\lms-platform\backend\node_modules\crc\crc16.js'
npm warn tar TAR_ENTRY_ERROR UNKNOWN: unknown error, open 'H:\coding\lms-platform\backend\node_modules\is-interactive\readme.md'
npm warn tar TAR_ENTRY_ERROR UNKNOWN: unknown error, open 'H:\coding\lms-platform\backend\node_modules\koa-is-json\index.js'
npm warn tar TAR_ENTRY_ERROR UNKNOWN: unknown error, open 'H:\coding\lms-platform\backend\node_modules\resolve-path\HISTORY.md'
npm warn tar TAR_ENTRY_ERROR UNKNOWN: unknown error, open 'H:\coding\lms-platform\backend\node_modules\compressible\README.md'
npm warn tar TAR_ENTRY_ERROR UNKNOWN: unknown error, open 'H:\coding\lms-platform\backend\node_modules\yallist\README.md'
npm warn tar TAR_ENTRY_ERROR UNKNOWN: unknown error, open 'H:\coding\lms-platform\backend\node_modules\mz\child_process.js'
npm warn tar TAR_ENTRY_ERROR UNKNOWN: unknown error, open 'H:\coding\lms-platform\backend\node_modules\co\History.md'
npm warn tar TAR_ENTRY_ERROR UNKNOWN: unknown error, open 'H:\coding\lms-platform\backend\node_modules\entities\lib\esm\generated\decode-data-html.js'
npm warn tar TAR_ENTRY_ERROR UNKNOWN: unknown error, open 'H:\coding\lms-platform\backend\node_modules\json-parse-even-better-errors\README.md'
npm warn tar TAR_ENTRY_ERROR ENOENT: no such file or directory, rename 'H:\coding\lms-platform\backend\node_modules\buffer\README.md' -> 'H:\coding\lms-platform\backend\node_modules\buffer\README.md.DELETE.c67275efca23971904502063bee109a4'
npm warn tar TAR_ENTRY_ERROR ENOENT: no such file or directory, rename 'H:\coding\lms-platform\backend\node_modules\@babel\helper-string-parser\package.json' -> 'H:\coding\lms-platform\backend\node_modules\@babel\helper-string-parser\package.json.DELETE.82ad9af6762a964c9234f9c5525e84bc'
npm warn tar TAR_ENTRY_ERROR ENOENT: no such file or directory, rename 'H:\coding\lms-platform\backend\node_modules\@babel\helper-replace-supers\package.json' -> 'H:\coding\lms-platform\backend\node_modules\@babel\helper-replace-supers\package.json.DELETE.72c657a9ad33baa97d01591f0d55424d'
npm warn tar TAR_ENTRY_ERROR ENOENT: no such file or directory, rename 'H:\coding\lms-platform\backend\node_modules\readable-stream\lib\_stream_transform.js' -> 'H:\coding\lms-platform\backend\node_modules\readable-stream\lib\_stream_transform.js.DELETE.815360f860129abcb8c7322f7537beab'
npm warn tar TAR_ENTRY_ERROR ENOENT: no such file or directory, rename 'H:\coding\lms-platform\backend\node_modules\@babel\plugin-transform-optional-chaining\package.json' -> 'H:\coding\lms-platform\backend\node_modules\@babel\plugin-transform-optional-chaining\package.json.DELETE.ed4572d33e094f7a37eb21fbd39c2e11'
npm warn tar TAR_ENTRY_ERROR UNKNOWN: unknown error, open 'H:\coding\lms-platform\backend\node_modules\camel-case\dist.es2015\index.spec.js'
npm warn tar TAR_ENTRY_ERROR UNKNOWN: unknown error, open 'H:\coding\lms-platform\backend\node_modules\has-symbols\test\shams\core-js.js'
npm warn tar TAR_ENTRY_ERROR ENOENT: no such file or directory, rename 'H:\coding\lms-platform\backend\node_modules\human-signals\build\src\signals.js' -> 'H:\coding\lms-platform\backend\node_modules\human-signals\build\src\signals.js.DELETE.e8f6d44b1deadd82663e637db3a4e326'
npm warn tar TAR_ENTRY_ERROR ENOENT: no such file or directory, rename 'H:\coding\lms-platform\backend\node_modules\swr\dist\_internal\index.js' -> 'H:\coding\lms-platform\backend\node_modules\swr\dist\_internal\index.js.DELETE.21e2710e184bcc13155671262a2390a6'
npm warn tar TAR_ENTRY_ERROR ENOENT: no such file or directory, rename 'H:\coding\lms-platform\backend\node_modules\rimraf\dist\esm\error.js' -> 'H:\coding\lms-platform\backend\node_modules\rimraf\dist\esm\error.js.DELETE.272ba76936c926a52c4ce2a8c761d00d'
npm warn tar TAR_ENTRY_ERROR ENOENT: no such file or directory, rename 'H:\coding\lms-platform\backend\node_modules\sonner\LICENSE.md' -> 'H:\coding\lms-platform\backend\node_modules\sonner\LICENSE.md.DELETE.7497a79199593b84114c0d55355d3156'
npm warn tar TAR_ENTRY_ERROR ENOENT: no such file or directory, rename 'H:\coding\lms-platform\backend\node_modules\jsonwebtoken\lib\JsonWebTokenError.js' -> 'H:\coding\lms-platform\backend\node_modules\jsonwebtoken\lib\JsonWebTokenError.js.DELETE.3e325ff49bd68cfdc14654071d16ef4b'
npm warn tar TAR_ENTRY_ERROR UNKNOWN: unknown error, open 'H:\coding\lms-platform\backend\node_modules\react-query\dist\createAsyncStoragePersistor-experimental.production.min.js'
npm warn tar TAR_ENTRY_ERROR ENOENT: no such file or directory, rename 'H:\coding\lms-platform\backend\node_modules\@floating-ui\core\package.json' -> 'H:\coding\lms-platform\backend\node_modules\@floating-ui\core\package.json.DELETE.7ca77f5091326dda9d03fe0c36abe7bb'
npm warn tar TAR_ENTRY_ERROR ENOENT: no such file or directory, rename 'H:\coding\lms-platform\backend\node_modules\@radix-ui\react-tabs\node_modules\@radix-ui\react-id\dist\index.js' -> 'H:\coding\lms-platform\backend\node_modules\@radix-ui\react-tabs\node_modules\@radix-ui\react-id\dist\index.js.DELETE.7b2afd19648e6241f32faac2e5f609c6'
npm warn tar TAR_ENTRY_ERROR ENOENT: no such file or directory, rename 'H:\coding\lms-platform\backend\node_modules\@radix-ui\react-popover\node_modules\@radix-ui\react-use-callback-ref\dist\index.js' -> 'H:\coding\lms-platform\backend\node_modules\@radix-ui\react-popover\node_modules\@radix-ui\react-use-callback-ref\dist\index.js.DELETE.2ef29cb40445d7496c6309f85cf2b349'
npm warn tar TAR_ENTRY_ERROR ENOENT: no such file or directory, rename 'H:\coding\lms-platform\backend\node_modules\react-window\node_modules\memoize-one\dist\memoize-one.esm.js' -> 'H:\coding\lms-platform\backend\node_modules\react-window\node_modules\memoize-one\dist\memoize-one.esm.js.DELETE.2c7d30115042be5075a67f31d2377991'
npm warn tar TAR_ENTRY_ERROR ENOENT: no such file or directory, rename 'H:\coding\lms-platform\backend\node_modules\dot-case\dist\index.spec.js' -> 'H:\coding\lms-platform\backend\node_modules\dot-case\dist\index.spec.js.DELETE.22012d34fa3e5b45bb28b5fe77465574'
npm warn tar TAR_ENTRY_ERROR ENOENT: no such file or directory, rename 'H:\coding\lms-platform\backend\node_modules\lower-case\dist\index.spec.js' -> 'H:\coding\lms-platform\backend\node_modules\lower-case\dist\index.spec.js.DELETE.370435f509acec71b3a032819ecab874'
npm warn tar TAR_ENTRY_ERROR ENOENT: no such file or directory, rename 'H:\coding\lms-platform\backend\node_modules\@formatjs\intl-listformat\locale-data\am.js' -> 'H:\coding\lms-platform\backend\node_modules\@formatjs\intl-listformat\locale-data\am.js.DELETE.1a075300ba532e9f8a1556eb45754413'
npm warn tar TAR_ENTRY_ERROR ENOENT: no such file or directory, rename 'H:\coding\lms-platform\backend\node_modules\@remix-run\router\dist\router.umd.js' -> 'H:\coding\lms-platform\backend\node_modules\@remix-run\router\dist\router.umd.js.DELETE.0281ccf898d61716f666452d77faebd2'
npm warn tar TAR_ENTRY_ERROR UNKNOWN: unknown error, open 'H:\coding\lms-platform\backend\node_modules\@babel\preset-typescript\package.json'
npm warn tar TAR_ENTRY_ERROR EPERM: operation not permitted, unlink 'H:\coding\lms-platform\backend\node_modules\uglify-js\lib\ast.js.DELETE.b3fe3d257056612ef259193b48597047'
npm warn tar TAR_ENTRY_ERROR EPERM: operation not permitted, unlink 'H:\coding\lms-platform\backend\node_modules\json-schema-traverse\spec\fixtures\schema.js.DELETE.29fa7552b5575e8e0fab0ca4693faf66'
npm warn tar TAR_ENTRY_ERROR ENOENT: no such file or directory, rename 'H:\coding\lms-platform\backend\node_modules\type-fest\source\asyncify.d.ts' -> 'H:\coding\lms-platform\backend\node_modules\type-fest\source\asyncify.d.ts.DELETE.4af215a0d50b180664e8b42d27861ec8'
npm warn tar TAR_ENTRY_ERROR EPERM: operation not permitted, unlink 'H:\coding\lms-platform\backend\node_modules\typedoc\dist\lib\internationalization\locales\de.cjs.DELETE.535c8f962034ac7e23b75a0e4a8d35c1'
npm warn tar TAR_ENTRY_ERROR ENOENT: no such file or directory, rename 'H:\coding\lms-platform\backend\node_modules\sharp\src\pipeline.cc' -> 'H:\coding\lms-platform\backend\node_modules\sharp\src\pipeline.cc.DELETE.b7e3c289611200baa3534a37dd881657'
npm warn tar TAR_ENTRY_ERROR EPERM: operation not permitted, unlink 'H:\coding\lms-platform\backend\node_modules\style-mod\src\style-mod.js.DELETE.5bef4a6f5eb095ae711e9c6fe87df9f4'
npm warn tar TAR_ENTRY_ERROR EPERM: operation not permitted, unlink 'H:\coding\lms-platform\backend\node_modules\@floating-ui\utils\dist\floating-ui.utils.dom.umd.js.DELETE.bf225b83279df201d771a24700eab555'
npm warn tar TAR_ENTRY_ERROR EPERM: operation not permitted, unlink 'H:\coding\lms-platform\backend\node_modules\reselect\es\index.js.DELETE.a28b4e0133ad4ae78a40ebca48f74f79'
npm warn tar TAR_ENTRY_ERROR EPERM: operation not permitted, unlink 'H:\coding\lms-platform\backend\node_modules\react-is\umd\react-is.development.js.DELETE.1de73c9fabf841010a46fa82c7437002'
npm warn tar TAR_ENTRY_ERROR ENOENT: no such file or directory, rename 'H:\coding\lms-platform\backend\node_modules\qs\lib\index.js' -> 'H:\coding\lms-platform\backend\node_modules\qs\lib\index.js.DELETE.a7f092e613cc617d428e599dcd20e114'
npm warn tar TAR_ENTRY_ERROR EPERM: operation not permitted, unlink 'H:\coding\lms-platform\backend\node_modules\@casl\ability\dist\es5m\index.js.DELETE.c6f426697420300701145fa343db75c7'
npm warn tar TAR_ENTRY_ERROR EPERM: operation not permitted, unlink 'H:\coding\lms-platform\backend\node_modules\@internationalized\date\dist\private\CalendarDate.cjs.DELETE.bdfaf0b1261023aee984bf80c400b53c'
npm warn tar TAR_ENTRY_ERROR UNKNOWN: unknown error, open 'H:\coding\lms-platform\backend\node_modules\tinyglobby\node_modules\fdir\README.md'
npm warn tar TAR_ENTRY_ERROR EPERM: operation not permitted, unlink 'H:\coding\lms-platform\backend\node_modules\pretty-format\node_modules\react-is\umd\react-is.development.js.DELETE.e0c8b92b3d0e1df76aee48bb5b4bd5d9'
npm warn tar TAR_ENTRY_ERROR UNKNOWN: unknown error, open 'H:\coding\lms-platform\backend\node_modules\@radix-ui\react-visually-hidden\node_modules\@radix-ui\react-compose-refs\dist\index.js'
npm warn tar TAR_ENTRY_ERROR UNKNOWN: unknown error, open 'H:\coding\lms-platform\backend\node_modules\@radix-ui\react-menu\node_modules\@radix-ui\react-use-controllable-state\dist\index.js'
npm warn tar TAR_ENTRY_ERROR UNKNOWN: unknown error, open 'H:\coding\lms-platform\backend\node_modules\@strapi\ui-primitives\node_modules\@radix-ui\react-use-layout-effect\dist\index.js'
npm warn tar TAR_ENTRY_ERROR UNKNOWN: unknown error, open 'H:\coding\lms-platform\backend\node_modules\read-pkg-up\node_modules\type-fest\source\except.d.ts'
npm warn tar TAR_ENTRY_ERROR UNKNOWN: unknown error, open 'H:\coding\lms-platform\backend\node_modules\minizlib\dist\commonjs\index.js'
npm warn tar TAR_ENTRY_ERROR UNKNOWN: unknown error, open 'H:\coding\lms-platform\backend\node_modules\css-what\lib\commonjs\parse.js'
npm warn tar TAR_ENTRY_ERROR UNKNOWN: unknown error, open 'H:\coding\lms-platform\backend\node_modules\domelementtype\package.json'
npm warn tar TAR_ENTRY_ERROR UNKNOWN: unknown error, open 'H:\coding\lms-platform\backend\node_modules\dom-serializer\lib\index.js'
npm warn tar TAR_ENTRY_ERROR UNKNOWN: unknown error, open 'H:\coding\lms-platform\backend\node_modules\oblivious-set\package.json'
npm warn tar TAR_ENTRY_ERROR UNKNOWN: unknown error, open 'H:\coding\lms-platform\backend\node_modules\mdast-util-to-markdown\lib\handle\break.js'
npm warn tar TAR_ENTRY_ERROR ENOENT: no such file or directory, rename 'H:\coding\lms-platform\backend\node_modules\micromark-core-commonmark\lib\autolink.js' -> 'H:\coding\lms-platform\backend\node_modules\micromark-core-commonmark\lib\autolink.js.DELETE.1715e27eea779bad50ff7cc5b8a1c5c7'
npm warn tar TAR_ENTRY_ERROR UNKNOWN: unknown error, open 'H:\coding\lms-platform\backend\node_modules\remark-rehype\index.d.ts.map'
npm warn tar TAR_ENTRY_ERROR UNKNOWN: unknown error, open 'H:\coding\lms-platform\backend\node_modules\no-case\dist\index.spec.js'
npm warn tar TAR_ENTRY_ERROR ENOENT: no such file or directory, rename 'H:\coding\lms-platform\backend\node_modules\mdurl\lib\decode.mjs' -> 'H:\coding\lms-platform\backend\node_modules\mdurl\lib\decode.mjs.DELETE.5f2422b08cf65f3ea16ec94aee145df8'
npm warn tar TAR_ENTRY_ERROR ENOENT: no such file or directory, rename 'H:\coding\lms-platform\backend\node_modules\jsesc\README.md' -> 'H:\coding\lms-platform\backend\node_modules\jsesc\README.md.DELETE.4b4c5808a807e37a42390a94091c6a33'
npm warn tar TAR_ENTRY_ERROR UNKNOWN: unknown error, open 'H:\coding\lms-platform\backend\node_modules\accepts\README.md'
npm warn tar TAR_ENTRY_ERROR ENOENT: no such file or directory, rename 'H:\coding\lms-platform\backend\node_modules\@uiw\codemirror-extensions-basic-setup\cjs\index.d.ts' -> 'H:\coding\lms-platform\backend\node_modules\@uiw\codemirror-extensions-basic-setup\cjs\index.d.ts.DELETE.bdf29e9e194c328476f74451b4212d3a'
npm warn tar TAR_ENTRY_ERROR ENOENT: no such file or directory, rename 'H:\coding\lms-platform\backend\node_modules\@codemirror\lint\package.json' -> 'H:\coding\lms-platform\backend\node_modules\@codemirror\lint\package.json.DELETE.127fcddd994c7295a8f4f188e92e6083'
npm warn tar TAR_ENTRY_ERROR ENOENT: no such file or directory, rename 'H:\coding\lms-platform\backend\node_modules\minimatch\dist\esm\ast.js' -> 'H:\coding\lms-platform\backend\node_modules\minimatch\dist\esm\ast.js.DELETE.bb380695e99f8f3eb522166425c60f75'
npm warn tar TAR_ENTRY_ERROR EPERM: operation not permitted, unlink 'H:\coding\lms-platform\backend\node_modules\@radix-ui\react-menu\dist\index.js.DELETE.442015855764c13aa1c97651337e5528'
npm warn tar TAR_ENTRY_ERROR EPERM: operation not permitted, unlink 'H:\coding\lms-platform\backend\node_modules\@floating-ui\react-dom\package.json.DELETE.2901d303bb24feade574ca86c0ffec7e'
npm warn tar TAR_ENTRY_ERROR EPERM: operation not permitted, unlink 'H:\coding\lms-platform\backend\node_modules\koa\lib\response.js.DELETE.bcc492e676757b2daced05254e7f4c50'
npm warn tar TAR_ENTRY_ERROR ENOENT: no such file or directory, rename 'H:\coding\lms-platform\backend\node_modules\winston-transport\node_modules\readable-stream\lib\_stream_transform.js' -> 'H:\coding\lms-platform\backend\node_modules\winston-transport\node_modules\readable-stream\lib\_stream_transform.js.DELETE.b1c6a89cda84d05ffaa5965f4a6d9a52'
npm warn tar TAR_ENTRY_ERROR ENOENT: no such file or directory, rename 'H:\coding\lms-platform\backend\node_modules\bl\node_modules\readable-stream\lib\_stream_transform.js' -> 'H:\coding\lms-platform\backend\node_modules\bl\node_modules\readable-stream\lib\_stream_transform.js.DELETE.728c9bdfa08772a16a7a580a1788c416'
npm warn tar TAR_ENTRY_ERROR EPERM: operation not permitted, unlink 'H:\coding\lms-platform\backend\node_modules\get-nonce\package.json.DELETE.dc159cd528f5046c940f1e89d909fe49'
npm warn tar TAR_ENTRY_ERROR EPERM: operation not permitted, unlink 'H:\coding\lms-platform\backend\node_modules\liftoff\lib\find_config.js.DELETE.8c68e354dabf33dce20a0a24d0917c4c'
npm warn tar TAR_ENTRY_ERROR EPERM: operation not permitted, unlink 'H:\coding\lms-platform\backend\node_modules\@formatjs\intl-localematcher\lib\abstract\BestFitMatcher.js.DELETE.b4de668c77f602cc6478a24ac48a0fec'
npm warn tar TAR_ENTRY_ERROR EPERM: operation not permitted, unlink 'H:\coding\lms-platform\backend\node_modules\lines-and-columns\build\index.d.ts.DELETE.47566994daa21c9f64ed9011d41510ba'
npm warn tar TAR_ENTRY_ERROR EPERM: operation not permitted, unlink 'H:\coding\lms-platform\backend\node_modules\call-bound\test\index.js.DELETE.722df53c1582fd76637d75c04dce1718'
npm warn tar TAR_ENTRY_ERROR EPERM: operation not permitted, unlink 'H:\coding\lms-platform\backend\node_modules\immediate\dist\immediate.min.js.DELETE.79aad3652a1b5180bc70ed87a7323e14'
npm warn tar TAR_ENTRY_ERROR EPERM: operation not permitted, unlink 'H:\coding\lms-platform\backend\node_modules\generator-function\legacy.js.DELETE.0f6427bc0f8c5a7906d64ad1c0fc9bd5'
npm warn tar TAR_ENTRY_ERROR EPERM: operation not permitted, unlink 'H:\coding\lms-platform\backend\node_modules\lru-memoizer\lib\index.js.DELETE.df3d6ad67247f1fa6226e16e61b9d69a'
npm warn tar TAR_ENTRY_ERROR EPERM: operation not permitted, unlink 'H:\coding\lms-platform\backend\node_modules\is-generator-function\test\corejs.js.DELETE.dcd416ea7b47b6f3b4a43c2a6e1d63d3'
npm warn tar TAR_ENTRY_ERROR EPERM: operation not permitted, unlink 'H:\coding\lms-platform\backend\node_modules\limiter\test\tokenbucket-test.js.DELETE.8a5b183d8450c48afbc17007ab311240'
npm warn tar TAR_ENTRY_ERROR EPERM: operation not permitted, unlink 'H:\coding\lms-platform\backend\node_modules\@babel\compat-data\data\corejs2-built-ins.json.DELETE.51b95315840ee93293e7abfc8dda7ef5'
npm warn tar TAR_ENTRY_ERROR EPERM: operation not permitted, unlink 'H:\coding\lms-platform\backend\node_modules\@babel\template\lib\formatters.js.DELETE.59e805f04f0e2611b8d9adf3d11a1f67'
npm warn tar TAR_ENTRY_ERROR EPERM: operation not permitted, unlink 'H:\coding\lms-platform\backend\node_modules\chardet\lib\encoding\index.js.DELETE.78ba8fea595bb4c8c811658e184e206f'
npm warn tar TAR_ENTRY_ERROR EPERM: operation not permitted, unlink 'H:\coding\lms-platform\backend\node_modules\@jridgewell\trace-mapping\types\resolve.d.cts.DELETE.4f39cac2cc9e5a9cbfb9fab5c599aad5'
npm warn tar TAR_ENTRY_ERROR EPERM: operation not permitted, unlink 'H:\coding\lms-platform\backend\node_modules\recast\example\add-braces.DELETE.1bf737cfda8c9cec9fe4b7c0dfeaa8db'
npm warn tar TAR_ENTRY_ERROR EPERM: operation not permitted, unlink 'H:\coding\lms-platform\backend\node_modules\@babel\helper-optimise-call-expression\package.json.DELETE.8b9a2912da7e1d3254e8762f5d48fc7a'
npm warn tar TAR_ENTRY_ERROR EPERM: operation not permitted, unlink 'H:\coding\lms-platform\backend\node_modules\@babel\traverse\lib\context.js.DELETE.fb213ff87d420730cd5d8bb10c8bae7e'
npm warn tar TAR_ENTRY_ERROR EPERM: operation not permitted, unlink 'H:\coding\lms-platform\backend\node_modules\@babel\core\lib\config\caching.js.DELETE.c11607c00e5da2738f57331f97082f88'
npm warn tar TAR_ENTRY_ERROR EPERM: operation not permitted, unlink 'H:\coding\lms-platform\backend\node_modules\@babel\register\lib\browser.cjs.map.DELETE.f863161976ce0bfaa1fc9e3be1a7dd84'
npm warn tar TAR_ENTRY_ERROR EPERM: operation not permitted, unlink 'H:\coding\lms-platform\backend\node_modules\clean-css\lib\optimizer\level-1\property-optimizers\background.js.DELETE.2f97bfe865a9a9036e4502a794d4225f'
npm warn tar TAR_ENTRY_ERROR EPERM: operation not permitted, unlink 'H:\coding\lms-platform\backend\node_modules\globalthis\implementation.browser.js.DELETE.ef595df53375c8cbc32009344d7d2757'
npm warn tar TAR_ENTRY_ERROR EPERM: operation not permitted, unlink 'H:\coding\lms-platform\backend\node_modules\neo-async\angelFall.js.DELETE.787cd97000abea22fcd8f7976b6e693d'
npm warn tar TAR_ENTRY_ERROR EPERM: operation not permitted, unlink 'H:\coding\lms-platform\backend\node_modules\object-keys\CHANGELOG.md.DELETE.4c31fb16f1edc27c2cf2ccf0139757af'
npm warn tar TAR_ENTRY_ERROR EPERM: operation not permitted, unlink 'H:\coding\lms-platform\backend\node_modules\@babel\preset-flow\lib\normalize-options.js.DELETE.c579e8b3e950b391cd3d9ee7cac92c91'
npm warn tar TAR_ENTRY_ERROR EPERM: operation not permitted, unlink 'H:\coding\lms-platform\backend\node_modules\serialize-error\index.d.ts.DELETE.7a330b0a2df62be0706be762022f168c'
npm warn tar TAR_ENTRY_ERROR EPERM: operation not permitted, unlink 'H:\coding\lms-platform\backend\node_modules\define-properties\index.js.DELETE.41c5078e46951a9fb1b45b466f33fddc'
npm warn tar TAR_ENTRY_ERROR EPERM: operation not permitted, unlink 'H:\coding\lms-platform\backend\node_modules\registry-url\readme.md.DELETE.00f3319e4381ed4c72713bb3a2cdf94b'
npm warn tar TAR_ENTRY_ERROR EPERM: operation not permitted, unlink 'H:\coding\lms-platform\backend\node_modules\matcher\index.d.ts.DELETE.2094cbfc189f6fb303211ac2169ddfa6'
npm warn tar TAR_ENTRY_ERROR EPERM: operation not permitted, unlink 'H:\coding\lms-platform\backend\node_modules\decompress-response\index.d.ts.DELETE.c3b62eb97a2ac41a39721da29b28e111'
npm warn tar TAR_ENTRY_ERROR EPERM: operation not permitted, unlink 'H:\coding\lms-platform\backend\node_modules\call-bind-apply-helpers\applyBind.js.DELETE.8bb21e3a3200d6900198145e9c35d3a1'
npm warn tar TAR_ENTRY_ERROR EPERM: operation not permitted, unlink 'H:\coding\lms-platform\backend\node_modules\is-retry-allowed\index.d.ts.DELETE.222697729dec96c7ff604500ae50d2b2'
npm warn tar TAR_ENTRY_ERROR EPERM: operation not permitted, unlink 'H:\coding\lms-platform\backend\node_modules\react-fast-compare\README.md.DELETE.3f0c6addc3d2cdd6487208ed84766bf7'
npm warn tar TAR_ENTRY_ERROR EPERM: operation not permitted, unlink 'H:\coding\lms-platform\backend\node_modules\delayed-stream\Readme.md.DELETE.f830cc0823c513674a8dd6916070e3a4'
npm warn tar TAR_ENTRY_ERROR EPERM: operation not permitted, unlink 'H:\coding\lms-platform\backend\node_modules\mimic-response\index.d.ts.DELETE.29b316713a3096ae57919da97d491582'
npm warn tar TAR_ENTRY_ERROR EPERM: operation not permitted, unlink 'H:\coding\lms-platform\backend\node_modules\hasown\tsconfig.json.DELETE.d05d2f999cbcbe537e36ef857069e8bb'
npm warn tar TAR_ENTRY_ERROR EPERM: operation not permitted, unlink 'H:\coding\lms-platform\backend\node_modules\lodash-es\_arrayAggregator.js.DELETE.4e434c4c2e386a4403ecb6901801f886'
npm warn tar TAR_ENTRY_ERROR EPERM: operation not permitted, unlink 'H:\coding\lms-platform\backend\node_modules\@strapi\admin\node_modules\use-context-selector\package.json.DELETE.a5310964b1b2996bc7872388d41bb13c'
npm warn tar TAR_ENTRY_ERROR EPERM: operation not permitted, unlink 'H:\coding\lms-platform\backend\node_modules\jsonfile\README.md.DELETE.ad94e6bf71a0c0131cbb91037a1f0394'
npm warn tar TAR_ENTRY_ERROR EPERM: operation not permitted, unlink 'H:\coding\lms-platform\backend\node_modules\registry-auth-token\CHANGELOG.md.DELETE.6464d3df69be26476cf88ba5e384256b'
npm warn tar TAR_ENTRY_ERROR EPERM: operation not permitted, unlink 'H:\coding\lms-platform\backend\node_modules\proxy-addr\README.md.DELETE.39a25c47b985aff5dcb263ec2392d6bf'
npm warn tar TAR_ENTRY_ERROR EPERM: operation not permitted, unlink 'H:\coding\lms-platform\backend\node_modules\path-type\readme.md.DELETE.cbc8cd545e576bfc162b44cf233e008c'
npm warn tar TAR_ENTRY_ERROR EPERM: operation not permitted, unlink 'H:\coding\lms-platform\backend\node_modules\bytes\Readme.md.DELETE.af608c569a481982756894ec725b16ff'
npm warn tar TAR_ENTRY_ERROR EPERM: operation not permitted, unlink 'H:\coding\lms-platform\backend\node_modules\cookie-signature\Readme.md.DELETE.85d4afbe76d173ef3f094362700f1721'
npm warn tar TAR_ENTRY_ERROR EPERM: operation not permitted, unlink 'H:\coding\lms-platform\backend\node_modules\import-fresh\index.d.ts.DELETE.1dd58aa088592285e948fa76c0ac80d5'
npm warn tar TAR_ENTRY_ERROR EPERM: operation not permitted, unlink 'H:\coding\lms-platform\backend\node_modules\statuses\HISTORY.md.DELETE.ced6da016e470334667a9538b6a2e3b9'
npm warn tar TAR_ENTRY_ERROR EPERM: operation not permitted, unlink 'H:\coding\lms-platform\backend\node_modules\parseurl\README.md.DELETE.ede1f0019030cf80f5a39dd044ce9c3b'
npm warn tar TAR_ENTRY_ERROR EPERM: operation not permitted, unlink 'H:\coding\lms-platform\backend\node_modules\range-parser\README.md.DELETE.e3f5e38071294ce1e16019c0054fde6d'
npm warn tar TAR_ENTRY_ERROR EPERM: operation not permitted, unlink 'H:\coding\lms-platform\backend\node_modules\on-finished\README.md.DELETE.32e66368e2249de8b276903a2e563843'
npm warn tar TAR_ENTRY_ERROR EPERM: operation not permitted, unlink 'H:\coding\lms-platform\backend\node_modules\etag\HISTORY.md.DELETE.94c49efa094c864d1fc08a3f36932c4a'
npm warn tar TAR_ENTRY_ERROR EPERM: operation not permitted, unlink 'H:\coding\lms-platform\backend\node_modules\asynckit\index.js.DELETE.18e2b9c730c599ec84e7b3df7acb433b'
npm warn tar TAR_ENTRY_ERROR EPERM: operation not permitted, unlink 'H:\coding\lms-platform\backend\node_modules\merge-descriptors\index.d.ts.DELETE.1a26d70e3cc18fdf7abde719a48b306e'
npm warn tar TAR_ENTRY_ERROR EPERM: operation not permitted, unlink 'H:\coding\lms-platform\backend\node_modules\get-it\dist\index.cjs.DELETE.1991deed3e713ae29f025213b166f655'
npm warn tar TAR_ENTRY_ERROR EPERM: operation not permitted, unlink 'H:\coding\lms-platform\backend\node_modules\is-stream\index.d.ts.DELETE.3147af6571d0f31e28b1c3507ee60069'
npm warn tar TAR_ENTRY_ERROR EPERM: operation not permitted, unlink 'H:\coding\lms-platform\backend\node_modules\get-stream\readme.md.DELETE.8d0d9d96b0323a133cb60e2d4440ce9e'
npm warn tar TAR_ENTRY_ERROR EPERM: operation not permitted, unlink 'H:\coding\lms-platform\backend\node_modules\onetime\index.d.ts.DELETE.27f02ac7da49d51e11dcb60fe353e4cf'
npm warn tar TAR_ENTRY_ERROR EPERM: operation not permitted, unlink 'H:\coding\lms-platform\backend\node_modules\spawn-command\.travis.yml.DELETE.5c9c924b673119dc33444b4c0eef1e6a'
npm warn tar TAR_ENTRY_ERROR EPERM: operation not permitted, unlink 'H:\coding\lms-platform\backend\node_modules\fresh\README.md.DELETE.35114653607b33667e68027008ca5e5a'
npm warn tar TAR_ENTRY_ERROR EPERM: operation not permitted, unlink 'H:\coding\lms-platform\backend\node_modules\make-dir\index.d.ts.DELETE.6539dcd295e3a882dab8997c6892646b'
npm warn tar TAR_ENTRY_ERROR EPERM: operation not permitted, unlink 'H:\coding\lms-platform\backend\node_modules\npm-run-path\index.d.ts.DELETE.357bd4c01557fa1e7dbeb9efe9130512'
npm warn tar TAR_ENTRY_ERROR EPERM: operation not permitted, unlink 'H:\coding\lms-platform\backend\node_modules\xdg-basedir\readme.md.DELETE.b04c063bd3719fb9a9fd0b27a712aca1'
npm warn tar TAR_ENTRY_ERROR EPERM: operation not permitted, unlink 'H:\coding\lms-platform\backend\node_modules\write-file-atomic\README.md.DELETE.f98e2312c80b2c6dfdc1641d713185fa'
npm warn tar TAR_ENTRY_ERROR EPERM: operation not permitted, unlink 'H:\coding\lms-platform\backend\node_modules\graceful-fs\polyfills.js.DELETE.409a795723ea87c4f80c2a2812a65982'
npm warn tar TAR_ENTRY_ERROR EPERM: operation not permitted, unlink 'H:\coding\lms-platform\backend\node_modules\glob-parent\README.md.DELETE.6b7f912088e0081b5e7e39afe26a2d60'
npm warn tar TAR_ENTRY_ERROR EPERM: operation not permitted, unlink 'H:\coding\lms-platform\backend\node_modules\is-binary-path\readme.md.DELETE.6f7cc8d1800b7d09e86151c7ab09d9a6'
npm warn tar TAR_ENTRY_ERROR EPERM: operation not permitted, unlink 'H:\coding\lms-platform\backend\node_modules\memfs\lib\Dirent.js.DELETE.16b0fa9939c93009148a835227caaccb'
npm warn tar TAR_ENTRY_ERROR EPERM: operation not permitted, unlink 'H:\coding\lms-platform\backend\node_modules\dot-prop\index.d.ts.DELETE.17c80612a26f750372090f62e993af31'
npm warn tar TAR_ENTRY_ERROR EPERM: operation not permitted, unlink 'H:\coding\lms-platform\backend\node_modules\is-obj\readme.md.DELETE.9c35f40154d4dbcad0933903cb01dba5'
npm warn tar TAR_ENTRY_ERROR EPERM: operation not permitted, unlink 'H:\coding\lms-platform\backend\node_modules\tree-kill\README.md.DELETE.14ca5516643159c8f53fc8fb172b88b0'
npm warn tar TAR_ENTRY_ERROR EPERM: operation not permitted, unlink 'H:\coding\lms-platform\backend\node_modules\ansi-styles\index.d.ts.DELETE.efc68735a33bf4f2147295457e58f23c'
npm warn tar TAR_ENTRY_ERROR EPERM: operation not permitted, unlink 'H:\coding\lms-platform\backend\node_modules\anymatch\index.d.ts.DELETE.678170f5d0c13200d97334dd9d52b571'
npm warn tar TAR_ENTRY_ERROR EPERM: operation not permitted, unlink 'H:\coding\lms-platform\backend\node_modules\supports-color\readme.md.DELETE.ed37f9a315b53cfd3cbc99c0e590e3af'
npm warn tar TAR_ENTRY_ERROR EPERM: operation not permitted, unlink 'H:\coding\lms-platform\backend\node_modules\camelcase\index.d.ts.DELETE.a26039095157c45ca3c3cf1847c6a020'
npm warn tar TAR_ENTRY_ERROR EPERM: operation not permitted, unlink 'H:\coding\lms-platform\backend\node_modules\follow-redirects\index.js.DELETE.d48287c4bfe1e35643525f4233578634'
npm warn tar TAR_ENTRY_ERROR EPERM: operation not permitted, unlink 'H:\coding\lms-platform\backend\node_modules\path-key\index.d.ts.DELETE.06d0ddf62990c174e11ac0aaf6bb0a58'
npm warn tar TAR_ENTRY_ERROR EPERM: operation not permitted, unlink 'H:\coding\lms-platform\backend\node_modules\file-uri-to-path\index.js.DELETE.c836933f35a01852424a8c58d90945a4'
npm warn tar TAR_ENTRY_ERROR EPERM: operation not permitted, unlink 'H:\coding\lms-platform\backend\node_modules\proxy-from-env\README.md.DELETE.4ed43a3879a62eb5296a98ddf1681052'
npm warn tar TAR_ENTRY_ERROR EPERM: operation not permitted, unlink 'H:\coding\lms-platform\backend\node_modules\widest-line\readme.md.DELETE.69d4ab1d9b591c85b59204c42bed8c3f'
npm warn tar TAR_ENTRY_ERROR EPERM: operation not permitted, unlink 'H:\coding\lms-platform\backend\node_modules\unique-string\readme.md.DELETE.ad2af8c6b1747ccff07baa8635645d6d'
npm warn tar TAR_ENTRY_ERROR EPERM: operation not permitted, unlink 'H:\coding\lms-platform\backend\node_modules\@swc\types\README.md.DELETE.1083160d60b05bf5a8de71b13072b6e6'
npm warn tar TAR_ENTRY_ERROR EPERM: operation not permitted, unlink 'H:\coding\lms-platform\backend\node_modules\prebuild-install\error.js.DELETE.d0ce94af1dfb98080b3921c65230ff8f'
npm warn tar TAR_ENTRY_ERROR EPERM: operation not permitted, unlink 'H:\coding\lms-platform\backend\node_modules\string-width\index.d.ts.DELETE.449698ad981ffff6ace017d0deb5b20c'
npm warn tar TAR_ENTRY_ERROR EPERM: operation not permitted, unlink 'H:\coding\lms-platform\backend\node_modules\https-proxy-agent\dist\agent.js.map.DELETE.4516e88832abd8a9d23c296f3841b599'
npm warn tar TAR_ENTRY_ERROR EPERM: operation not permitted, unlink 'H:\coding\lms-platform\backend\node_modules\ansi-align\README.md.DELETE.fc977f2702fd568c12bf6cd8daf1021e'
npm warn tar TAR_ENTRY_ERROR EPERM: operation not permitted, unlink 'H:\coding\lms-platform\backend\node_modules\picocolors\README.md.DELETE.63c00ed0d1059411a26e0bf1f7c99332'
npm warn tar TAR_ENTRY_ERROR EPERM: operation not permitted, unlink 'H:\coding\lms-platform\backend\node_modules\js-tokens\README.md.DELETE.aa0b0303a2f59c50577b8e6871e05190'
npm warn tar TAR_ENTRY_ERROR EPERM: operation not permitted, unlink 'H:\coding\lms-platform\backend\node_modules\undici-types\api.d.ts.DELETE.f92acb113b8d5d590ae9becba351cef9'
npm warn tar TAR_ENTRY_ERROR EPERM: operation not permitted, unlink 'H:\coding\lms-platform\backend\node_modules\preferred-pm\index.d.ts.DELETE.654818a713475e25a53f63850eec28bc'
npm warn tar TAR_ENTRY_ERROR EPERM: operation not permitted, unlink 'H:\coding\lms-platform\backend\node_modules\media-tracks\dist\change-event.js.DELETE.5bdc6e311b4fb469fd1919ba235aeaca'
npm warn tar TAR_ENTRY_ERROR EPERM: operation not permitted, unlink 'H:\coding\lms-platform\backend\node_modules\@mux\mux-player-react\dist\index.cjs.js.DELETE.cedb4bdc004e709a53067b1ceac7312c'
npm warn tar TAR_ENTRY_ERROR EPERM: operation not permitted, unlink 'H:\coding\lms-platform\backend\node_modules\@opentelemetry\api\build\esm\trace\attributes.js.DELETE.cfb24a3e7c407f7ebf2669df2f9d069e'
npm warn tar TAR_ENTRY_ERROR EPERM: operation not permitted, unlink 'H:\coding\lms-platform\backend\node_modules\@colors\colors\lib\extendStringPrototype.js.DELETE.5e2ec3020dcc467adfaedff2b55dac0b'
npm warn tar TAR_ENTRY_ERROR EPERM: operation not permitted, unlink 'H:\coding\lms-platform\backend\node_modules\jscodeshift\LICENSE.DELETE.166be0bf71ac78488630e2485b0a3440'
npm warn tar TAR_ENTRY_ERROR EPERM: operation not permitted, unlink 'H:\coding\lms-platform\backend\node_modules\nodemailer\.ncurc.js.DELETE.f02a852dba0fdbd3627c05a5956556c5'
npm warn tar TAR_ENTRY_ERROR EPERM: operation not permitted, unlink 'H:\coding\lms-platform\backend\node_modules\cli-boxes\readme.md.DELETE.60f861b12e5e7c7b6f86d3bd33fb25e7'
npm warn tar TAR_ENTRY_ERROR EPERM: operation not permitted, unlink 'H:\coding\lms-platform\backend\node_modules\zod-to-json-schema\dist\esm\parsers\any.js.DELETE.8fafc51c9a48a7f7d37d86ec8c26ad50'
npm warn tar TAR_ENTRY_ERROR EPERM: operation not permitted, unlink 'H:\coding\lms-platform\backend\node_modules\node-schedule\lib\Invocation.js.DELETE.a30f2724b62041c0e00424180797d151'
npm warn tar TAR_ENTRY_ERROR EPERM: operation not permitted, unlink 'H:\coding\lms-platform\backend\node_modules\signal-exit\LICENSE.txt.DELETE.c8eb37df5ee002333f73e90246918d2f'
npm warn tar TAR_ENTRY_ERROR EPERM: operation not permitted, unlink 'H:\coding\lms-platform\backend\node_modules\pretty-format\build\plugins\ConvertAnsi.js.DELETE.52307b28da981bb160fda4876f2863d2'
npm warn tar TAR_ENTRY_ERROR EPERM: operation not permitted, unlink 'H:\coding\lms-platform\backend\node_modules\media-chrome\dist\iife\all.js.DELETE.53d72317fe83eacb93a0f75b2cc8956a'
npm warn tar TAR_ENTRY_ERROR EPERM: operation not permitted, unlink 'H:\coding\lms-platform\backend\node_modules\typedoc-plugin-markdown\dist\libs\markdown\bold.js.DELETE.c114d79768167e7976dacd0cb67130cf'
npm warn tar TAR_ENTRY_ERROR EPERM: operation not permitted, unlink 'H:\coding\lms-platform\backend\node_modules\content-type\README.md.DELETE.176f750ad3e962ebfcfac4fceff84ac6'
npm warn tar TAR_ENTRY_ERROR EPERM: operation not permitted, unlink 'H:\coding\lms-platform\backend\node_modules\koa-range\.travis.yml.DELETE.52dd4b710b38074d24390cf9138ecee6'
npm warn tar TAR_ENTRY_ERROR EPERM: operation not permitted, unlink 'H:\coding\lms-platform\backend\node_modules\cropperjs\dist\cropper.min.css.DELETE.5938658bb04ff663bde84c87722ac7c0'
npm warn tar TAR_ENTRY_ERROR EPERM: operation not permitted, unlink 'H:\coding\lms-platform\backend\node_modules\delegates\License.DELETE.cba9336b9230da70a12f0f86ae12e8ec'
npm warn tar TAR_ENTRY_ERROR EPERM: operation not permitted, unlink 'H:\coding\lms-platform\backend\node_modules\methods\HISTORY.md.DELETE.29fd8316b139b1154c529284fc9849bb'
npm warn tar TAR_ENTRY_ERROR EPERM: operation not permitted, unlink 'H:\coding\lms-platform\backend\node_modules\is-docker\readme.md.DELETE.a38430e6892cd24deaf8e969a3cf4d5e'
npm warn tar TAR_ENTRY_ERROR EPERM: operation not permitted, unlink 'H:\coding\lms-platform\backend\node_modules\throttleit\index.d.ts.DELETE.af058107eab604c69ce2123cb42379c8'
npm warn tar TAR_ENTRY_ERROR EPERM: operation not permitted, unlink 'H:\coding\lms-platform\backend\node_modules\vary\HISTORY.md.DELETE.46aecea2237cdb19d63e77dc6c50797d'
npm warn tar TAR_ENTRY_ERROR EPERM: operation not permitted, unlink 'H:\coding\lms-platform\backend\node_modules\package-json\index.d.ts.DELETE.9e962a77b871a3517f1cb96e6103f4f0'
npm warn tar TAR_ENTRY_ERROR EPERM: operation not permitted, unlink 'H:\coding\lms-platform\backend\node_modules\http-errors\README.md.DELETE.995352d4091b5309b803ea93e055ddf8'
npm warn tar TAR_ENTRY_ERROR EPERM: operation not permitted, unlink 'H:\coding\lms-platform\backend\node_modules\koa-session\dist\commonjs\index.js.DELETE.7005f430ea0cca712b8c08e02f0df343'
npm warn tar TAR_ENTRY_ERROR EPERM: operation not permitted, unlink 'H:\coding\lms-platform\backend\node_modules\@modelcontextprotocol\sdk\dist\esm\validation\ajv-provider.js.DELETE.04105cf747bae3b3102f3aeef5f0ecd7'
npm warn tar TAR_ENTRY_ERROR EPERM: operation not permitted, unlink 'H:\coding\lms-platform\backend\node_modules\node-machine-id\.flowconfig.DELETE.784aa2bbaab09a40613202e5699ec62c'
npm warn tar TAR_ENTRY_ERROR EPERM: operation not permitted, unlink 'H:\coding\lms-platform\backend\node_modules\escape-string-regexp\index.d.ts.DELETE.6a188723ce3281581807e700c3dcff50'
npm warn tar TAR_ENTRY_ERROR EPERM: operation not permitted, unlink 'H:\coding\lms-platform\backend\node_modules\loader-utils\lib\getHashDigest.js.DELETE.4cdf8d5159598acc2a0632be1a243c8b'
npm warn tar TAR_ENTRY_ERROR EPERM: operation not permitted, unlink 'H:\coding\lms-platform\backend\node_modules\@sindresorhus\transliterate\readme.md.DELETE.42be10729a6ed0906e566a088b582688'
npm warn tar TAR_ENTRY_ERROR EPERM: operation not permitted, unlink 'H:\coding\lms-platform\backend\node_modules\markdown-it-sup\bower.json.DELETE.0a18548ac825be0b1b1c8ab7fc847bc8'
npm warn tar TAR_ENTRY_ERROR EPERM: operation not permitted, unlink 'H:\coding\lms-platform\backend\node_modules\@ai-sdk\gateway\dist\index.mjs.map.DELETE.1964c14004e00e9f885a78dc547d570b'
npm warn tar TAR_ENTRY_ERROR EPERM: operation not permitted, unlink 'H:\coding\lms-platform\backend\node_modules\markdown-it-sub\bower.json.DELETE.facb0627e2c97a303a964197fe49efa5'
npm warn tar TAR_ENTRY_ERROR EPERM: operation not permitted, unlink 'H:\coding\lms-platform\backend\node_modules\markdown-it-abbr\bower.json.DELETE.38d51b11c97e6b541938f07a818ba236'
npm warn tar TAR_ENTRY_ERROR EPERM: operation not permitted, unlink 'H:\coding\lms-platform\backend\node_modules\pkg-up\readme.md.DELETE.adcd473ce12bcf27a9977bd5922b658f'
npm warn tar TAR_ENTRY_ERROR EPERM: operation not permitted, unlink 'H:\coding\lms-platform\backend\node_modules\css-loader\dist\runtime\getUrl.js.DELETE.917d9beb7f14c79d94bc6d48a0ad8c6e'
npm warn tar TAR_ENTRY_ERROR EPERM: operation not permitted, unlink 'H:\coding\lms-platform\backend\node_modules\@sindresorhus\slugify\readme.md.DELETE.55b0e1c385f8c047235da206a456f6f9'
npm warn tar TAR_ENTRY_ERROR EPERM: operation not permitted, unlink 'H:\coding\lms-platform\backend\node_modules\koa-body\lib\utils\parse-with-formidable.js.DELETE.3de4db798eebf2eed302ef8391db8f0f'
npm warn tar TAR_ENTRY_ERROR EPERM: operation not permitted, unlink 'H:\coding\lms-platform\backend\node_modules\webpack-hot-middleware\middleware.js.DELETE.0ac534ca0e47ccdf10d9ceb29ded842e'
npm warn tar TAR_ENTRY_ERROR EPERM: operation not permitted, unlink 'H:\coding\lms-platform\backend\node_modules\resolve-from\readme.md.DELETE.a31c1a58349eae07915903937154d7e3'
npm warn tar TAR_ENTRY_ERROR EPERM: operation not permitted, unlink 'H:\coding\lms-platform\backend\node_modules\@strapi\email\dist\admin\translations\ar.json.js.DELETE.81098faa30aef59156bc500aef66d363'
npm warn tar TAR_ENTRY_ERROR EPERM: operation not permitted, unlink 'H:\coding\lms-platform\backend\node_modules\read-pkg-up\index.d.ts.DELETE.65f1ecf60daee330155f4846b4d675eb'
npm warn tar TAR_ENTRY_ERROR EPERM: operation not permitted, unlink 'H:\coding\lms-platform\backend\node_modules\@strapi\openapi\dist\routes\providers\abstract.js.DELETE.a4b9371e2546efd3a4d448b456ef83f5'
npm warn tar TAR_ENTRY_ERROR EPERM: operation not permitted, unlink 'H:\coding\lms-platform\backend\node_modules\@strapi\generators\dist\templates\ts\collection-type-routes.ts.hbs.DELETE.97f73a6cda3393436dac7d9aa470b14b'
npm warn tar TAR_ENTRY_ERROR EPERM: operation not permitted, unlink 'H:\coding\lms-platform\backend\node_modules\@dnd-kit\sortable\dist\sortable.esm.js.DELETE.2ed0ea53dc5dafdafd93da68416e3917'
npm warn tar TAR_ENTRY_ERROR EPERM: operation not permitted, unlink 'H:\coding\lms-platform\backend\node_modules\ci-info\CHANGELOG.md.DELETE.fd23d1aa301eae06a0ad6bd7f1e779ca'
npm warn tar TAR_ENTRY_ERROR EPERM: operation not permitted, unlink 'H:\coding\lms-platform\backend\node_modules\browserslist\index.js.DELETE.5f17fd3c9f49ac3b7d61a37831757edf'
npm warn tar TAR_ENTRY_ERROR EPERM: operation not permitted, unlink 'H:\coding\lms-platform\backend\node_modules\url-join\README.md.DELETE.5663bae0ca71a33391c1ddad41008ba5'
npm warn tar TAR_ENTRY_ERROR EPERM: operation not permitted, unlink 'H:\coding\lms-platform\backend\node_modules\w3c-keyname\index.js.DELETE.3494fe8e36c6c867b65512fe48e3ad11'
npm warn tar TAR_ENTRY_ERROR EPERM: operation not permitted, unlink 'H:\coding\lms-platform\backend\node_modules\react-refresh\cjs\react-refresh-runtime.development.js.DELETE.7d2d56bf0cb65d2a75868503dc6d2ad9'
npm warn tar TAR_ENTRY_ERROR EPERM: operation not permitted, unlink 'H:\coding\lms-platform\backend\node_modules\resolve-cwd\readme.md.DELETE.253b2bcf14d2fdbbcfe04cec24469c01'
npm warn tar TAR_ENTRY_ERROR EPERM: operation not permitted, unlink 'H:\coding\lms-platform\backend\node_modules\prop-types\factoryWithTypeCheckers.js.DELETE.bc17078148e6f098087925095e0dca20'
npm warn tar TAR_ENTRY_ERROR EPERM: operation not permitted, unlink 'H:\coding\lms-platform\backend\node_modules\@vitejs\plugin-react-swc\refresh-runtime.js.DELETE.5a292b3f218e76a859209e48b41afcd3'
npm warn tar TAR_ENTRY_ERROR EPERM: operation not permitted, unlink 'H:\coding\lms-platform\backend\node_modules\@radix-ui\primitive\README.md.DELETE.7121c5433f23a7e1ec72d2529ddc98bb'
npm warn tar TAR_ENTRY_ERROR EPERM: operation not permitted, unlink 'H:\coding\lms-platform\backend\node_modules\@strapi\logger\dist\formats\detailed-log.js.DELETE.fbb2bdc344f5a2881bc56f9632ca7634'
npm warn tar TAR_ENTRY_ERROR EPERM: operation not permitted, unlink 'H:\coding\lms-platform\backend\node_modules\yup\es\Condition.js.DELETE.7791d584bae4fd0b21aa279c0840d0b7'
npm warn tar TAR_ENTRY_ERROR EPERM: operation not permitted, unlink 'H:\coding\lms-platform\backend\node_modules\react-redux\lib\utils\batch.js.DELETE.c8dfb57f4c98b439feec8d13858e6fa2'
npm warn tar TAR_ENTRY_ERROR EPERM: operation not permitted, unlink 'H:\coding\lms-platform\backend\node_modules\@radix-ui\react-toggle\README.md.DELETE.0e5a934dea406957829806f8cbb05bab'
npm warn tar TAR_ENTRY_ERROR EPERM: operation not permitted, unlink 'H:\coding\lms-platform\backend\node_modules\date-fns\addHours\index.js.flow.DELETE.5810aebb157656ee2dccaaf7c4a1ce17'
npm warn tar TAR_ENTRY_ERROR EPERM: operation not permitted, unlink 'H:\coding\lms-platform\backend\node_modules\@strapi\plugin-users-permissions\dist\server\_virtual\_node_crypto.js.DELETE.4643c74f75029e11a2b6c73b9667236a'
npm warn tar TAR_ENTRY_ERROR EPERM: operation not permitted, unlink 'H:\coding\lms-platform\backend\node_modules\@radix-ui\react-separator\README.md.DELETE.2213719841717004d9e9fcfb0dc13fa1'
npm warn tar TAR_ENTRY_ERROR EPERM: operation not permitted, unlink 'H:\coding\lms-platform\backend\node_modules\@testing-library\user-event\dist\esm\setup\api.js.DELETE.6ad6c98bdda7cb1d58b8cfb9d5596929'
npm warn tar TAR_ENTRY_ERROR EPERM: operation not permitted, unlink 'H:\coding\lms-platform\backend\node_modules\@strapi\types\dist\core\config\admin.d.ts.map.DELETE.d4fa1f6c5bae7691391f13661e93b8de'
npm warn tar TAR_ENTRY_ERROR EPERM: operation not permitted, unlink 'H:\coding\lms-platform\backend\node_modules\@strapi\plugin-cloud\dist\admin\components\CLIDeployTabs.js.DELETE.1747515e50042a7666a31e93cd7bee4c'
npm warn tar TAR_ENTRY_ERROR EPERM: operation not permitted, unlink 'H:\coding\lms-platform\backend\node_modules\p-map\index.d.ts.DELETE.76f2489f42e8885063cca4e8f6fcf0c8'
npm warn tar TAR_ENTRY_ERROR EPERM: operation not permitted, unlink 'H:\coding\lms-platform\backend\node_modules\simple-get\node_modules\decompress-response\index.d.ts.DELETE.3f7dc0a01aef30924c65363f49ae4523'
npm warn tar TAR_ENTRY_ERROR EPERM: operation not permitted, unlink 'H:\coding\lms-platform\backend\node_modules\string_decoder\node_modules\safe-buffer\README.md.DELETE.cc1842d411061f7aacd61edc575f9e0a'
npm warn tar TAR_ENTRY_ERROR EPERM: operation not permitted, unlink 'H:\coding\lms-platform\backend\node_modules\find-yarn-workspace-root2\node_modules\path-exists\readme.md.DELETE.38fa4dd409b9e8add2a69f4fc34e4a1e'
npm warn tar TAR_ENTRY_ERROR EPERM: operation not permitted, unlink 'H:\coding\lms-platform\backend\node_modules\resolve-path\node_modules\setprototypeof\index.d.ts.DELETE.46d89f5347137f90877e8b27baa2a9e7'
npm warn tar TAR_ENTRY_ERROR EPERM: operation not permitted, unlink 'H:\coding\lms-platform\backend\node_modules\find-yarn-workspace-root2\node_modules\p-limit\index.d.ts.DELETE.5a15b5c2985588b010cd7a6c07e13a8c'
npm warn tar TAR_ENTRY_ERROR EPERM: operation not permitted, unlink 'H:\coding\lms-platform\backend\node_modules\find-yarn-workspace-root2\node_modules\p-locate\index.d.ts.DELETE.d5684926f4d4028061fa72eb7ae7e8ab'
npm warn tar TAR_ENTRY_ERROR EPERM: operation not permitted, unlink 'H:\coding\lms-platform\backend\node_modules\readable-stream\node_modules\safe-buffer\README.md.DELETE.737dcd9f6fb143c449dad7443361b658'
npm warn tar TAR_ENTRY_ERROR EPERM: operation not permitted, unlink 'H:\coding\lms-platform\backend\node_modules\formik\dist\index.js.DELETE.a7f1e9bed94fba0a7b400cf921b188e3'
npm warn tar TAR_ENTRY_ERROR EPERM: operation not permitted, unlink 'H:\coding\lms-platform\backend\node_modules\hoist-non-react-statics\node_modules\react-is\README.md.DELETE.a82436c8707d718e346194d870cf5051'
npm warn tar TAR_ENTRY_ERROR EPERM: operation not permitted, unlink 'H:\coding\lms-platform\backend\node_modules\co-body\node_modules\http-errors\README.md.DELETE.fa1a1d0d55ac4cc9ebab47f9e58ba33d'
npm warn tar TAR_ENTRY_ERROR EPERM: operation not permitted, unlink 'H:\coding\lms-platform\backend\node_modules\co-body\node_modules\media-typer\HISTORY.md.DELETE.5398ae3a7ec0ea0293313761eecaca67'
npm warn tar TAR_ENTRY_ERROR EPERM: operation not permitted, unlink 'H:\coding\lms-platform\backend\node_modules\find-yarn-workspace-root2\node_modules\locate-path\index.d.ts.DELETE.51ec77dd081e209b6ef626abef143fc1'
npm warn tar TAR_ENTRY_ERROR EPERM: operation not permitted, unlink 'H:\coding\lms-platform\backend\node_modules\send\node_modules\mime-types\HISTORY.md.DELETE.f3ee6d87f0990938642f4a8f2a20f407'
npm warn tar TAR_ENTRY_ERROR EPERM: operation not permitted, unlink 'H:\coding\lms-platform\backend\node_modules\type-is\node_modules\mime-types\HISTORY.md.DELETE.a81ed1ef4eec9fc5676ccf1a28be2c8f'
npm warn tar TAR_ENTRY_ERROR EPERM: operation not permitted, unlink 'H:\coding\lms-platform\backend\node_modules\plop\node_modules\interpret\package.json.DELETE.d2732df4d3bbb9ea24af08faf422ce51'
npm warn tar TAR_ENTRY_ERROR EPERM: operation not permitted, unlink 'H:\coding\lms-platform\backend\node_modules\read-pkg-up\node_modules\path-exists\readme.md.DELETE.7064c9875d1c5a4787c8cac084f75f2a'
npm warn tar TAR_ENTRY_ERROR EPERM: operation not permitted, unlink 'H:\coding\lms-platform\backend\node_modules\body-parser\node_modules\http-errors\README.md.DELETE.16fae23e08d2bc5d24c5b7a8673c438b'
npm warn tar TAR_ENTRY_ERROR ENOENT: no such file or directory, rename 'H:\coding\lms-platform\backend\node_modules\@babel\helper-create-class-features-plugin\node_modules\semver\package.json' -> 'H:\coding\lms-platform\backend\node_modules\@babel\helper-create-class-features-plugin\node_modules\semver\package.json.DELETE.1ddfe6c1ff561a350beaeb96e6c21df7'
npm warn tar TAR_ENTRY_ERROR EPERM: operation not permitted, unlink 'H:\coding\lms-platform\backend\node_modules\package-json\node_modules\registry-url\index.d.ts.DELETE.26c8a65aa326ee99a44449d5d546b0c6'
npm warn tar TAR_ENTRY_ERROR EPERM: operation not permitted, unlink 'H:\coding\lms-platform\backend\node_modules\fork-ts-checker-webpack-plugin\node_modules\json-schema-traverse\LICENSE.DELETE.72572e2ad1367b9d902fb5ba409f7eae'
npm warn tar TAR_ENTRY_ERROR EPERM: operation not permitted, unlink 'H:\coding\lms-platform\backend\node_modules\accepts\node_modules\mime-types\HISTORY.md.DELETE.f8e4ba42f16d84889f6105c7119ac78b'
npm warn tar TAR_ENTRY_ERROR EPERM: operation not permitted, unlink 'H:\coding\lms-platform\backend\node_modules\raw-body\node_modules\http-errors\README.md.DELETE.854bf1f622d1385efcd51f8e03d86e55'
npm warn tar TAR_ENTRY_ERROR EPERM: operation not permitted, unlink 'H:\coding\lms-platform\backend\node_modules\koa\node_modules\accepts\README.md.DELETE.d527e51670c7fadc76b03d63ab099024'
npm warn tar TAR_ENTRY_ERROR EPERM: operation not permitted, unlink 'H:\coding\lms-platform\backend\node_modules\koa\node_modules\fresh\HISTORY.md.DELETE.e03ec08172189afff3da0af2ea93327f'
npm warn tar TAR_ENTRY_ERROR EPERM: operation not permitted, unlink 'H:\coding\lms-platform\backend\node_modules\@discoveryjs\json-ext\cjs\utils.cjs.DELETE.5ca39390c40243e3395adac449ee6464'
npm warn tar TAR_ENTRY_ERROR UNKNOWN: unknown error, open 'H:\coding\lms-platform\backend\node_modules\jest-worker\build\Farm.js'
npm warn tar TAR_ENTRY_ERROR UNKNOWN: unknown error, open 'H:\coding\lms-platform\backend\node_modules\@emotion\babel-plugin\dist\emotion-babel-plugin.cjs.default.js'
npm warn tar TAR_ENTRY_ERROR EPERM: operation not permitted, unlink 'H:\coding\lms-platform\backend\node_modules\parse-url\README.md.DELETE.d5e7bf0e270f14a67334d041fb7efc01'
npm warn tar TAR_ENTRY_ERROR EPERM: operation not permitted, unlink 'H:\coding\lms-platform\backend\node_modules\dom-accessibility-api\dist\polyfills\array.from.js.DELETE.b295c9cbd8eb21492d50cb37e242f314'
npm warn tar TAR_ENTRY_ERROR EPERM: operation not permitted, unlink 'H:\coding\lms-platform\backend\node_modules\@standard-schema\spec\package.json.DELETE.43e5d0289ec944329d78746f62cf7788'
npm warn tar TAR_ENTRY_ERROR EPERM: operation not permitted, unlink 'H:\coding\lms-platform\backend\node_modules\react-window\src\createListComponent.js.DELETE.577774fb4dd1a914b9843e864c844142'
npm warn tar TAR_ENTRY_ERROR EPERM: operation not permitted, unlink 'H:\coding\lms-platform\backend\node_modules\axios\dist\node\axios.cjs.DELETE.dfd886771d6fb54c2d58977528e0b61b'
npm warn tar TAR_ENTRY_ERROR ENOENT: no such file or directory, rename 'H:\coding\lms-platform\backend\node_modules\@isaacs\fs-minipass\dist\esm\package.json' -> 'H:\coding\lms-platform\backend\node_modules\@isaacs\fs-minipass\dist\esm\package.json.DELETE.70492e587060441d0bce0b41cecea122'
npm warn tar TAR_ENTRY_ERROR EPERM: operation not permitted, unlink 'H:\coding\lms-platform\backend\node_modules\isbinaryfile\LICENSE.txt.DELETE.b055d174a30dba349eaf847862ec1c20'
npm warn tar TAR_ENTRY_ERROR EPERM: operation not permitted, unlink 'H:\coding\lms-platform\backend\node_modules\escalade\readme.md.DELETE.f9356f4040dc6cfba2524ac6ebcd5a24'
npm warn tar TAR_ENTRY_ERROR EPERM: operation not permitted, unlink 'H:\coding\lms-platform\backend\node_modules\argparse\lib\textwrap.js.DELETE.60bd6d3d10d0a3811ef5a81c2b836a4e'
npm warn tar TAR_ENTRY_ERROR EPERM: operation not permitted, unlink 'H:\coding\lms-platform\backend\node_modules\path-to-regexp\dist.es2015\index.js.map.DELETE.a485f53a1ea8022a51d0f14d0e42e8c1'
npm warn tar TAR_ENTRY_ERROR EPERM: operation not permitted, unlink 'H:\coding\lms-platform\backend\node_modules\terser\node_modules\commander\typings\index.d.ts.DELETE.5dcbff26dd6f7e23a93e3304bf53b07b'
npm warn tar TAR_ENTRY_ERROR EPERM: operation not permitted, unlink 'H:\coding\lms-platform\backend\node_modules\@radix-ui\react-visually-hidden\node_modules\@radix-ui\react-primitive\dist\index.js.DELETE.6a752b1c6cd13d83b9f1d5b620d569f9'
npm warn tar TAR_ENTRY_ERROR EPERM: operation not permitted, unlink 'H:\coding\lms-platform\backend\node_modules\@radix-ui\react-radio-group\node_modules\@radix-ui\react-use-callback-ref\dist\index.js.DELETE.1a292e8677305783d17de3b72cebd4af'
npm warn tar TAR_ENTRY_ERROR EPERM: operation not permitted, unlink 'H:\coding\lms-platform\backend\node_modules\@strapi\ui-primitives\node_modules\@radix-ui\react-collection\dist\index.js.DELETE.e0fcf864e96732dd911e3f3fb4da9665'
npm warn tar TAR_ENTRY_ERROR EPERM: operation not permitted, unlink 'H:\coding\lms-platform\backend\node_modules\@radix-ui\react-scroll-area\node_modules\@radix-ui\primitive\dist\index.js.DELETE.ada55ef2228d048a24a046f91bf92153'
npm warn tar TAR_ENTRY_ERROR EPERM: operation not permitted, unlink 'H:\coding\lms-platform\backend\node_modules\@radix-ui\react-popover\node_modules\@radix-ui\react-use-controllable-state\dist\index.js.DELETE.e3bb1ebd07dd9ae7fafc29d66da37664'
npm warn tar TAR_ENTRY_ERROR EPERM: operation not permitted, unlink 'H:\coding\lms-platform\backend\node_modules\@radix-ui\react-dialog\node_modules\@radix-ui\react-use-callback-ref\dist\index.js.DELETE.5a00c3cdc29d505b66e5fced2465746f'
npm warn tar TAR_ENTRY_ERROR EPERM: operation not permitted, unlink 'H:\coding\lms-platform\backend\node_modules\@radix-ui\react-dialog\node_modules\@radix-ui\react-compose-refs\dist\index.js.DELETE.7ff21d2da618cd5e79fe472c720d281d'
npm warn tar TAR_ENTRY_ERROR EPERM: operation not permitted, unlink 'H:\coding\lms-platform\backend\node_modules\@radix-ui\react-dropdown-menu\node_modules\@radix-ui\react-id\dist\index.js.DELETE.e31a931e3c42d6994791a97e230dc945'
npm warn tar TAR_ENTRY_ERROR EPERM: operation not permitted, unlink 'H:\coding\lms-platform\backend\node_modules\@radix-ui\react-radio-group\node_modules\@radix-ui\react-compose-refs\dist\index.js.DELETE.b546493d3521a35c1a17bb8e7dcaf171'
npm warn tar TAR_ENTRY_ERROR EPERM: operation not permitted, unlink 'H:\coding\lms-platform\backend\node_modules\@radix-ui\react-checkbox\node_modules\@radix-ui\react-slot\dist\index.js.DELETE.eacb82385afdcc273f95e8ce0625600a'
npm warn tar TAR_ENTRY_ERROR EPERM: operation not permitted, unlink 'H:\coding\lms-platform\backend\node_modules\@radix-ui\react-checkbox\node_modules\@radix-ui\react-use-controllable-state\dist\index.js.DELETE.e8b3008b491c13d0f0126ee5e776def4'
npm warn tar TAR_ENTRY_ERROR EPERM: operation not permitted, unlink 'H:\coding\lms-platform\backend\node_modules\@radix-ui\react-progress\node_modules\@radix-ui\react-slot\dist\index.js.DELETE.57c68187b0c1e791bd706135c213a4e5'
npm warn tar TAR_ENTRY_ERROR EPERM: operation not permitted, unlink 'H:\coding\lms-platform\backend\node_modules\@strapi\ui-primitives\node_modules\@radix-ui\react-primitive\dist\index.js.DELETE.5a898020725ce1a0982195750c2f5388'
npm warn tar TAR_ENTRY_ERROR EPERM: operation not permitted, unlink 'H:\coding\lms-platform\backend\node_modules\@radix-ui\react-avatar\node_modules\@radix-ui\react-compose-refs\dist\index.js.DELETE.4f44a2a798867965af9b9841984bc23a'
npm warn tar TAR_ENTRY_ERROR EPERM: operation not permitted, unlink 'H:\coding\lms-platform\backend\node_modules\@radix-ui\react-popover\node_modules\@radix-ui\react-id\dist\index.js.DELETE.53244de61a31a4f75a0ad15f047ff9a4'
npm warn tar TAR_ENTRY_ERROR EPERM: operation not permitted, unlink 'H:\coding\lms-platform\backend\node_modules\@radix-ui\react-avatar\node_modules\@radix-ui\react-use-callback-ref\dist\index.js.DELETE.9727a7b262d7a9de8f55ea7a85ef8bdd'
npm warn tar TAR_ENTRY_ERROR EPERM: operation not permitted, unlink 'H:\coding\lms-platform\backend\node_modules\@radix-ui\react-avatar\node_modules\@radix-ui\react-use-layout-effect\dist\index.js.DELETE.63cc7ac33f53b64c34996b1b3ebc0de5'
npm warn tar TAR_ENTRY_ERROR EPERM: operation not permitted, unlink 'H:\coding\lms-platform\backend\node_modules\@radix-ui\react-accordion\node_modules\@radix-ui\react-direction\dist\index.js.DELETE.fef320b8e0dce8c6c06906593a9e8079'
npm warn tar TAR_ENTRY_ERROR EPERM: operation not permitted, unlink 'H:\coding\lms-platform\backend\node_modules\@radix-ui\react-checkbox\node_modules\@radix-ui\react-use-callback-ref\dist\index.js.DELETE.2f349348e287425a23935be940d4f779'
npm warn tar TAR_ENTRY_ERROR EPERM: operation not permitted, unlink 'H:\coding\lms-platform\backend\node_modules\@radix-ui\react-checkbox\node_modules\@radix-ui\react-compose-refs\dist\index.js.DELETE.96ca5a519bde412868c174ca21edcf94'
npm warn tar TAR_ENTRY_ERROR EPERM: operation not permitted, unlink 'H:\coding\lms-platform\backend\node_modules\@radix-ui\react-accordion\node_modules\@radix-ui\react-id\dist\index.js.DELETE.d5b8b933b0f67ca603f5d09a8a8082b4'
npm warn tar TAR_ENTRY_ERROR EPERM: operation not permitted, unlink 'H:\coding\lms-platform\backend\node_modules\@radix-ui\react-accordion\node_modules\@radix-ui\react-compose-refs\dist\index.js.DELETE.4b3b1067309a16fed7a7040a0b1d022c'
npm warn tar TAR_ENTRY_ERROR EPERM: operation not permitted, unlink 'H:\coding\lms-platform\backend\node_modules\@radix-ui\react-tabs\node_modules\@radix-ui\react-primitive\dist\index.js.DELETE.797c443f3a56083c70accc65edc2a491'
npm warn tar TAR_ENTRY_ERROR EPERM: operation not permitted, unlink 'H:\coding\lms-platform\backend\node_modules\@radix-ui\react-checkbox\node_modules\@radix-ui\react-primitive\dist\index.js.DELETE.01621c141d3198f6f8fceb03bc9c0f95'
npm warn tar TAR_ENTRY_ERROR EPERM: operation not permitted, unlink 'H:\coding\lms-platform\backend\node_modules\@radix-ui\react-dialog\node_modules\@radix-ui\primitive\dist\index.js.DELETE.dbc6eff409d8e7aae0ecb6b5a7777e27'
npm warn tar TAR_ENTRY_ERROR EPERM: operation not permitted, unlink 'H:\coding\lms-platform\backend\node_modules\@radix-ui\react-radio-group\node_modules\@radix-ui\react-roving-focus\dist\index.js.DELETE.b88a8db08e79c949a40b2a4cd954f640'
npm warn tar TAR_ENTRY_ERROR EPERM: operation not permitted, unlink 'H:\coding\lms-platform\backend\node_modules\@radix-ui\react-switch\node_modules\@radix-ui\react-primitive\dist\index.js.DELETE.d999343702dc464a1eb27e4261383c7e'
npm warn tar TAR_ENTRY_ERROR EPERM: operation not permitted, unlink 'H:\coding\lms-platform\backend\node_modules\@radix-ui\react-accordion\node_modules\@radix-ui\primitive\dist\index.js.DELETE.e33acf666e713fa3741d4031b0ec0c6a'
npm warn tar TAR_ENTRY_ERROR EPERM: operation not permitted, unlink 'H:\coding\lms-platform\backend\node_modules\@radix-ui\react-accordion\node_modules\@radix-ui\react-slot\dist\index.js.DELETE.e0ab39e687fa27a67505bb379139a3cf'
npm warn tar TAR_ENTRY_ERROR EPERM: operation not permitted, unlink 'H:\coding\lms-platform\backend\node_modules\@radix-ui\react-accordion\node_modules\@radix-ui\react-collection\dist\index.js.DELETE.3bfd9c3abf192ff1f295d1d62e064b68'
npm warn tar TAR_ENTRY_ERROR EPERM: operation not permitted, unlink 'H:\coding\lms-platform\backend\node_modules\@radix-ui\react-tabs\node_modules\@radix-ui\react-collection\dist\index.js.DELETE.dec353395ef8251e283a05aa3b2fbec3'
npm warn tar TAR_ENTRY_ERROR EPERM: operation not permitted, unlink 'H:\coding\lms-platform\backend\node_modules\@radix-ui\react-accordion\node_modules\@radix-ui\react-use-callback-ref\dist\index.js.DELETE.254fa3bc9a8db4f682796151abe10dab'
npm warn tar TAR_ENTRY_ERROR EPERM: operation not permitted, unlink 'H:\coding\lms-platform\backend\node_modules\@strapi\ui-primitives\node_modules\@radix-ui\react-slot\dist\index.js.DELETE.f2fe03f2cea267c73400bf9892ee99c6'
npm warn tar TAR_ENTRY_ERROR EPERM: operation not permitted, unlink 'H:\coding\lms-platform\backend\node_modules\@radix-ui\react-accordion\node_modules\@radix-ui\react-primitive\dist\index.js.DELETE.34ef9b1d5aa51a314c13989831ef19d7'
npm warn tar TAR_ENTRY_ERROR EPERM: operation not permitted, unlink 'H:\coding\lms-platform\backend\node_modules\@radix-ui\react-alert-dialog\node_modules\@radix-ui\react-primitive\dist\index.js.DELETE.1e93f8afc2b85c2c6ac9dae2f074ef37'
npm warn tar TAR_ENTRY_ERROR EPERM: operation not permitted, unlink 'H:\coding\lms-platform\backend\node_modules\@radix-ui\react-accordion\node_modules\@radix-ui\react-use-controllable-state\dist\index.js.DELETE.e57035295f83272661158520fa6e19d3'
npm warn tar TAR_ENTRY_ERROR EPERM: operation not permitted, unlink 'H:\coding\lms-platform\backend\node_modules\@radix-ui\react-toggle-group\node_modules\@radix-ui\react-context\dist\index.js.map.DELETE.164f40242816688651a6190b70b7329b'
npm warn tar TAR_ENTRY_ERROR EPERM: operation not permitted, unlink 'H:\coding\lms-platform\backend\node_modules\@strapi\design-system\node_modules\@radix-ui\react-use-callback-ref\dist\index.js.DELETE.09e12bc281d96598b3d43131a0cd9ba3'
npm warn tar TAR_ENTRY_ERROR ENOENT: no such file or directory, rename 'H:\coding\lms-platform\backend\node_modules\html-escaper\cjs\package.json' -> 'H:\coding\lms-platform\backend\node_modules\html-escaper\cjs\package.json.DELETE.9be4ec583f33ed20197263e4797964bb'
npm warn tar TAR_ENTRY_ERROR EPERM: operation not permitted, unlink 'H:\coding\lms-platform\backend\node_modules\koa\node_modules\negotiator\lib\language.js.DELETE.8204ee6ebd8893737a4432995e53eb48'
npm warn tar TAR_ENTRY_ERROR EPERM: operation not permitted, unlink 'H:\coding\lms-platform\backend\node_modules\ast-types\lib\def\core.js.DELETE.0d0165ff920b661410292994c75cb765'
npm warn tar TAR_ENTRY_ERROR EPERM: operation not permitted, unlink 'H:\coding\lms-platform\backend\node_modules\koa-static\node_modules\debug\node.js.DELETE.aef2c6f5bee0f5aef58e6641d88b1cc8'
npm warn tar TAR_ENTRY_ERROR EPERM: operation not permitted, unlink 'H:\coding\lms-platform\backend\node_modules\@radix-ui\react-tabs\node_modules\@radix-ui\react-roving-focus\dist\index.js.DELETE.bbc99632aa549db56f4d0262f23d2810'
npm warn tar TAR_ENTRY_ERROR EPERM: operation not permitted, unlink 'H:\coding\lms-platform\backend\node_modules\json-schema-typed\README.md.DELETE.121bf76997f7383c0b0cfdaa80ac6842'
npm warn tar TAR_ENTRY_ERROR EPERM: operation not permitted, unlink 'H:\coding\lms-platform\backend\node_modules\@swc\core\Visitor.js.DELETE.1583edd04e413aab09239065817c9785'
npm warn tar TAR_ENTRY_ERROR ENOENT: no such file or directory, rename 'H:\coding\lms-platform\backend\node_modules\normalize-package-data\node_modules\semver\README.md' -> 'H:\coding\lms-platform\backend\node_modules\normalize-package-data\node_modules\semver\README.md.DELETE.40bb418816bed7e62f7f8c6bf023f7f1'
npm warn tar TAR_ENTRY_ERROR ENOENT: no such file or directory, rename 'H:\coding\lms-platform\backend\node_modules\@babel\helper-compilation-targets\node_modules\semver\README.md' -> 'H:\coding\lms-platform\backend\node_modules\@babel\helper-compilation-targets\node_modules\semver\README.md.DELETE.541014146c469383a27113fe38575d6e'
npm warn tar TAR_ENTRY_ERROR ENOENT: no such file or directory, rename 'H:\coding\lms-platform\backend\node_modules\@babel\core\node_modules\semver\README.md' -> 'H:\coding\lms-platform\backend\node_modules\@babel\core\node_modules\semver\README.md.DELETE.115bcd3049bba5e60a82009a622374b6'
npm warn tar TAR_ENTRY_ERROR ENOENT: no such file or directory, rename 'H:\coding\lms-platform\backend\node_modules\@radix-ui\react-roving-focus\node_modules\@radix-ui\react-context\dist\index.mjs' -> 'H:\coding\lms-platform\backend\node_modules\@radix-ui\react-roving-focus\node_modules\@radix-ui\react-context\dist\index.mjs.DELETE.b7c18cb8bb4f49c3ee660da5a96455d5'
npm warn tar TAR_ENTRY_ERROR ENOENT: no such file or directory, rename 'H:\coding\lms-platform\backend\node_modules\broadcast-channel\dist\lib\browser.js' -> 'H:\coding\lms-platform\backend\node_modules\broadcast-channel\dist\lib\browser.js.DELETE.e32f3429f64da02a5350e769414e61d1'
npm warn tar TAR_ENTRY_ERROR ENOENT: no such file or directory, rename 'H:\coding\lms-platform\backend\node_modules\mdast-util-from-markdown\dev\lib\types.js' -> 'H:\coding\lms-platform\backend\node_modules\mdast-util-from-markdown\dev\lib\types.js.DELETE.3643c06114aac433db311bc45fd35864'
npm warn tar TAR_ENTRY_ERROR ENOENT: no such file or directory, rename 'H:\coding\lms-platform\backend\node_modules\has-property-descriptors\package.json' -> 'H:\coding\lms-platform\backend\node_modules\has-property-descriptors\package.json.DELETE.ede8c7be2fd4c6e2c9fa8c0e2593942b'
npm warn tar TAR_ENTRY_ERROR ENOENT: no such file or directory, rename 'H:\coding\lms-platform\backend\node_modules\minimist\test\dash.js' -> 'H:\coding\lms-platform\backend\node_modules\minimist\test\dash.js.DELETE.88dc8cc04349b92d8ab3c415c4010d6f'
npm warn tar TAR_ENTRY_ERROR ENOENT: no such file or directory, rename 'H:\coding\lms-platform\backend\node_modules\math-intrinsics\isFinite.js' -> 'H:\coding\lms-platform\backend\node_modules\math-intrinsics\isFinite.js.DELETE.550d3c121294fe69557c68597229ef46'
npm warn tar TAR_ENTRY_ERROR ENOENT: no such file or directory, rename 'H:\coding\lms-platform\backend\node_modules\gopd\package.json' -> 'H:\coding\lms-platform\backend\node_modules\gopd\package.json.DELETE.051b4aab8e290d5e60335a03c4703701'
npm warn tar TAR_ENTRY_ERROR ENOENT: no such file or directory, rename 'H:\coding\lms-platform\backend\node_modules\es-object-atoms\RequireObjectCoercible.js' -> 'H:\coding\lms-platform\backend\node_modules\es-object-atoms\RequireObjectCoercible.js.DELETE.b5b885cc2595816e3a59324494ba0615'
npm warn tar TAR_ENTRY_ERROR ENOENT: no such file or directory, rename 'H:\coding\lms-platform\backend\node_modules\es-define-property\package.json' -> 'H:\coding\lms-platform\backend\node_modules\es-define-property\package.json.DELETE.25a4be93aff69201653ac316b15aa970'
npm warn tar TAR_ENTRY_ERROR ENOENT: no such file or directory, rename 'H:\coding\lms-platform\backend\node_modules\get-proto\Object.getPrototypeOf.js' -> 'H:\coding\lms-platform\backend\node_modules\get-proto\Object.getPrototypeOf.js.DELETE.074e585be582f52da1bbe3405c920ce5'
npm warn tar TAR_ENTRY_ERROR ENOENT: no such file or directory, rename 'H:\coding\lms-platform\backend\node_modules\tiny-warning\dist\tiny-warning.esm.js' -> 'H:\coding\lms-platform\backend\node_modules\tiny-warning\dist\tiny-warning.esm.js.DELETE.c50c1c28ea39128dc7a222a8f7099e22'
npm warn tar TAR_ENTRY_ERROR ENOENT: no such file or directory, rename 'H:\coding\lms-platform\backend\node_modules\wordwrap\example\meat.js' -> 'H:\coding\lms-platform\backend\node_modules\wordwrap\example\meat.js.DELETE.908943adea87bfe876b75ac7cb7daafa'
npm warn tar TAR_ENTRY_ERROR ENOENT: no such file or directory, rename 'H:\coding\lms-platform\backend\node_modules\dunder-proto\test\index.js' -> 'H:\coding\lms-platform\backend\node_modules\dunder-proto\test\index.js.DELETE.8908ee3fd2095b745ccad71b2ce99c62'
npm warn tar TAR_ENTRY_ERROR ENOENT: no such file or directory, rename 'H:\coding\lms-platform\backend\node_modules\@babel\helper-create-class-features-plugin\lib\decorators.js.map' -> 'H:\coding\lms-platform\backend\node_modules\@babel\helper-create-class-features-plugin\lib\decorators.js.map.DELETE.ff69684a1e78bf839fff53deb3cf2a9e'
npm warn tar TAR_ENTRY_ERROR ENOENT: no such file or directory, rename 'H:\coding\lms-platform\backend\node_modules\es-set-tostringtag\package.json' -> 'H:\coding\lms-platform\backend\node_modules\es-set-tostringtag\package.json.DELETE.185babb8abee80e91ecfc6838b35bfac'
npm warn tar TAR_ENTRY_ERROR ENOENT: no such file or directory, rename 'H:\coding\lms-platform\backend\node_modules\function-bind\index.js' -> 'H:\coding\lms-platform\backend\node_modules\function-bind\index.js.DELETE.5773d098fe1c280adff1174804e48db3'
npm warn tar TAR_ENTRY_ERROR ENOENT: no such file or directory, rename 'H:\coding\lms-platform\backend\node_modules\es-errors\range.js' -> 'H:\coding\lms-platform\backend\node_modules\es-errors\range.js.DELETE.94f762256bdda947465968454d6ba1d6'
npm warn tar TAR_ENTRY_ERROR ENOENT: no such file or directory, rename 'H:\coding\lms-platform\backend\node_modules\tapable\lib\AsyncSeriesLoopHook.js' -> 'H:\coding\lms-platform\backend\node_modules\tapable\lib\AsyncSeriesLoopHook.js.DELETE.915797594ee535291be59d0ddf251142'
npm warn tar TAR_ENTRY_ERROR ENOENT: no such file or directory, rename 'H:\coding\lms-platform\backend\node_modules\node-abort-controller\index.js' -> 'H:\coding\lms-platform\backend\node_modules\node-abort-controller\index.js.DELETE.96708ae822d4e0069835c622d4fd1c86'
npm warn tar TAR_ENTRY_ERROR ENOENT: no such file or directory, rename 'H:\coding\lms-platform\backend\node_modules\resolve-pkg-maps\dist\index.mjs' -> 'H:\coding\lms-platform\backend\node_modules\resolve-pkg-maps\dist\index.mjs.DELETE.fd0effbf7464eb71a2f4ccb30bb8c303'
npm warn tar TAR_ENTRY_ERROR ENOENT: no such file or directory, rename 'H:\coding\lms-platform\backend\node_modules\@tokenizer\inflate\package.json' -> 'H:\coding\lms-platform\backend\node_modules\@tokenizer\inflate\package.json.DELETE.4fd4edb9ca84cf988c6ddd0a94bd65ac'
npm warn tar TAR_ENTRY_ERROR ENOENT: no such file or directory, rename 'H:\coding\lms-platform\backend\node_modules\stackframe\dist\stackframe.min.js.map' -> 'H:\coding\lms-platform\backend\node_modules\stackframe\dist\stackframe.min.js.map.DELETE.0e801c4bb29ab015217d99ede6d83dc9'
npm warn tar TAR_ENTRY_ERROR ENOENT: no such file or directory, rename 'H:\coding\lms-platform\backend\node_modules\deepmerge\dist\umd.js' -> 'H:\coding\lms-platform\backend\node_modules\deepmerge\dist\umd.js.DELETE.fc28cc9f2a4e00dfee6e68740fe658d5'
npm warn tar TAR_ENTRY_ERROR ENOENT: no such file or directory, rename 'H:\coding\lms-platform\backend\node_modules\which\README.md' -> 'H:\coding\lms-platform\backend\node_modules\which\README.md.DELETE.89c10855f3a6e5e80051a9e5bd1ecab6'
npm warn tar TAR_ENTRY_ERROR ENOENT: no such file or directory, rename 'H:\coding\lms-platform\backend\node_modules\braces\lib\parse.js' -> 'H:\coding\lms-platform\backend\node_modules\braces\lib\parse.js.DELETE.4010b15762e2c0f2b5889cbd81eb3ac2'
npm warn tar TAR_ENTRY_ERROR ENOENT: no such file or directory, rename 'H:\coding\lms-platform\backend\node_modules\shell-quote\index.js' -> 'H:\coding\lms-platform\backend\node_modules\shell-quote\index.js.DELETE.4f301d2fe307f693f437a950f5545850'
npm warn tar TAR_ENTRY_ERROR ENOENT: no such file or directory, rename 'H:\coding\lms-platform\backend\node_modules\cosmiconfig\dist\getDirectory.js' -> 'H:\coding\lms-platform\backend\node_modules\cosmiconfig\dist\getDirectory.js.DELETE.5409aca8cf4181f2d1394f719bf8fb83'
npm warn tar TAR_ENTRY_ERROR ENOENT: no such file or directory, rename 'H:\coding\lms-platform\backend\node_modules\negotiator\lib\language.js' -> 'H:\coding\lms-platform\backend\node_modules\negotiator\lib\language.js.DELETE.950b08fb29ab959be7162225daf5f679'
npm warn tar TAR_ENTRY_ERROR UNKNOWN: unknown error, open 'H:\coding\lms-platform\backend\node_modules\dom-accessibility-api\dist\getRole.js'
npm warn tar TAR_ENTRY_ERROR ENOENT: no such file or directory, rename 'H:\coding\lms-platform\backend\node_modules\fast-uri\eslint.config.js' -> 'H:\coding\lms-platform\backend\node_modules\fast-uri\eslint.config.js.DELETE.0557704a4bd1ccc871c30c6b22c47126'
npm warn tar TAR_ENTRY_ERROR ENOENT: no such file or directory, rename 'H:\coding\lms-platform\backend\node_modules\plop\.nycrc' -> 'H:\coding\lms-platform\backend\node_modules\plop\.nycrc.DELETE.043e2e8b022564ff8f2347a13a00fa3a'
npm warn tar TAR_ENTRY_ERROR ENOENT: no such file or directory, rename 'H:\coding\lms-platform\backend\node_modules\openapi-types\README.md' -> 'H:\coding\lms-platform\backend\node_modules\openapi-types\README.md.DELETE.4eb97a5f1714fd3dbe5de3f6aa8fe0c4'
npm warn tar TAR_ENTRY_ERROR ENOENT: no such file or directory, rename 'H:\coding\lms-platform\backend\node_modules\koa-ip\readme.md' -> 'H:\coding\lms-platform\backend\node_modules\koa-ip\readme.md.DELETE.c75918b0f517fcaac49b81ac84188b2f'
npm warn tar TAR_ENTRY_ERROR ENOENT: no such file or directory, rename 'H:\coding\lms-platform\backend\node_modules\pkce-challenge\package.json' -> 'H:\coding\lms-platform\backend\node_modules\pkce-challenge\package.json.DELETE.8c467c05fd521643c21e35e59b4bb21f'
npm warn tar TAR_ENTRY_ERROR ENOENT: no such file or directory, rename 'H:\coding\lms-platform\backend\node_modules\@koa\router\lib\layer.js' -> 'H:\coding\lms-platform\backend\node_modules\@koa\router\lib\layer.js.DELETE.c23836304ee8ab44fb7281993f86d310'
npm warn tar TAR_ENTRY_ERROR ENOENT: no such file or directory, rename 'H:\coding\lms-platform\backend\node_modules\koa-compress\README.md' -> 'H:\coding\lms-platform\backend\node_modules\koa-compress\README.md.DELETE.9bc24cab28db6ab8bfb8992be6bc8f8e'
npm warn tar TAR_ENTRY_ERROR ENOENT: no such file or directory, rename 'H:\coding\lms-platform\backend\node_modules\@rolldown\pluginutils\dist\index.d.ts' -> 'H:\coding\lms-platform\backend\node_modules\@rolldown\pluginutils\dist\index.d.ts.DELETE.3e6fe343e76e21e4287dc74ef1ec8448'
npm warn tar TAR_ENTRY_ERROR ENOENT: no such file or directory, rename 'H:\coding\lms-platform\backend\node_modules\markdown-it-container\package.json' -> 'H:\coding\lms-platform\backend\node_modules\markdown-it-container\package.json.DELETE.14ecae5d16d6d2f3ed9dc6c990ad2255'
npm warn tar TAR_ENTRY_ERROR ENOENT: no such file or directory, rename 'H:\coding\lms-platform\backend\node_modules\markdown-it-emoji\dist\markdown-it-emoji-bare.min.js' -> 'H:\coding\lms-platform\backend\node_modules\markdown-it-emoji\dist\markdown-it-emoji-bare.min.js.DELETE.e257d2fc8f568d66f8a057f5f169b145'
npm warn tar TAR_ENTRY_ERROR ENOENT: no such file or directory, rename 'H:\coding\lms-platform\backend\node_modules\@dnd-kit\modifiers\package.json' -> 'H:\coding\lms-platform\backend\node_modules\@dnd-kit\modifiers\package.json.DELETE.0ed252f32161ca8242543bab2f8fa3a6'
npm warn tar TAR_ENTRY_ERROR ENOENT: no such file or directory, rename 'H:\coding\lms-platform\backend\node_modules\core-js-pure\stage\3.js' -> 'H:\coding\lms-platform\backend\node_modules\core-js-pure\stage\3.js.DELETE.be41f5fa9fd9b7d84e59bf2039a5933b'
npm warn tar TAR_ENTRY_ERROR ENOENT: no such file or directory, rename 'H:\coding\lms-platform\backend\node_modules\markdown-it-mark\CHANGELOG.md' -> 'H:\coding\lms-platform\backend\node_modules\markdown-it-mark\CHANGELOG.md.DELETE.34b9aff940ba8945076d9acfa39ffb19'
npm warn tar TAR_ENTRY_ERROR ENOENT: no such file or directory, rename 'H:\coding\lms-platform\backend\node_modules\markdown-it-ins\CHANGELOG.md' -> 'H:\coding\lms-platform\backend\node_modules\markdown-it-ins\CHANGELOG.md.DELETE.fcd55b1fc73c50b3bd059adca0189c2c'
npm warn tar TAR_ENTRY_ERROR ENOENT: no such file or directory, rename 'H:\coding\lms-platform\backend\node_modules\@dnd-kit\accessibility\package.json' -> 'H:\coding\lms-platform\backend\node_modules\@dnd-kit\accessibility\package.json.DELETE.2c0a123447ca2ff3e2b9c6e9812aea11'
npm warn tar TAR_ENTRY_ERROR ENOENT: no such file or directory, rename 'H:\coding\lms-platform\backend\node_modules\source-map\lib\mapping-list.js' -> 'H:\coding\lms-platform\backend\node_modules\source-map\lib\mapping-list.js.DELETE.3e25b21be08446b17934688f9c77abd2'
npm warn tar TAR_ENTRY_ERROR ENOENT: no such file or directory, rename 'H:\coding\lms-platform\backend\node_modules\@radix-ui\number\dist\index.js.map' -> 'H:\coding\lms-platform\backend\node_modules\@radix-ui\number\dist\index.js.map.DELETE.e7b5815e08d305c274b7a3ee66767293'
npm warn tar TAR_ENTRY_ERROR ENOENT: no such file or directory, rename 'H:\coding\lms-platform\backend\node_modules\html-entities\dist\commonjs\named-references.js' -> 'H:\coding\lms-platform\backend\node_modules\html-entities\dist\commonjs\named-references.js.DELETE.826981b5dabdac0cf6f9b2316c3fb217'
npm warn tar TAR_ENTRY_ERROR ENOENT: no such file or directory, rename 'H:\coding\lms-platform\backend\node_modules\@radix-ui\react-visually-hidden\dist\index.js.map' -> 'H:\coding\lms-platform\backend\node_modules\@radix-ui\react-visually-hidden\dist\index.js.map.DELETE.00ed49e308430706583ac2cc47c79ba1'
npm warn tar TAR_ENTRY_ERROR ENOENT: no such file or directory, rename 'H:\coding\lms-platform\backend\node_modules\@radix-ui\react-portal\dist\index.js.map' -> 'H:\coding\lms-platform\backend\node_modules\@radix-ui\react-portal\dist\index.js.map.DELETE.15d8c9fdbeeb939efb95d50545c6d15f'
npm warn tar TAR_ENTRY_ERROR ENOENT: no such file or directory, rename 'H:\coding\lms-platform\backend\node_modules\@radix-ui\react-use-previous\dist\index.js.map' -> 'H:\coding\lms-platform\backend\node_modules\@radix-ui\react-use-previous\dist\index.js.map.DELETE.d207d0503e8bd7bf3f1d25b65013d0eb'
npm warn tar TAR_ENTRY_ERROR ENOENT: no such file or directory, rename 'H:\coding\lms-platform\backend\node_modules\@radix-ui\rect\dist\index.js.map' -> 'H:\coding\lms-platform\backend\node_modules\@radix-ui\rect\dist\index.js.map.DELETE.6b137d5eeceb4b39d4f3aba2082c8af5'
npm warn tar TAR_ENTRY_ERROR ENOENT: no such file or directory, rename 'H:\coding\lms-platform\backend\node_modules\@radix-ui\react-use-size\dist\index.js.map' -> 'H:\coding\lms-platform\backend\node_modules\@radix-ui\react-use-size\dist\index.js.map.DELETE.d3a5f9a3f310224d9a313f5fd0509c58'
npm warn tar TAR_ENTRY_ERROR ENOENT: no such file or directory, rename 'H:\coding\lms-platform\backend\node_modules\@radix-ui\react-presence\dist\index.js.map' -> 'H:\coding\lms-platform\backend\node_modules\@radix-ui\react-presence\dist\index.js.map.DELETE.80dbc4bb21f6ea24698509c1cfaa40c7'
npm warn tar TAR_ENTRY_ERROR ENOENT: no such file or directory, rename 'H:\coding\lms-platform\backend\node_modules\@radix-ui\react-arrow\dist\index.js.map' -> 'H:\coding\lms-platform\backend\node_modules\@radix-ui\react-arrow\dist\index.js.map.DELETE.4d0ba62367df434dd25e7435dd8ebe73'
npm warn tar TAR_ENTRY_ERROR ENOENT: no such file or directory, rename 'H:\coding\lms-platform\backend\node_modules\crelt\package.json' -> 'H:\coding\lms-platform\backend\node_modules\crelt\package.json.DELETE.d20c69573c25d71b0cd75c61165a19a1'
npm warn tar TAR_ENTRY_ERROR ENOENT: no such file or directory, rename 'H:\coding\lms-platform\backend\node_modules\@radix-ui\react-progress\dist\index.js.map' -> 'H:\coding\lms-platform\backend\node_modules\@radix-ui\react-progress\dist\index.js.map.DELETE.4fdb533ab619ba5afa6489b0aa04a77a'
npm warn tar TAR_ENTRY_ERROR ENOENT: no such file or directory, rename 'H:\coding\lms-platform\backend\node_modules\@radix-ui\react-switch\dist\index.js.map' -> 'H:\coding\lms-platform\backend\node_modules\@radix-ui\react-switch\dist\index.js.map.DELETE.94013f67e39fe0a9cf7a99a74d3227ca'
npm warn tar TAR_ENTRY_ERROR ENOENT: no such file or directory, rename 'H:\coding\lms-platform\backend\node_modules\@radix-ui\react-focus-guards\dist\index.js.map' -> 'H:\coding\lms-platform\backend\node_modules\@radix-ui\react-focus-guards\dist\index.js.map.DELETE.5f6279818bd1d178637c0ba9ccc3d6fd'
npm warn tar TAR_ENTRY_ERROR ENOENT: no such file or directory, rename 'H:\coding\lms-platform\backend\node_modules\debug\package.json' -> 'H:\coding\lms-platform\backend\node_modules\debug\package.json.DELETE.a437bdb9c732909ed4ef2ea41268ac6c'
npm warn tar TAR_ENTRY_ERROR ENOENT: no such file or directory, rename 'H:\coding\lms-platform\backend\node_modules\ws\lib\extension.js' -> 'H:\coding\lms-platform\backend\node_modules\ws\lib\extension.js.DELETE.68229bee5c715e696073fa4e53d762b4'
npm warn tar TAR_ENTRY_ERROR ENOENT: no such file or directory, rename 'H:\coding\lms-platform\backend\node_modules\@radix-ui\react-use-escape-keydown\dist\index.js.map' -> 'H:\coding\lms-platform\backend\node_modules\@radix-ui\react-use-escape-keydown\dist\index.js.map.DELETE.236b50f2814fd871e0cb4bc8935ef333'
npm warn tar TAR_ENTRY_ERROR ENOENT: no such file or directory, rename 'H:\coding\lms-platform\backend\node_modules\@radix-ui\react-avatar\dist\index.js.map' -> 'H:\coding\lms-platform\backend\node_modules\@radix-ui\react-avatar\dist\index.js.map.DELETE.eba49f6de7884e230c6841faa2dede7e'
npm warn tar TAR_ENTRY_ERROR ENOENT: no such file or directory, rename 'H:\coding\lms-platform\backend\node_modules\@codemirror\lang-json\README.md' -> 'H:\coding\lms-platform\backend\node_modules\@codemirror\lang-json\README.md.DELETE.b23644ca522ea818d1b67260d179b5b0'
npm warn tar TAR_ENTRY_ERROR ENOENT: no such file or directory, rename 'H:\coding\lms-platform\backend\node_modules\cli-table3\src\table.js' -> 'H:\coding\lms-platform\backend\node_modules\cli-table3\src\table.js.DELETE.c98cdce3a72b4ff555b31b26a9afb5d9'
npm warn tar TAR_ENTRY_ERROR ENOENT: no such file or directory, rename 'H:\coding\lms-platform\backend\node_modules\stream-chain\utils\fold.js' -> 'H:\coding\lms-platform\backend\node_modules\stream-chain\utils\fold.js.DELETE.13b5126e84778e8fb00ad701a0f162fa'
npm warn tar TAR_ENTRY_ERROR ENOENT: no such file or directory, rename 'H:\coding\lms-platform\backend\node_modules\@radix-ui\react-compose-refs\dist\index.mjs' -> 'H:\coding\lms-platform\backend\node_modules\@radix-ui\react-compose-refs\dist\index.mjs.DELETE.6fabc25a307768183faa7db27bd64f26'
npm warn tar TAR_ENTRY_ERROR ENOENT: no such file or directory, rename 'H:\coding\lms-platform\backend\node_modules\@babel\runtime\helpers\applyDecs.js' -> 'H:\coding\lms-platform\backend\node_modules\@babel\runtime\helpers\applyDecs.js.DELETE.e8e625dd5cea49b3cac678b8c067375d'
npm warn tar TAR_ENTRY_ERROR ENOENT: no such file or directory, rename 'H:\coding\lms-platform\backend\node_modules\@strapi\ui-primitives\dist\components\Collection.d.ts' -> 'H:\coding\lms-platform\backend\node_modules\@strapi\ui-primitives\dist\components\Collection.d.ts.DELETE.a13013edc1725c8de111b222bad40fec'
npm warn tar TAR_ENTRY_ERROR ENOENT: no such file or directory, rename 'H:\coding\lms-platform\backend\node_modules\@noble\hashes\_md.js' -> 'H:\coding\lms-platform\backend\node_modules\@noble\hashes\_md.js.DELETE.b13cf9849dae1ee823aafd6ec0b5b923'
npm warn tar TAR_ENTRY_ERROR ENOENT: no such file or directory, rename 'H:\coding\lms-platform\backend\node_modules\stream-json\Emitter.js' -> 'H:\coding\lms-platform\backend\node_modules\stream-json\Emitter.js.DELETE.3f82457020e3a8833826829b5e0d1586'
npm warn tar TAR_ENTRY_ERROR ENOENT: no such file or directory, rename 'H:\coding\lms-platform\backend\node_modules\@radix-ui\react-use-rect\dist\index.js.map' -> 'H:\coding\lms-platform\backend\node_modules\@radix-ui\react-use-rect\dist\index.js.map.DELETE.cdeeb112c155342c18af1ed5ff9726c2'
npm warn tar TAR_ENTRY_ERROR ENOENT: no such file or directory, rename 'H:\coding\lms-platform\backend\node_modules\lodash\_arrayEachRight.js' -> 'H:\coding\lms-platform\backend\node_modules\lodash\_arrayEachRight.js.DELETE.f021763d4819e2a069e0382b08f87c53'
npm warn tar TAR_ENTRY_ERROR EPERM: operation not permitted, unlink 'H:\coding\lms-platform\backend\node_modules\markdown-it\dist\markdown-it.min.js.DELETE.68598893f56d1846cb7566d1d723f3e2'
npm warn tar TAR_ENTRY_ERROR ENOENT: no such file or directory, rename 'H:\coding\lms-platform\backend\node_modules\@radix-ui\react-use-callback-ref\dist\index.mjs' -> 'H:\coding\lms-platform\backend\node_modules\@radix-ui\react-use-callback-ref\dist\index.mjs.DELETE.922d02138cd16ea822622a825bb25c89'
npm warn tar TAR_ENTRY_ERROR EPERM: operation not permitted, unlink 'H:\coding\lms-platform\backend\node_modules\helmet\README.md.DELETE.06f53d6a735a38cbdb499da4d819f2d7'
npm warn tar TAR_ENTRY_ERROR ENOENT: no such file or directory, rename 'H:\coding\lms-platform\backend\node_modules\react-query\dist\createWebStoragePersistor-experimental.production.min.js' -> 'H:\coding\lms-platform\backend\node_modules\react-query\dist\createWebStoragePersistor-experimental.production.min.js.DELETE.d8b4427f3f9670d2391672f1639189d7'
npm warn tar TAR_ENTRY_ERROR ENOENT: no such file or directory, rename 'H:\coding\lms-platform\backend\node_modules\@radix-ui\react-context\dist\index.js.map' -> 'H:\coding\lms-platform\backend\node_modules\@radix-ui\react-context\dist\index.js.map.DELETE.e421c170171c35b244f7a9d044256c47'
npm warn tar TAR_ENTRY_ERROR ENOENT: no such file or directory, rename 'H:\coding\lms-platform\backend\node_modules\liftoff\node_modules\is-plain-object\is-plain-object.d.ts' -> 'H:\coding\lms-platform\backend\node_modules\liftoff\node_modules\is-plain-object\is-plain-object.d.ts.DELETE.204ea219ef3ef5ad16bf1e6ab0ee5e29'
npm warn tar TAR_ENTRY_ERROR ENOENT: no such file or directory, rename 'H:\coding\lms-platform\backend\node_modules\@tokenizer\inflate\node_modules\debug\package.json' -> 'H:\coding\lms-platform\backend\node_modules\@tokenizer\inflate\node_modules\debug\package.json.DELETE.9729e466fdc484487e52ce6c56818922'
npm warn tar TAR_ENTRY_ERROR ENOENT: no such file or directory, rename 'H:\coding\lms-platform\backend\node_modules\send\node_modules\debug\package.json' -> 'H:\coding\lms-platform\backend\node_modules\send\node_modules\debug\package.json.DELETE.2c47c431a243e1005411073e15727147'
npm warn tar TAR_ENTRY_ERROR ENOENT: no such file or directory, rename 'H:\coding\lms-platform\backend\node_modules\router\node_modules\debug\package.json' -> 'H:\coding\lms-platform\backend\node_modules\router\node_modules\debug\package.json.DELETE.420b32569559312196cf78c3354ce5b6'
npm warn tar TAR_ENTRY_ERROR ENOENT: no such file or directory, rename 'H:\coding\lms-platform\backend\node_modules\body-parser\node_modules\debug\package.json' -> 'H:\coding\lms-platform\backend\node_modules\body-parser\node_modules\debug\package.json.DELETE.7ba8c37a9320532eb2dfea579db35443'
npm warn tar TAR_ENTRY_ERROR ENOENT: no such file or directory, rename 'H:\coding\lms-platform\backend\node_modules\fined\node_modules\is-plain-object\is-plain-object.d.ts' -> 'H:\coding\lms-platform\backend\node_modules\fined\node_modules\is-plain-object\is-plain-object.d.ts.DELETE.b01311e70f780cfbf2711046dcf8cbae'
npm warn tar TAR_ENTRY_ERROR ENOENT: no such file or directory, rename 'H:\coding\lms-platform\backend\node_modules\express\node_modules\debug\package.json' -> 'H:\coding\lms-platform\backend\node_modules\express\node_modules\debug\package.json.DELETE.6c9b7499bf97baf483d3fac819946d46'
npm warn tar TAR_ENTRY_ERROR ENOENT: no such file or directory, rename 'H:\coding\lms-platform\backend\node_modules\slate-react\node_modules\is-plain-object\is-plain-object.d.ts' -> 'H:\coding\lms-platform\backend\node_modules\slate-react\node_modules\is-plain-object\is-plain-object.d.ts.DELETE.b6dc858a822e0323dc47b85749045088'
npm warn tar TAR_ENTRY_ERROR ENOENT: no such file or directory, rename 'H:\coding\lms-platform\backend\node_modules\@radix-ui\react-arrow\node_modules\@radix-ui\react-slot\dist\index.js.map' -> 'H:\coding\lms-platform\backend\node_modules\@radix-ui\react-arrow\node_modules\@radix-ui\react-slot\dist\index.js.map.DELETE.a88d042b9679b9c28aa73ea7bfc5a979'
npm warn tar TAR_ENTRY_ERROR ENOENT: no such file or directory, rename 'H:\coding\lms-platform\backend\node_modules\@radix-ui\react-popper\node_modules\@radix-ui\react-slot\dist\index.js.map' -> 'H:\coding\lms-platform\backend\node_modules\@radix-ui\react-popper\node_modules\@radix-ui\react-slot\dist\index.js.map.DELETE.ab34ca8d259df81b627a9d9c8857f67e'
npm warn tar TAR_ENTRY_ERROR ENOENT: no such file or directory, rename 'H:\coding\lms-platform\backend\node_modules\slate-react\node_modules\tiny-invariant\dist\tiny-invariant.esm.js' -> 'H:\coding\lms-platform\backend\node_modules\slate-react\node_modules\tiny-invariant\dist\tiny-invariant.esm.js.DELETE.9f3b2f5babdaa296b983e7d96416e13d'
npm warn tar TAR_ENTRY_ERROR ENOENT: no such file or directory, rename 'H:\coding\lms-platform\backend\node_modules\@radix-ui\react-menu\node_modules\@radix-ui\react-compose-refs\dist\index.js.map' -> 'H:\coding\lms-platform\backend\node_modules\@radix-ui\react-menu\node_modules\@radix-ui\react-compose-refs\dist\index.js.map.DELETE.12cbae1d7237d45d1acafe30ae1f05e9'
npm warn tar TAR_ENTRY_ERROR ENOENT: no such file or directory, rename 'H:\coding\lms-platform\backend\node_modules\@strapi\ui-primitives\node_modules\@radix-ui\primitive\dist\index.js.map' -> 'H:\coding\lms-platform\backend\node_modules\@strapi\ui-primitives\node_modules\@radix-ui\primitive\dist\index.js.map.DELETE.89c1b94c8ccf8319b78696640c3b7d75'
npm warn tar TAR_ENTRY_ERROR ENOENT: no such file or directory, rename 'H:\coding\lms-platform\backend\node_modules\@radix-ui\react-portal\node_modules\@radix-ui\react-slot\dist\index.js.map' -> 'H:\coding\lms-platform\backend\node_modules\@radix-ui\react-portal\node_modules\@radix-ui\react-slot\dist\index.js.map.DELETE.7d8adbbf3af36fdbb69e36e74735c674'
npm warn tar TAR_ENTRY_ERROR ENOENT: no such file or directory, rename 'H:\coding\lms-platform\backend\node_modules\@radix-ui\react-menu\node_modules\@radix-ui\react-slot\dist\index.js.map' -> 'H:\coding\lms-platform\backend\node_modules\@radix-ui\react-menu\node_modules\@radix-ui\react-slot\dist\index.js.map.DELETE.0b660e8335c34091d0d5aa366ca7eef4'
npm warn tar TAR_ENTRY_ERROR ENOENT: no such file or directory, rename 'H:\coding\lms-platform\backend\node_modules\@radix-ui\react-tooltip\node_modules\@radix-ui\react-compose-refs\dist\index.js.map' -> 'H:\coding\lms-platform\backend\node_modules\@radix-ui\react-tooltip\node_modules\@radix-ui\react-compose-refs\dist\index.js.map.DELETE.b45a5f8b895dbc9ed0b471fceea336bf'
npm warn tar TAR_ENTRY_ERROR ENOENT: no such file or directory, rename 'H:\coding\lms-platform\backend\node_modules\@radix-ui\react-use-size\node_modules\@radix-ui\react-use-layout-effect\dist\index.js.map' -> 'H:\coding\lms-platform\backend\node_modules\@radix-ui\react-use-size\node_modules\@radix-ui\react-use-layout-effect\dist\index.js.map.DELETE.5370cdd443f3cc37d660b8e1f5359021'
npm warn tar TAR_ENTRY_ERROR ENOENT: no such file or directory, rename 'H:\coding\lms-platform\backend\node_modules\@radix-ui\react-tabs\node_modules\@radix-ui\react-use-callback-ref\dist\index.js.map' -> 'H:\coding\lms-platform\backend\node_modules\@radix-ui\react-tabs\node_modules\@radix-ui\react-use-callback-ref\dist\index.js.map.DELETE.e603201841c229fab4763f595dfa3e55'
npm warn tar TAR_ENTRY_ERROR ENOENT: no such file or directory, rename 'H:\coding\lms-platform\backend\node_modules\@radix-ui\react-tooltip\node_modules\@radix-ui\react-use-layout-effect\dist\index.js.map' -> 'H:\coding\lms-platform\backend\node_modules\@radix-ui\react-tooltip\node_modules\@radix-ui\react-use-layout-effect\dist\index.js.map.DELETE.40ed745f209f286eebd0001e1474f329'
npm warn tar TAR_ENTRY_ERROR ENOENT: no such file or directory, rename 'H:\coding\lms-platform\backend\node_modules\@radix-ui\react-collapsible\node_modules\@radix-ui\primitive\dist\index.js.map' -> 'H:\coding\lms-platform\backend\node_modules\@radix-ui\react-collapsible\node_modules\@radix-ui\primitive\dist\index.js.map.DELETE.0d0762d1496aed464d5d8dbdbb41437d'
npm warn tar TAR_ENTRY_ERROR ENOENT: no such file or directory, rename 'H:\coding\lms-platform\backend\node_modules\@radix-ui\react-menu\node_modules\@radix-ui\react-id\dist\index.js.map' -> 'H:\coding\lms-platform\backend\node_modules\@radix-ui\react-menu\node_modules\@radix-ui\react-id\dist\index.js.map.DELETE.ffc55b36fb0904c406fe8ea3b63d85a8'
npm warn tar TAR_ENTRY_ERROR ENOENT: no such file or directory, rename 'H:\coding\lms-platform\backend\node_modules\@radix-ui\react-tabs\node_modules\@radix-ui\react-slot\dist\index.js.map' -> 'H:\coding\lms-platform\backend\node_modules\@radix-ui\react-tabs\node_modules\@radix-ui\react-slot\dist\index.js.map.DELETE.bd477abc05586725f4354998e1835dba'
npm warn tar TAR_ENTRY_ERROR ENOENT: no such file or directory, rename 'H:\coding\lms-platform\backend\node_modules\@strapi\ui-primitives\node_modules\@radix-ui\react-direction\dist\index.js.map' -> 'H:\coding\lms-platform\backend\node_modules\@strapi\ui-primitives\node_modules\@radix-ui\react-direction\dist\index.js.map.DELETE.d01ff50aba8381712a7528b73bab3eaa'
npm warn tar TAR_ENTRY_ERROR ENOENT: no such file or directory, rename 'H:\coding\lms-platform\backend\node_modules\@radix-ui\react-menu\node_modules\@radix-ui\react-primitive\dist\index.js.map' -> 'H:\coding\lms-platform\backend\node_modules\@radix-ui\react-menu\node_modules\@radix-ui\react-primitive\dist\index.js.map.DELETE.27f089d5a2b69abd596743e4037dba05'
npm warn tar TAR_ENTRY_ERROR ENOENT: no such file or directory, rename 'H:\coding\lms-platform\backend\node_modules\@radix-ui\react-switch\node_modules\@radix-ui\react-slot\dist\index.js.map' -> 'H:\coding\lms-platform\backend\node_modules\@radix-ui\react-switch\node_modules\@radix-ui\react-slot\dist\index.js.map.DELETE.2722bc479d28c32a295903f63ad37777'
npm warn tar TAR_ENTRY_ERROR ENOENT: no such file or directory, rename 'H:\coding\lms-platform\backend\node_modules\@radix-ui\react-tabs\node_modules\@radix-ui\react-use-layout-effect\dist\index.js.map' -> 'H:\coding\lms-platform\backend\node_modules\@radix-ui\react-tabs\node_modules\@radix-ui\react-use-layout-effect\dist\index.js.map.DELETE.bac41e0780fddf38d301d695c6286ce1'
npm warn tar TAR_ENTRY_ERROR ENOENT: no such file or directory, rename 'H:\coding\lms-platform\backend\node_modules\@radix-ui\react-tabs\node_modules\@radix-ui\react-use-controllable-state\dist\index.js.map' -> 'H:\coding\lms-platform\backend\node_modules\@radix-ui\react-tabs\node_modules\@radix-ui\react-use-controllable-state\dist\index.js.map.DELETE.e05a7b2d9f41d8f992d745fb48b12568'
npm warn tar TAR_ENTRY_ERROR ENOENT: no such file or directory, rename 'H:\coding\lms-platform\backend\node_modules\@radix-ui\react-radio-group\node_modules\@radix-ui\react-slot\dist\index.js.map' -> 'H:\coding\lms-platform\backend\node_modules\@radix-ui\react-radio-group\node_modules\@radix-ui\react-slot\dist\index.js.map.DELETE.a229dd64ce2a272840b6c6fba3943896'
npm warn tar TAR_ENTRY_ERROR ENOENT: no such file or directory, rename 'H:\coding\lms-platform\backend\node_modules\@radix-ui\react-radio-group\node_modules\@radix-ui\primitive\dist\index.js.map' -> 'H:\coding\lms-platform\backend\node_modules\@radix-ui\react-radio-group\node_modules\@radix-ui\primitive\dist\index.js.map.DELETE.75789f8b0a60a2f5d27ff9511b1c0848'
npm warn tar TAR_ENTRY_ERROR ENOENT: no such file or directory, rename 'H:\coding\lms-platform\backend\node_modules\@radix-ui\react-portal\node_modules\@radix-ui\react-primitive\dist\index.js.map' -> 'H:\coding\lms-platform\backend\node_modules\@radix-ui\react-portal\node_modules\@radix-ui\react-primitive\dist\index.js.map.DELETE.48f73c0d2c467c901ea436f5e621aeec'
npm warn tar TAR_ENTRY_ERROR ENOENT: no such file or directory, rename 'H:\coding\lms-platform\backend\node_modules\@radix-ui\react-popper\node_modules\@radix-ui\react-use-layout-effect\dist\index.js.map' -> 'H:\coding\lms-platform\backend\node_modules\@radix-ui\react-popper\node_modules\@radix-ui\react-use-layout-effect\dist\index.js.map.DELETE.90903b8c442ffbb9e9bd08a4a4f95c39'
npm warn tar TAR_ENTRY_ERROR ENOENT: no such file or directory, rename 'H:\coding\lms-platform\backend\node_modules\@radix-ui\react-radio-group\node_modules\@radix-ui\react-use-controllable-state\dist\index.js.map' -> 'H:\coding\lms-platform\backend\node_modules\@radix-ui\react-radio-group\node_modules\@radix-ui\react-use-controllable-state\dist\index.js.map.DELETE.6d46e2dd98101da3d543cbf256e434f1'
npm warn tar TAR_ENTRY_ERROR EPERM: operation not permitted, unlink 'H:\coding\lms-platform\backend\node_modules\lunr\lunr.min.js.DELETE.d7685d0b8921fb4e82459c5be4bddeeb'
npm warn tar TAR_ENTRY_ERROR EPERM: operation not permitted, unlink 'H:\coding\lms-platform\backend\node_modules\@formatjs\intl-displaynames\locale-data\am.js.DELETE.ccc2d5f3331abe1de0d7c1a0b3031413'
npm warn tar TAR_ENTRY_ERROR UNKNOWN: unknown error, open 'H:\coding\lms-platform\backend\node_modules\immediate\lib\browser.js'
npm warn tar TAR_ENTRY_ERROR UNKNOWN: unknown error, open 'H:\coding\lms-platform\backend\node_modules\lru-memoizer\test\lru-memoizer.bypass.test.js'
npm warn tar TAR_ENTRY_ERROR UNKNOWN: unknown error, open 'H:\coding\lms-platform\backend\node_modules\chardet\lib\index.js'
npm warn tar TAR_ENTRY_ERROR UNKNOWN: unknown error, open 'H:\coding\lms-platform\backend\node_modules\delayed-stream\lib\delayed_stream.js'
npm warn tar TAR_ENTRY_ERROR ENOENT: no such file or directory, rename 'H:\coding\lms-platform\backend\node_modules\define-data-property\package.json' -> 'H:\coding\lms-platform\backend\node_modules\define-data-property\package.json.DELETE.8147c69b1494df96b1510d2140e6598a'
npm warn tar TAR_ENTRY_ERROR UNKNOWN: unknown error, open 'H:\coding\lms-platform\backend\node_modules\spawn-command\examples\simple.js'
npm warn tar TAR_ENTRY_ERROR UNKNOWN: unknown error, open 'H:\coding\lms-platform\backend\node_modules\hoist-non-react-statics\CHANGELOG.md'
npm warn tar TAR_ENTRY_ERROR ENOENT: no such file or directory, rename 'H:\coding\lms-platform\backend\node_modules\terser\tools\props.html' -> 'H:\coding\lms-platform\backend\node_modules\terser\tools\props.html.DELETE.88e83f0d90c71be47faee6b287078b48'
npm warn tar TAR_ENTRY_ERROR ENOENT: no such file or directory, rename 'H:\coding\lms-platform\backend\node_modules\update-browserslist-db\README.md' -> 'H:\coding\lms-platform\backend\node_modules\update-browserslist-db\README.md.DELETE.8712495b108f824f613dc41cd5c47aa0'
npm warn tar TAR_ENTRY_ERROR ENOENT: no such file or directory, rename 'H:\coding\lms-platform\backend\node_modules\@codemirror\theme-one-dark\CHANGELOG.md' -> 'H:\coding\lms-platform\backend\node_modules\@codemirror\theme-one-dark\CHANGELOG.md.DELETE.bd621be90129ab8fd097e682ae89dcae'
npm warn tar TAR_ENTRY_ERROR UNKNOWN: unknown error, open 'H:\coding\lms-platform\backend\node_modules\@colors\colors\themes\generic-logging.js'
npm warn tar TAR_ENTRY_ERROR UNKNOWN: unknown error, open 'H:\coding\lms-platform\backend\node_modules\jscodeshift\dist\argsParser.js'
npm warn tar TAR_ENTRY_ERROR ENOENT: no such file or directory, rename 'H:\coding\lms-platform\backend\node_modules\get-intrinsic\package.json' -> 'H:\coding\lms-platform\backend\node_modules\get-intrinsic\package.json.DELETE.140c17e508f04f40bb2123e6176f65c5'
npm warn tar TAR_ENTRY_ERROR ENOENT: no such file or directory, rename 'H:\coding\lms-platform\backend\node_modules\postcss-value-parser\lib\walk.js' -> 'H:\coding\lms-platform\backend\node_modules\postcss-value-parser\lib\walk.js.DELETE.73ec9ba4b8c5161a5bba1bc922346821'
npm warn tar TAR_ENTRY_ERROR ENOENT: no such file or directory, rename 'H:\coding\lms-platform\backend\node_modules\@strapi\provider-email-sendmail\package.json' -> 'H:\coding\lms-platform\backend\node_modules\@strapi\provider-email-sendmail\package.json.DELETE.c3b4cfd9c6128f9efb2b1021a88ac1b8'
npm warn tar TAR_ENTRY_ERROR ENOENT: no such file or directory, rename 'H:\coding\lms-platform\backend\node_modules\json-schema-traverse\README.md' -> 'H:\coding\lms-platform\backend\node_modules\json-schema-traverse\README.md.DELETE.3811c6d9929fbc5c3a6ec07945e0c25f'
npm warn tar TAR_ENTRY_ERROR ENOENT: no such file or directory, rename 'H:\coding\lms-platform\backend\node_modules\@radix-ui\react-popper\dist\index.js.map' -> 'H:\coding\lms-platform\backend\node_modules\@radix-ui\react-popper\dist\index.js.map.DELETE.8794af49f8bf77689ebcb8a9cbe52204'
npm warn tar TAR_ENTRY_ERROR ENOENT: no such file or directory, rename 'H:\coding\lms-platform\backend\node_modules\@radix-ui\react-tabs\dist\index.js.map' -> 'H:\coding\lms-platform\backend\node_modules\@radix-ui\react-tabs\dist\index.js.map.DELETE.2372a9ecda347af66c8f0c20a12be5ce'
npm warn tar TAR_ENTRY_ERROR ENOENT: no such file or directory, rename 'H:\coding\lms-platform\backend\node_modules\@radix-ui\react-radio-group\dist\index.js.map' -> 'H:\coding\lms-platform\backend\node_modules\@radix-ui\react-radio-group\dist\index.js.map.DELETE.35065cf041ba89af7774b2ae861484ce'
npm warn tar TAR_ENTRY_ERROR ENOENT: no such file or directory, rename 'H:\coding\lms-platform\backend\node_modules\@radix-ui\react-dismissable-layer\dist\index.js.map' -> 'H:\coding\lms-platform\backend\node_modules\@radix-ui\react-dismissable-layer\dist\index.js.map.DELETE.4a420e5ea0247c54cf43746a42ce5fe1'
npm warn tar TAR_ENTRY_ERROR EPERM: operation not permitted, unlink 'H:\coding\lms-platform\backend\node_modules\@radix-ui\react-dropdown-menu\dist\index.js.map.DELETE.7fd95ca02ad929a9c08c5495a60dd171'
npm warn tar TAR_ENTRY_ERROR ENOENT: no such file or directory, rename 'H:\coding\lms-platform\backend\node_modules\dotenv\package.json' -> 'H:\coding\lms-platform\backend\node_modules\dotenv\package.json.DELETE.ef6c4b322f3408e0c641c7dd438334ef'
npm warn tar TAR_ENTRY_ERROR ENOENT: no such file or directory, rename 'H:\coding\lms-platform\backend\node_modules\express-rate-limit\dist\index.mjs' -> 'H:\coding\lms-platform\backend\node_modules\express-rate-limit\dist\index.mjs.DELETE.e054a1e816ad02b87784b580334c67a4'
npm warn tar TAR_ENTRY_ERROR EPERM: operation not permitted, unlink 'H:\coding\lms-platform\backend\node_modules\json-logic-js\package.json.DELETE.5e99f8858555ec494b68bdf969fed481'
npm warn tar TAR_ENTRY_ERROR EPERM: operation not permitted, unlink 'H:\coding\lms-platform\backend\node_modules\zod\v4\locales\be.cjs.DELETE.7f0152b26de68a9eefcde30d27ccc1e3'
npm warn tar TAR_ENTRY_ERROR ENOENT: no such file or directory, rename 'H:\coding\lms-platform\backend\node_modules\@radix-ui\react-collapsible\dist\index.js.map' -> 'H:\coding\lms-platform\backend\node_modules\@radix-ui\react-collapsible\dist\index.js.map.DELETE.8de3d63590865802828503e6f130afeb'
npm warn tar TAR_ENTRY_ERROR ENOENT: no such file or directory, rename 'H:\coding\lms-platform\backend\node_modules\@radix-ui\react-checkbox\dist\index.js.map' -> 'H:\coding\lms-platform\backend\node_modules\@radix-ui\react-checkbox\dist\index.js.map.DELETE.5dcdbe6f031c563fc971e449ef1c9b9f'
npm warn deprecated rimraf@3.0.2: Rimraf versions prior to v4 are no longer supported
npm warn tar TAR_ENTRY_ERROR EPERM: operation not permitted, unlink 'H:\coding\lms-platform\backend\node_modules\http-assert\node_modules\depd\lib\browser\index.js.DELETE.dabf0b5da4b2bfab4fdaa1885ac7541d'
npm warn tar TAR_ENTRY_ERROR ENOENT: no such file or directory, rename 'H:\coding\lms-platform\backend\node_modules\@strapi\icons\dist\icons\Archive.d.ts.map' -> 'H:\coding\lms-platform\backend\node_modules\@strapi\icons\dist\icons\Archive.d.ts.map.DELETE.1e02c56ab30fe67f0f10208e8398b600'
npm warn tar TAR_ENTRY_ERROR EPERM: operation not permitted, unlink 'H:\coding\lms-platform\backend\node_modules\@webassemblyjs\ast\lib\clone.js.DELETE.434cd29bdb9ac07dd641dd4dd67dee85'
npm warn tar TAR_ENTRY_ERROR EPERM: operation not permitted, unlink 'H:\coding\lms-platform\backend\node_modules\@webassemblyjs\wasm-gen\lib\index.js.DELETE.9952d784a2a4b2e29f3e344978411401'
npm warn tar TAR_ENTRY_ERROR ENOENT: no such file or directory, rename 'H:\coding\lms-platform\backend\node_modules\@strapi\design-system\node_modules\@internationalized\date\dist\conversion.main.js' -> 'H:\coding\lms-platform\backend\node_modules\@strapi\design-system\node_modules\@internationalized\date\dist\conversion.main.js.DELETE.41644446986842d680368889da00dc9e'
